mtllib SakuraSquishyBun.mtl
o Body
g Body
usemtl Body
v 0 -7.1525572131747595e-9 0
v 0 -7.1525572131747595e-9 0.17000000178813934
v 0 0.0130000039935112 0.2980000078678131
v 0 0.05099999159574509 0.3919999897480011
v 0 0.10700000077486038 0.4519999921321869
v 0 0.17900000512599945 0.4869999885559082
v 0 0.26500001549720764 0.5033164620399475
v 0 0.3530000150203705 0.5056836605072021
v 0 0.4309999942779541 0.4823964834213257
v 0 0.49900001287460327 0.4357045888900757
v 0 0.5529999732971191 0.3683837354183197
v 0 0.5929999947547913 0.288151353597641
v 0 0.6209999918937683 0.1998562216758728
v 0 0.6389999985694885 0.11377380043268204
v 0 0.6470000147819519 0.04340000078082085
v 0 -7.1525572131747595e-9 0
v 0.01666291430592537 -7.1525572131747595e-9 0.16918140649795532
v 0.029209107160568237 0.0130000039935112 0.29656505584716797
v 0.03842271864414215 0.05099999159574509 0.39011240005493164
v 0.04430374875664711 0.10700000077486038 0.4498234987258911
v 0.047734346240758896 0.17900000512599945 0.48465496301651
v 0.0490085706114769 0.26500001549720764 0.49759235978126526
v 0.04822443425655365 0.3530000150203705 0.48963087797164917
v 0.04528391733765602 0.4309999942779541 0.4597753584384918
v 0.04038306325674057 0.49900001287460327 0.41001611948013306
v 0.033815912902355194 0.5529999732971191 0.3433387279510498
v 0.026268593966960907 0.5929999947547913 0.26670950651168823
v 0.018133170902729034 0.6209999918937683 0.1841091811656952
v 0.010291799902915955 0.6389999985694885 0.10449439287185669
v 0.00392068549990654 0.6470000147819519 0.03980739042162895
v 0 -7.1525572131747595e-9 0
v 0.033165354281663895 -7.1525572131747595e-9 0.1667335033416748
v 0.058136917650699615 0.0130000039935112 0.29227402806282043
v 0.07647540420293808 0.05099999159574509 0.38446784019470215
v 0.08818082511425018 0.10700000077486038 0.44331493973731995
v 0.095008984208107 0.17900000512599945 0.4776424169540405
v 0.096898153424263 0.26500001549720764 0.48713991045951843
v 0.09331488609313965 0.3530000150203705 0.4691256284713745
v 0.0861525759100914 0.4309999942779541 0.4331182539463043
v 0.07575267553329468 0.49900001287460327 0.3808344304561615
v 0.06274422258138657 0.5529999732971191 0.3154364824295044
v 0.04835287481546402 0.5929999947547913 0.2430863231420517
v 0.03319340571761131 0.6209999918937683 0.16687451303005219
v 0.018772801384329796 0.6389999985694885 0.09437723457813263
v 0.007140305824577808 0.6470000147819519 0.03589674085378647
v 0 -7.1525572131747595e-9 0
v 0.04934839531779289 -7.1525572131747595e-9 0.16267985105514526
v 0.08650483191013336 0.0130000039935112 0.28516823053359985
v 0.11379159241914749 0.05099999159574509 0.375120609998703
v 0.13120867311954498 0.10700000077486038 0.4325370192527771
v 0.14136864244937897 0.17900000512599945 0.46602994203567505
v 0.1451423317193985 0.26500001549720764 0.47847017645835876
v 0.1428200602531433 0.3530000150203705 0.47081464529037476
v 0.13411152362823486 0.4309999942779541 0.4421064257621765
v 0.11959728598594666 0.49900001287460327 0.39425942301750183
v 0.10014821588993073 0.5529999732971191 0.33014440536499023
v 0.07779629528522491 0.5929999947547913 0.2564600110054016
v 0.053702663630247116 0.6209999918937683 0.17703396081924438
v 0.03047989122569561 0.6389999985694885 0.10047873854637146
v 0.011611387133598328 0.6470000147819519 0.03827761486172676
v 0 -7.1525572131747595e-9 0
v 0.06505618244409561 -7.1525572131747595e-9 0.15705952048301697
v 0.11403965950012207 0.0130000039935112 0.2753160893917084
v 0.15001191198825836 0.05099999159574509 0.3621607720851898
v 0.1729729175567627 0.10700000077486038 0.4175935387611389
v 0.18636682629585266 0.17900000512599945 0.4499293267726898
v 0.19261085987091064 0.26500001549720764 0.46500375866889954
v 0.19351676106452942 0.3530000150203705 0.46719077229499817
v 0.18460513651371002 0.4309999942779541 0.44567620754241943
v 0.16673694550991058 0.49900001287460327 0.40253856778144836
v 0.14097434282302856 0.5529999732971191 0.3403421938419342
v 0.11027073860168457 0.5929999947547913 0.2662171423435211
v 0.0764816626906395 0.6209999918937683 0.18464307487010956
v 0.04353934898972511 0.6389999985694885 0.10511328279972076
v 0.016608459874987602 0.6470000147819519 0.04009637236595154
v 0 -7.1525572131747595e-9 0
v 0.08013744652271271 -7.1525572131747595e-9 0.14992661774158478
v 0.14047622680664062 0.0130000039935112 0.2628125250339508
v 0.18478752672672272 0.05099999159574509 0.34571313858032227
v 0.2130713313817978 0.10700000077486038 0.3986284136772156
v 0.229570209980011 0.17900000512599945 0.4294956624507904
v 0.2356983721256256 0.26500001549720764 0.4409606456756592
v 0.23192720115184784 0.3530000150203705 0.4339052736759186
v 0.2177852988243103 0.4309999942779541 0.4074476361274719
v 0.19421546161174774 0.49900001287460327 0.3633515536785126
v 0.16263186931610107 0.5529999732971191 0.30426284670829773
v 0.1263343244791031 0.5929999947547913 0.23635490238666534
v 0.08720839768648148 0.6209999918937683 0.1631554365158081
v 0.04949665814638138 0.6389999985694885 0.0926017314195633
v 0.01885586977005005 0.6470000147819519 0.03527684882283211
v 0 -7.1525572131747595e-9 0
v 0.09444694221019745 -7.1525572131747595e-9 0.14134983718395233
v 0.16555993258953094 0.0130000039935112 0.24777793884277344
v 0.21778352558612823 0.05099999159574509 0.32593607902526855
v 0.2511177361011505 0.10700000077486038 0.3758242726325989
v 0.27056270837783813 0.17900000512599945 0.40492570400238037
v 0.2759425938129425 0.26500001549720764 0.41297727823257446
v 0.265738308429718 0.3530000150203705 0.3977054953575134
v 0.24534179270267487 0.4309999942779541 0.3671799302101135
v 0.2157253623008728 0.49900001287460327 0.3228558301925659
v 0.178680419921875 0.5529999732971191 0.2674141526222229
v 0.13769733905792236 0.5929999947547913 0.2060786336660385
v 0.09452681988477707 0.6209999918937683 0.14146938920021057
v 0.053460411727428436 0.6389999985694885 0.08000916242599487
v 0.020333871245384216 0.6470000147819519 0.03043178841471672
v 0 -7.1525572131747595e-9 0
v 0.10784685611724854 -7.1525572131747595e-9 0.13141177594661713
v 0.18904919922351837 0.0130000039935112 0.2303571105003357
v 0.2486821711063385 0.05099999159574509 0.30302008986473083
v 0.28674575686454773 0.10700000077486038 0.34940072894096375
v 0.3089495301246643 0.17900000512599945 0.376456081867218
v 0.31719663739204407 0.26500001549720764 0.38650521636009216
v 0.31212151050567627 0.3530000150203705 0.3803211450576782
v 0.29308968782424927 0.4309999942779541 0.35713082551956177
v 0.2613700330257416 0.49900001287460327 0.31848031282424927
v 0.21886567771434784 0.5529999732971191 0.26668861508369446
v 0.17001740634441376 0.5929999947547913 0.20716680586338043
v 0.11736276000738144 0.6209999918937683 0.14300693571567535
v 0.06661129742860794 0.6389999985694885 0.0811660960316658
v 0.02537573128938675 0.6470000147819519 0.030920417979359627
v 0 -7.1525572131747595e-9 0
v 0.12020815163850784 -7.1525572131747595e-9 0.12020815163850784
v 0.2107178270816803 0.0130000039935112 0.2107178270816803
v 0.27718585729599 0.05099999159574509 0.27718585729599
v 0.3196122646331787 0.10700000077486038 0.3196122646331787
v 0.34436100721359253 0.17900000512599945 0.34436100721359253
v 0.3558984696865082 0.26500001549720764 0.3558984696865082
v 0.3575723469257355 0.3530000150203705 0.3575723469257355
v 0.3411058187484741 0.4309999942779541 0.3411058187484741
v 0.3080896735191345 0.49900001287460327 0.3080896735191345
v 0.2604866325855255 0.5529999732971191 0.2604866325855255
v 0.2037537693977356 0.5929999947547913 0.2037537693977356
v 0.14131969213485718 0.6209999918937683 0.14131969213485718
v 0.08045022934675217 0.6389999985694885 0.08045022934675217
v 0.030688432976603508 0.6470000147819519 0.030688432976603508
v 0 -7.1525572131747595e-9 0
v 0.13141177594661713 -7.1525572131747595e-9 0.10784685611724854
v 0.2303571105003357 0.0130000039935112 0.18904919922351837
v 0.30302008986473083 0.05099999159574509 0.2486821711063385
v 0.34940072894096375 0.10700000077486038 0.28674575686454773
v 0.376456081867218 0.17900000512599945 0.3089495301246643
v 0.38650521636009216 0.26500001549720764 0.31719663739204407
v 0.3803211450576782 0.3530000150203705 0.31212151050567627
v 0.35713082551956177 0.4309999942779541 0.29308968782424927
v 0.31848031282424927 0.49900001287460327 0.2613700330257416
v 0.26668861508369446 0.5529999732971191 0.21886567771434784
v 0.20716680586338043 0.5929999947547913 0.17001740634441376
v 0.14300693571567535 0.6209999918937683 0.11736276000738144
v 0.0811660960316658 0.6389999985694885 0.06661129742860794
v 0.030920417979359627 0.6470000147819519 0.02537573128938675
v 0 -7.1525572131747595e-9 0
v 0.14134983718395233 -7.1525572131747595e-9 0.09444694221019745
v 0.24777793884277344 0.0130000039935112 0.16555993258953094
v 0.32593607902526855 0.05099999159574509 0.21778352558612823
v 0.3758242726325989 0.10700000077486038 0.2511177361011505
v 0.40492570400238037 0.17900000512599945 0.27056270837783813
v 0.41297727823257446 0.26500001549720764 0.2759425938129425
v 0.3977054953575134 0.3530000150203705 0.265738308429718
v 0.3671799302101135 0.4309999942779541 0.24534179270267487
v 0.3228558301925659 0.49900001287460327 0.2157253623008728
v 0.2674141526222229 0.5529999732971191 0.178680419921875
v 0.2060786336660385 0.5929999947547913 0.13769733905792236
v 0.14146938920021057 0.6209999918937683 0.09452681988477707
v 0.08000916242599487 0.6389999985694885 0.053460411727428436
v 0.03043178841471672 0.6470000147819519 0.020333871245384216
v 0 -7.1525572131747595e-9 0
v 0.14992661774158478 -7.1525572131747595e-9 0.08013744652271271
v 0.2628125250339508 0.0130000039935112 0.14047622680664062
v 0.34571313858032227 0.05099999159574509 0.18478752672672272
v 0.3986284136772156 0.10700000077486038 0.2130713313817978
v 0.4294956624507904 0.17900000512599945 0.229570209980011
v 0.4409606456756592 0.26500001549720764 0.2356983721256256
v 0.4339052736759186 0.3530000150203705 0.23192720115184784
v 0.4074476361274719 0.4309999942779541 0.2177852988243103
v 0.3633515536785126 0.49900001287460327 0.19421546161174774
v 0.30426284670829773 0.5529999732971191 0.16263186931610107
v 0.23635490238666534 0.5929999947547913 0.1263343244791031
v 0.1631554365158081 0.6209999918937683 0.08720839768648148
v 0.0926017314195633 0.6389999985694885 0.04949665814638138
v 0.03527684882283211 0.6470000147819519 0.01885586977005005
v 0 -7.1525572131747595e-9 0
v 0.15705952048301697 -7.1525572131747595e-9 0.06505618244409561
v 0.2753160893917084 0.0130000039935112 0.11403965950012207
v 0.3621607720851898 0.05099999159574509 0.15001191198825836
v 0.4175935387611389 0.10700000077486038 0.1729729175567627
v 0.4499293267726898 0.17900000512599945 0.18636682629585266
v 0.46500375866889954 0.26500001549720764 0.19261085987091064
v 0.46719077229499817 0.3530000150203705 0.19351676106452942
v 0.44567620754241943 0.4309999942779541 0.18460513651371002
v 0.40253856778144836 0.49900001287460327 0.16673694550991058
v 0.3403421938419342 0.5529999732971191 0.14097434282302856
v 0.2662171423435211 0.5929999947547913 0.11027073860168457
v 0.18464307487010956 0.6209999918937683 0.0764816626906395
v 0.10511328279972076 0.6389999985694885 0.04353934898972511
v 0.04009637236595154 0.6470000147819519 0.016608459874987602
v 0 -7.1525572131747595e-9 0
v 0.16267985105514526 -7.1525572131747595e-9 0.04934839531779289
v 0.28516823053359985 0.0130000039935112 0.08650483191013336
v 0.375120609998703 0.05099999159574509 0.11379159241914749
v 0.4325370192527771 0.10700000077486038 0.13120867311954498
v 0.46602994203567505 0.17900000512599945 0.14136864244937897
v 0.47847017645835876 0.26500001549720764 0.1451423317193985
v 0.47081464529037476 0.3530000150203705 0.1428200602531433
v 0.4421064257621765 0.4309999942779541 0.13411152362823486
v 0.39425942301750183 0.49900001287460327 0.11959728598594666
v 0.33014440536499023 0.5529999732971191 0.10014821588993073
v 0.2564600110054016 0.5929999947547913 0.07779629528522491
v 0.17703396081924438 0.6209999918937683 0.053702663630247116
v 0.10047873854637146 0.6389999985694885 0.03047989122569561
v 0.03827761486172676 0.6470000147819519 0.011611387133598328
v 0 -7.1525572131747595e-9 0
v 0.1667335033416748 -7.1525572131747595e-9 0.033165354281663895
v 0.29227402806282043 0.0130000039935112 0.058136917650699615
v 0.38446784019470215 0.05099999159574509 0.07647540420293808
v 0.44331493973731995 0.10700000077486038 0.08818082511425018
v 0.4776424169540405 0.17900000512599945 0.095008984208107
v 0.48713991045951843 0.26500001549720764 0.096898153424263
v 0.4691256284713745 0.3530000150203705 0.09331488609313965
v 0.4331182539463043 0.4309999942779541 0.0861525759100914
v 0.3808344304561615 0.49900001287460327 0.07575267553329468
v 0.3154364824295044 0.5529999732971191 0.06274422258138657
v 0.2430863231420517 0.5929999947547913 0.04835287481546402
v 0.16687451303005219 0.6209999918937683 0.03319340571761131
v 0.09437723457813263 0.6389999985694885 0.018772801384329796
v 0.03589674085378647 0.6470000147819519 0.007140305824577808
v 0 -7.1525572131747595e-9 0
v 0.16918140649795532 -7.1525572131747595e-9 0.01666291430592537
v 0.29656505584716797 0.0130000039935112 0.029209107160568237
v 0.39011240005493164 0.05099999159574509 0.03842271864414215
v 0.4498234987258911 0.10700000077486038 0.04430374875664711
v 0.48465496301651 0.17900000512599945 0.047734346240758896
v 0.49759235978126526 0.26500001549720764 0.0490085706114769
v 0.48963087797164917 0.3530000150203705 0.04822443425655365
v 0.4597753584384918 0.4309999942779541 0.04528391733765602
v 0.41001611948013306 0.49900001287460327 0.04038306325674057
v 0.3433387279510498 0.5529999732971191 0.033815912902355194
v 0.26670950651168823 0.5929999947547913 0.026268593966960907
v 0.1841091811656952 0.6209999918937683 0.018133170902729034
v 0.10449439287185669 0.6389999985694885 0.010291799902915955
v 0.03980739042162895 0.6470000147819519 0.00392068549990654
v 0 -7.1525572131747595e-9 0
v 0.17000000178813934 -7.1525572131747595e-9 1.0409498081537804e-17
v 0.2980000078678131 0.0130000039935112 1.8247237044727817e-17
v 0.3919999897480011 0.05099999159574509 2.4003077384227004e-17
v 0.4519999921321869 0.10700000077486038 2.7677018272854752e-17
v 0.4869999885559082 0.17900000512599945 2.9820148941389816e-17
v 0.5033164620399475 0.26500001549720764 3.0819244155010965e-17
v 0.5056836605072021 0.3530000150203705 3.0964192668109857e-17
v 0.4823964834213257 0.4309999942779541 2.9538265640966446e-17
v 0.4357045888900757 0.49900001287460327 2.6679211806627962e-17
v 0.3683837354183197 0.5529999732971191 2.2556998583000576e-17
v 0.288151353597641 0.5929999947547913 1.7644181019146032e-17
v 0.1998562216758728 0.6209999918937683 1.2237664015411664e-17
v 0.11377380043268204 0.6389999985694885 6.966635887291032e-18
v 0.04340000078082085 0.6470000147819519 2.6574835675394183e-18
v 0 -7.1525572131747595e-9 0
v 0.16918140649795532 -7.1525572131747595e-9 -0.01666291430592537
v 0.29656505584716797 0.0130000039935112 -0.029209107160568237
v 0.39011240005493164 0.05099999159574509 -0.03842271864414215
v 0.4498234987258911 0.10700000077486038 -0.04430374875664711
v 0.48465496301651 0.17900000512599945 -0.047734346240758896
v 0.49759235978126526 0.26500001549720764 -0.0490085706114769
v 0.48963087797164917 0.3530000150203705 -0.04822443425655365
v 0.4597753584384918 0.4309999942779541 -0.04528391733765602
v 0.41001611948013306 0.49900001287460327 -0.04038306325674057
v 0.3433387279510498 0.5529999732971191 -0.033815912902355194
v 0.26670950651168823 0.5929999947547913 -0.026268593966960907
v 0.1841091811656952 0.6209999918937683 -0.018133170902729034
v 0.10449439287185669 0.6389999985694885 -0.010291799902915955
v 0.03980739042162895 0.6470000147819519 -0.00392068549990654
v 0 -7.1525572131747595e-9 0
v 0.1667335033416748 -7.1525572131747595e-9 -0.033165354281663895
v 0.29227402806282043 0.0130000039935112 -0.058136917650699615
v 0.38446784019470215 0.05099999159574509 -0.07647540420293808
v 0.44331493973731995 0.10700000077486038 -0.08818082511425018
v 0.4776424169540405 0.17900000512599945 -0.095008984208107
v 0.48713991045951843 0.26500001549720764 -0.096898153424263
v 0.4691256284713745 0.3530000150203705 -0.09331488609313965
v 0.4331182539463043 0.4309999942779541 -0.0861525759100914
v 0.3808344304561615 0.49900001287460327 -0.07575267553329468
v 0.3154364824295044 0.5529999732971191 -0.06274422258138657
v 0.2430863231420517 0.5929999947547913 -0.04835287481546402
v 0.16687451303005219 0.6209999918937683 -0.03319340571761131
v 0.09437723457813263 0.6389999985694885 -0.018772801384329796
v 0.03589674085378647 0.6470000147819519 -0.007140305824577808
v 0 -7.1525572131747595e-9 0
v 0.16267985105514526 -7.1525572131747595e-9 -0.04934839531779289
v 0.28516823053359985 0.0130000039935112 -0.08650483191013336
v 0.375120609998703 0.05099999159574509 -0.11379159241914749
v 0.4325370192527771 0.10700000077486038 -0.13120867311954498
v 0.46602994203567505 0.17900000512599945 -0.14136864244937897
v 0.47847017645835876 0.26500001549720764 -0.1451423317193985
v 0.47081464529037476 0.3530000150203705 -0.1428200602531433
v 0.4421064257621765 0.4309999942779541 -0.13411152362823486
v 0.39425942301750183 0.49900001287460327 -0.11959728598594666
v 0.33014440536499023 0.5529999732971191 -0.10014821588993073
v 0.2564600110054016 0.5929999947547913 -0.07779629528522491
v 0.17703396081924438 0.6209999918937683 -0.053702663630247116
v 0.10047873854637146 0.6389999985694885 -0.03047989122569561
v 0.03827761486172676 0.6470000147819519 -0.011611387133598328
v 0 -7.1525572131747595e-9 0
v 0.15705952048301697 -7.1525572131747595e-9 -0.06505618244409561
v 0.2753160893917084 0.0130000039935112 -0.11403965950012207
v 0.3621607720851898 0.05099999159574509 -0.15001191198825836
v 0.4175935387611389 0.10700000077486038 -0.1729729175567627
v 0.4499293267726898 0.17900000512599945 -0.18636682629585266
v 0.46500375866889954 0.26500001549720764 -0.19261085987091064
v 0.46719077229499817 0.3530000150203705 -0.19351676106452942
v 0.44567620754241943 0.4309999942779541 -0.18460513651371002
v 0.40253856778144836 0.49900001287460327 -0.16673694550991058
v 0.3403421938419342 0.5529999732971191 -0.14097434282302856
v 0.2662171423435211 0.5929999947547913 -0.11027073860168457
v 0.18464307487010956 0.6209999918937683 -0.0764816626906395
v 0.10511328279972076 0.6389999985694885 -0.04353934898972511
v 0.04009637236595154 0.6470000147819519 -0.016608459874987602
v 0 -7.1525572131747595e-9 0
v 0.14992661774158478 -7.1525572131747595e-9 -0.08013744652271271
v 0.2628125250339508 0.0130000039935112 -0.14047622680664062
v 0.34571313858032227 0.05099999159574509 -0.18478752672672272
v 0.3986284136772156 0.10700000077486038 -0.2130713313817978
v 0.4294956624507904 0.17900000512599945 -0.229570209980011
v 0.4409606456756592 0.26500001549720764 -0.2356983721256256
v 0.4339052736759186 0.3530000150203705 -0.23192720115184784
v 0.4074476361274719 0.4309999942779541 -0.2177852988243103
v 0.3633515536785126 0.49900001287460327 -0.19421546161174774
v 0.30426284670829773 0.5529999732971191 -0.16263186931610107
v 0.23635490238666534 0.5929999947547913 -0.1263343244791031
v 0.1631554365158081 0.6209999918937683 -0.08720839768648148
v 0.0926017314195633 0.6389999985694885 -0.04949665814638138
v 0.03527684882283211 0.6470000147819519 -0.01885586977005005
v 0 -7.1525572131747595e-9 0
v 0.14134983718395233 -7.1525572131747595e-9 -0.09444694221019745
v 0.24777793884277344 0.0130000039935112 -0.16555993258953094
v 0.32593607902526855 0.05099999159574509 -0.21778352558612823
v 0.3758242726325989 0.10700000077486038 -0.2511177361011505
v 0.40492570400238037 0.17900000512599945 -0.27056270837783813
v 0.41297727823257446 0.26500001549720764 -0.2759425938129425
v 0.3977054953575134 0.3530000150203705 -0.265738308429718
v 0.3671799302101135 0.4309999942779541 -0.24534179270267487
v 0.3228558301925659 0.49900001287460327 -0.2157253623008728
v 0.2674141526222229 0.5529999732971191 -0.178680419921875
v 0.2060786336660385 0.5929999947547913 -0.13769733905792236
v 0.14146938920021057 0.6209999918937683 -0.09452681988477707
v 0.08000916242599487 0.6389999985694885 -0.053460411727428436
v 0.03043178841471672 0.6470000147819519 -0.020333871245384216
v 0 -7.1525572131747595e-9 0
v 0.13141177594661713 -7.1525572131747595e-9 -0.10784685611724854
v 0.2303571105003357 0.0130000039935112 -0.18904919922351837
v 0.30302008986473083 0.05099999159574509 -0.2486821711063385
v 0.34940072894096375 0.10700000077486038 -0.28674575686454773
v 0.376456081867218 0.17900000512599945 -0.3089495301246643
v 0.38650521636009216 0.26500001549720764 -0.31719663739204407
v 0.3803211450576782 0.3530000150203705 -0.31212151050567627
v 0.35713082551956177 0.4309999942779541 -0.29308968782424927
v 0.31848031282424927 0.49900001287460327 -0.2613700330257416
v 0.26668861508369446 0.5529999732971191 -0.21886567771434784
v 0.20716680586338043 0.5929999947547913 -0.17001740634441376
v 0.14300693571567535 0.6209999918937683 -0.11736276000738144
v 0.0811660960316658 0.6389999985694885 -0.06661129742860794
v 0.030920417979359627 0.6470000147819519 -0.02537573128938675
v 0 -7.1525572131747595e-9 0
v 0.12020815163850784 -7.1525572131747595e-9 -0.12020815163850784
v 0.2107178270816803 0.0130000039935112 -0.2107178270816803
v 0.27718585729599 0.05099999159574509 -0.27718585729599
v 0.3196122646331787 0.10700000077486038 -0.3196122646331787
v 0.34436100721359253 0.17900000512599945 -0.34436100721359253
v 0.3558984696865082 0.26500001549720764 -0.3558984696865082
v 0.3575723469257355 0.3530000150203705 -0.3575723469257355
v 0.3411058187484741 0.4309999942779541 -0.3411058187484741
v 0.3080896735191345 0.49900001287460327 -0.3080896735191345
v 0.2604866325855255 0.5529999732971191 -0.2604866325855255
v 0.2037537693977356 0.5929999947547913 -0.2037537693977356
v 0.14131969213485718 0.6209999918937683 -0.14131969213485718
v 0.08045022934675217 0.6389999985694885 -0.08045022934675217
v 0.030688432976603508 0.6470000147819519 -0.030688432976603508
v 0 -7.1525572131747595e-9 0
v 0.10784685611724854 -7.1525572131747595e-9 -0.13141177594661713
v 0.18904919922351837 0.0130000039935112 -0.2303571105003357
v 0.2486821711063385 0.05099999159574509 -0.30302008986473083
v 0.28674575686454773 0.10700000077486038 -0.34940072894096375
v 0.3089495301246643 0.17900000512599945 -0.376456081867218
v 0.31719663739204407 0.26500001549720764 -0.38650521636009216
v 0.31212151050567627 0.3530000150203705 -0.3803211450576782
v 0.29308968782424927 0.4309999942779541 -0.35713082551956177
v 0.2613700330257416 0.49900001287460327 -0.31848031282424927
v 0.21886567771434784 0.5529999732971191 -0.26668861508369446
v 0.17001740634441376 0.5929999947547913 -0.20716680586338043
v 0.11736276000738144 0.6209999918937683 -0.14300693571567535
v 0.06661129742860794 0.6389999985694885 -0.0811660960316658
v 0.02537573128938675 0.6470000147819519 -0.030920417979359627
v 0 -7.1525572131747595e-9 0
v 0.09444694221019745 -7.1525572131747595e-9 -0.14134983718395233
v 0.16555993258953094 0.0130000039935112 -0.24777793884277344
v 0.21778352558612823 0.05099999159574509 -0.32593607902526855
v 0.2511177361011505 0.10700000077486038 -0.3758242726325989
v 0.27056270837783813 0.17900000512599945 -0.40492570400238037
v 0.2759425938129425 0.26500001549720764 -0.41297727823257446
v 0.265738308429718 0.3530000150203705 -0.3977054953575134
v 0.24534179270267487 0.4309999942779541 -0.3671799302101135
v 0.2157253623008728 0.49900001287460327 -0.3228558301925659
v 0.178680419921875 0.5529999732971191 -0.2674141526222229
v 0.13769733905792236 0.5929999947547913 -0.2060786336660385
v 0.09452681988477707 0.6209999918937683 -0.14146938920021057
v 0.053460411727428436 0.6389999985694885 -0.08000916242599487
v 0.020333871245384216 0.6470000147819519 -0.03043178841471672
v 0 -7.1525572131747595e-9 0
v 0.08013744652271271 -7.1525572131747595e-9 -0.14992661774158478
v 0.14047622680664062 0.0130000039935112 -0.2628125250339508
v 0.18478752672672272 0.05099999159574509 -0.34571313858032227
v 0.2130713313817978 0.10700000077486038 -0.3986284136772156
v 0.229570209980011 0.17900000512599945 -0.4294956624507904
v 0.2356983721256256 0.26500001549720764 -0.4409606456756592
v 0.23192720115184784 0.3530000150203705 -0.4339052736759186
v 0.2177852988243103 0.4309999942779541 -0.4074476361274719
v 0.19421546161174774 0.49900001287460327 -0.3633515536785126
v 0.16263186931610107 0.5529999732971191 -0.30426284670829773
v 0.1263343244791031 0.5929999947547913 -0.23635490238666534
v 0.08720839768648148 0.6209999918937683 -0.1631554365158081
v 0.04949665814638138 0.6389999985694885 -0.0926017314195633
v 0.01885586977005005 0.6470000147819519 -0.03527684882283211
v 0 -7.1525572131747595e-9 0
v 0.06505618244409561 -7.1525572131747595e-9 -0.15705952048301697
v 0.11403965950012207 0.0130000039935112 -0.2753160893917084
v 0.15001191198825836 0.05099999159574509 -0.3621607720851898
v 0.1729729175567627 0.10700000077486038 -0.4175935387611389
v 0.18636682629585266 0.17900000512599945 -0.4499293267726898
v 0.19261085987091064 0.26500001549720764 -0.46500375866889954
v 0.19351676106452942 0.3530000150203705 -0.46719077229499817
v 0.18460513651371002 0.4309999942779541 -0.44567620754241943
v 0.16673694550991058 0.49900001287460327 -0.40253856778144836
v 0.14097434282302856 0.5529999732971191 -0.3403421938419342
v 0.11027073860168457 0.5929999947547913 -0.2662171423435211
v 0.0764816626906395 0.6209999918937683 -0.18464307487010956
v 0.04353934898972511 0.6389999985694885 -0.10511328279972076
v 0.016608459874987602 0.6470000147819519 -0.04009637236595154
v 0 -7.1525572131747595e-9 0
v 0.04934839531779289 -7.1525572131747595e-9 -0.16267985105514526
v 0.08650483191013336 0.0130000039935112 -0.28516823053359985
v 0.11379159241914749 0.05099999159574509 -0.375120609998703
v 0.13120867311954498 0.10700000077486038 -0.4325370192527771
v 0.14136864244937897 0.17900000512599945 -0.46602994203567505
v 0.1451423317193985 0.26500001549720764 -0.47847017645835876
v 0.1428200602531433 0.3530000150203705 -0.47081464529037476
v 0.13411152362823486 0.4309999942779541 -0.4421064257621765
v 0.11959728598594666 0.49900001287460327 -0.39425942301750183
v 0.10014821588993073 0.5529999732971191 -0.33014440536499023
v 0.07779629528522491 0.5929999947547913 -0.2564600110054016
v 0.053702663630247116 0.6209999918937683 -0.17703396081924438
v 0.03047989122569561 0.6389999985694885 -0.10047873854637146
v 0.011611387133598328 0.6470000147819519 -0.03827761486172676
v 0 -7.1525572131747595e-9 0
v 0.033165354281663895 -7.1525572131747595e-9 -0.1667335033416748
v 0.058136917650699615 0.0130000039935112 -0.29227402806282043
v 0.07647540420293808 0.05099999159574509 -0.38446784019470215
v 0.08818082511425018 0.10700000077486038 -0.44331493973731995
v 0.095008984208107 0.17900000512599945 -0.4776424169540405
v 0.096898153424263 0.26500001549720764 -0.48713991045951843
v 0.09331488609313965 0.3530000150203705 -0.4691256284713745
v 0.0861525759100914 0.4309999942779541 -0.4331182539463043
v 0.07575267553329468 0.49900001287460327 -0.3808344304561615
v 0.06274422258138657 0.5529999732971191 -0.3154364824295044
v 0.04835287481546402 0.5929999947547913 -0.2430863231420517
v 0.03319340571761131 0.6209999918937683 -0.16687451303005219
v 0.018772801384329796 0.6389999985694885 -0.09437723457813263
v 0.007140305824577808 0.6470000147819519 -0.03589674085378647
v 0 -7.1525572131747595e-9 0
v 0.01666291430592537 -7.1525572131747595e-9 -0.16918140649795532
v 0.029209107160568237 0.0130000039935112 -0.29656505584716797
v 0.03842271864414215 0.05099999159574509 -0.39011240005493164
v 0.04430374875664711 0.10700000077486038 -0.4498234987258911
v 0.047734346240758896 0.17900000512599945 -0.48465496301651
v 0.0490085706114769 0.26500001549720764 -0.49759235978126526
v 0.04822443425655365 0.3530000150203705 -0.48963087797164917
v 0.04528391733765602 0.4309999942779541 -0.4597753584384918
v 0.04038306325674057 0.49900001287460327 -0.41001611948013306
v 0.033815912902355194 0.5529999732971191 -0.3433387279510498
v 0.026268593966960907 0.5929999947547913 -0.26670950651168823
v 0.018133170902729034 0.6209999918937683 -0.1841091811656952
v 0.010291799902915955 0.6389999985694885 -0.10449439287185669
v 0.00392068549990654 0.6470000147819519 -0.03980739042162895
v 0 -7.1525572131747595e-9 0
v 2.081899616307561e-17 -7.1525572131747595e-9 -0.17000000178813934
v 3.6494474089455634e-17 0.0130000039935112 -0.2980000078678131
v 4.800615476845401e-17 0.05099999159574509 -0.3919999897480011
v 5.5354036545709505e-17 0.10700000077486038 -0.4519999921321869
v 5.964029788277963e-17 0.17900000512599945 -0.4869999885559082
v 6.163848831002193e-17 0.26500001549720764 -0.5033164620399475
v 6.192838533621971e-17 0.3530000150203705 -0.5056836605072021
v 5.907653128193289e-17 0.4309999942779541 -0.4823964834213257
v 5.3358423613255923e-17 0.49900001287460327 -0.4357045888900757
v 4.511399716600115e-17 0.5529999732971191 -0.3683837354183197
v 3.5288362038292064e-17 0.5929999947547913 -0.288151353597641
v 2.4475328030823328e-17 0.6209999918937683 -0.1998562216758728
v 1.3933271774582064e-17 0.6389999985694885 -0.11377380043268204
v 5.3149671350788366e-18 0.6470000147819519 -0.04340000078082085
v 0 -7.1525572131747595e-9 0
v -0.01666291430592537 -7.1525572131747595e-9 -0.16918140649795532
v -0.029209107160568237 0.0130000039935112 -0.29656505584716797
v -0.03842271864414215 0.05099999159574509 -0.39011240005493164
v -0.04430374875664711 0.10700000077486038 -0.4498234987258911
v -0.047734346240758896 0.17900000512599945 -0.48465496301651
v -0.0490085706114769 0.26500001549720764 -0.49759235978126526
v -0.04822443425655365 0.3530000150203705 -0.48963087797164917
v -0.04528391733765602 0.4309999942779541 -0.4597753584384918
v -0.04038306325674057 0.49900001287460327 -0.41001611948013306
v -0.033815912902355194 0.5529999732971191 -0.3433387279510498
v -0.026268593966960907 0.5929999947547913 -0.26670950651168823
v -0.018133170902729034 0.6209999918937683 -0.1841091811656952
v -0.010291799902915955 0.6389999985694885 -0.10449439287185669
v -0.00392068549990654 0.6470000147819519 -0.03980739042162895
v 0 -7.1525572131747595e-9 0
v -0.033165354281663895 -7.1525572131747595e-9 -0.1667335033416748
v -0.058136917650699615 0.0130000039935112 -0.29227402806282043
v -0.07647540420293808 0.05099999159574509 -0.38446784019470215
v -0.08818082511425018 0.10700000077486038 -0.44331493973731995
v -0.095008984208107 0.17900000512599945 -0.4776424169540405
v -0.096898153424263 0.26500001549720764 -0.48713991045951843
v -0.09331488609313965 0.3530000150203705 -0.4691256284713745
v -0.0861525759100914 0.4309999942779541 -0.4331182539463043
v -0.07575267553329468 0.49900001287460327 -0.3808344304561615
v -0.06274422258138657 0.5529999732971191 -0.3154364824295044
v -0.04835287481546402 0.5929999947547913 -0.2430863231420517
v -0.03319340571761131 0.6209999918937683 -0.16687451303005219
v -0.018772801384329796 0.6389999985694885 -0.09437723457813263
v -0.007140305824577808 0.6470000147819519 -0.03589674085378647
v 0 -7.1525572131747595e-9 0
v -0.04934839531779289 -7.1525572131747595e-9 -0.16267985105514526
v -0.08650483191013336 0.0130000039935112 -0.28516823053359985
v -0.11379159241914749 0.05099999159574509 -0.375120609998703
v -0.13120867311954498 0.10700000077486038 -0.4325370192527771
v -0.14136864244937897 0.17900000512599945 -0.46602994203567505
v -0.1451423317193985 0.26500001549720764 -0.47847017645835876
v -0.1428200602531433 0.3530000150203705 -0.47081464529037476
v -0.13411152362823486 0.4309999942779541 -0.4421064257621765
v -0.11959728598594666 0.49900001287460327 -0.39425942301750183
v -0.10014821588993073 0.5529999732971191 -0.33014440536499023
v -0.07779629528522491 0.5929999947547913 -0.2564600110054016
v -0.053702663630247116 0.6209999918937683 -0.17703396081924438
v -0.03047989122569561 0.6389999985694885 -0.10047873854637146
v -0.011611387133598328 0.6470000147819519 -0.03827761486172676
v 0 -7.1525572131747595e-9 0
v -0.06505618244409561 -7.1525572131747595e-9 -0.15705952048301697
v -0.11403965950012207 0.0130000039935112 -0.2753160893917084
v -0.15001191198825836 0.05099999159574509 -0.3621607720851898
v -0.1729729175567627 0.10700000077486038 -0.4175935387611389
v -0.18636682629585266 0.17900000512599945 -0.4499293267726898
v -0.19261085987091064 0.26500001549720764 -0.46500375866889954
v -0.19351676106452942 0.3530000150203705 -0.46719077229499817
v -0.18460513651371002 0.4309999942779541 -0.44567620754241943
v -0.16673694550991058 0.49900001287460327 -0.40253856778144836
v -0.14097434282302856 0.5529999732971191 -0.3403421938419342
v -0.11027073860168457 0.5929999947547913 -0.2662171423435211
v -0.0764816626906395 0.6209999918937683 -0.18464307487010956
v -0.04353934898972511 0.6389999985694885 -0.10511328279972076
v -0.016608459874987602 0.6470000147819519 -0.04009637236595154
v 0 -7.1525572131747595e-9 0
v -0.08013744652271271 -7.1525572131747595e-9 -0.14992661774158478
v -0.14047622680664062 0.0130000039935112 -0.2628125250339508
v -0.18478752672672272 0.05099999159574509 -0.34571313858032227
v -0.2130713313817978 0.10700000077486038 -0.3986284136772156
v -0.229570209980011 0.17900000512599945 -0.4294956624507904
v -0.2356983721256256 0.26500001549720764 -0.4409606456756592
v -0.23192720115184784 0.3530000150203705 -0.4339052736759186
v -0.2177852988243103 0.4309999942779541 -0.4074476361274719
v -0.19421546161174774 0.49900001287460327 -0.3633515536785126
v -0.16263186931610107 0.5529999732971191 -0.30426284670829773
v -0.1263343244791031 0.5929999947547913 -0.23635490238666534
v -0.08720839768648148 0.6209999918937683 -0.1631554365158081
v -0.04949665814638138 0.6389999985694885 -0.0926017314195633
v -0.01885586977005005 0.6470000147819519 -0.03527684882283211
v 0 -7.1525572131747595e-9 0
v -0.09444694221019745 -7.1525572131747595e-9 -0.14134983718395233
v -0.16555993258953094 0.0130000039935112 -0.24777793884277344
v -0.21778352558612823 0.05099999159574509 -0.32593607902526855
v -0.2511177361011505 0.10700000077486038 -0.3758242726325989
v -0.27056270837783813 0.17900000512599945 -0.40492570400238037
v -0.2759425938129425 0.26500001549720764 -0.41297727823257446
v -0.265738308429718 0.3530000150203705 -0.3977054953575134
v -0.24534179270267487 0.4309999942779541 -0.3671799302101135
v -0.2157253623008728 0.49900001287460327 -0.3228558301925659
v -0.178680419921875 0.5529999732971191 -0.2674141526222229
v -0.13769733905792236 0.5929999947547913 -0.2060786336660385
v -0.09452681988477707 0.6209999918937683 -0.14146938920021057
v -0.053460411727428436 0.6389999985694885 -0.08000916242599487
v -0.020333871245384216 0.6470000147819519 -0.03043178841471672
v 0 -7.1525572131747595e-9 0
v -0.10784685611724854 -7.1525572131747595e-9 -0.13141177594661713
v -0.18904919922351837 0.0130000039935112 -0.2303571105003357
v -0.2486821711063385 0.05099999159574509 -0.30302008986473083
v -0.28674575686454773 0.10700000077486038 -0.34940072894096375
v -0.3089495301246643 0.17900000512599945 -0.376456081867218
v -0.31719663739204407 0.26500001549720764 -0.38650521636009216
v -0.31212151050567627 0.3530000150203705 -0.3803211450576782
v -0.29308968782424927 0.4309999942779541 -0.35713082551956177
v -0.2613700330257416 0.49900001287460327 -0.31848031282424927
v -0.21886567771434784 0.5529999732971191 -0.26668861508369446
v -0.17001740634441376 0.5929999947547913 -0.20716680586338043
v -0.11736276000738144 0.6209999918937683 -0.14300693571567535
v -0.06661129742860794 0.6389999985694885 -0.0811660960316658
v -0.02537573128938675 0.6470000147819519 -0.030920417979359627
v 0 -7.1525572131747595e-9 0
v -0.12020815163850784 -7.1525572131747595e-9 -0.12020815163850784
v -0.2107178270816803 0.0130000039935112 -0.2107178270816803
v -0.27718585729599 0.05099999159574509 -0.27718585729599
v -0.3196122646331787 0.10700000077486038 -0.3196122646331787
v -0.34436100721359253 0.17900000512599945 -0.34436100721359253
v -0.3558984696865082 0.26500001549720764 -0.3558984696865082
v -0.3575723469257355 0.3530000150203705 -0.3575723469257355
v -0.3411058187484741 0.4309999942779541 -0.3411058187484741
v -0.3080896735191345 0.49900001287460327 -0.3080896735191345
v -0.2604866325855255 0.5529999732971191 -0.2604866325855255
v -0.2037537693977356 0.5929999947547913 -0.2037537693977356
v -0.14131969213485718 0.6209999918937683 -0.14131969213485718
v -0.08045022934675217 0.6389999985694885 -0.08045022934675217
v -0.030688432976603508 0.6470000147819519 -0.030688432976603508
v 0 -7.1525572131747595e-9 0
v -0.13141177594661713 -7.1525572131747595e-9 -0.10784685611724854
v -0.2303571105003357 0.0130000039935112 -0.18904919922351837
v -0.30302008986473083 0.05099999159574509 -0.2486821711063385
v -0.34940072894096375 0.10700000077486038 -0.28674575686454773
v -0.376456081867218 0.17900000512599945 -0.3089495301246643
v -0.38650521636009216 0.26500001549720764 -0.31719663739204407
v -0.3803211450576782 0.3530000150203705 -0.31212151050567627
v -0.35713082551956177 0.4309999942779541 -0.29308968782424927
v -0.31848031282424927 0.49900001287460327 -0.2613700330257416
v -0.26668861508369446 0.5529999732971191 -0.21886567771434784
v -0.20716680586338043 0.5929999947547913 -0.17001740634441376
v -0.14300693571567535 0.6209999918937683 -0.11736276000738144
v -0.0811660960316658 0.6389999985694885 -0.06661129742860794
v -0.030920417979359627 0.6470000147819519 -0.02537573128938675
v 0 -7.1525572131747595e-9 0
v -0.14134983718395233 -7.1525572131747595e-9 -0.09444694221019745
v -0.24777793884277344 0.0130000039935112 -0.16555993258953094
v -0.32593607902526855 0.05099999159574509 -0.21778352558612823
v -0.3758242726325989 0.10700000077486038 -0.2511177361011505
v -0.40492570400238037 0.17900000512599945 -0.27056270837783813
v -0.41297727823257446 0.26500001549720764 -0.2759425938129425
v -0.3977054953575134 0.3530000150203705 -0.265738308429718
v -0.3671799302101135 0.4309999942779541 -0.24534179270267487
v -0.3228558301925659 0.49900001287460327 -0.2157253623008728
v -0.2674141526222229 0.5529999732971191 -0.178680419921875
v -0.2060786336660385 0.5929999947547913 -0.13769733905792236
v -0.14146938920021057 0.6209999918937683 -0.09452681988477707
v -0.08000916242599487 0.6389999985694885 -0.053460411727428436
v -0.03043178841471672 0.6470000147819519 -0.020333871245384216
v 0 -7.1525572131747595e-9 0
v -0.14992661774158478 -7.1525572131747595e-9 -0.08013744652271271
v -0.2628125250339508 0.0130000039935112 -0.14047622680664062
v -0.34571313858032227 0.05099999159574509 -0.18478752672672272
v -0.3986284136772156 0.10700000077486038 -0.2130713313817978
v -0.4294956624507904 0.17900000512599945 -0.229570209980011
v -0.4409606456756592 0.26500001549720764 -0.2356983721256256
v -0.4339052736759186 0.3530000150203705 -0.23192720115184784
v -0.4074476361274719 0.4309999942779541 -0.2177852988243103
v -0.3633515536785126 0.49900001287460327 -0.19421546161174774
v -0.30426284670829773 0.5529999732971191 -0.16263186931610107
v -0.23635490238666534 0.5929999947547913 -0.1263343244791031
v -0.1631554365158081 0.6209999918937683 -0.08720839768648148
v -0.0926017314195633 0.6389999985694885 -0.04949665814638138
v -0.03527684882283211 0.6470000147819519 -0.01885586977005005
v 0 -7.1525572131747595e-9 0
v -0.15705952048301697 -7.1525572131747595e-9 -0.06505618244409561
v -0.2753160893917084 0.0130000039935112 -0.11403965950012207
v -0.3621607720851898 0.05099999159574509 -0.15001191198825836
v -0.4175935387611389 0.10700000077486038 -0.1729729175567627
v -0.4499293267726898 0.17900000512599945 -0.18636682629585266
v -0.46500375866889954 0.26500001549720764 -0.19261085987091064
v -0.46719077229499817 0.3530000150203705 -0.19351676106452942
v -0.44567620754241943 0.4309999942779541 -0.18460513651371002
v -0.40253856778144836 0.49900001287460327 -0.16673694550991058
v -0.3403421938419342 0.5529999732971191 -0.14097434282302856
v -0.2662171423435211 0.5929999947547913 -0.11027073860168457
v -0.18464307487010956 0.6209999918937683 -0.0764816626906395
v -0.10511328279972076 0.6389999985694885 -0.04353934898972511
v -0.04009637236595154 0.6470000147819519 -0.016608459874987602
v 0 -7.1525572131747595e-9 0
v -0.16267985105514526 -7.1525572131747595e-9 -0.04934839531779289
v -0.28516823053359985 0.0130000039935112 -0.08650483191013336
v -0.375120609998703 0.05099999159574509 -0.11379159241914749
v -0.4325370192527771 0.10700000077486038 -0.13120867311954498
v -0.46602994203567505 0.17900000512599945 -0.14136864244937897
v -0.47847017645835876 0.26500001549720764 -0.1451423317193985
v -0.47081464529037476 0.3530000150203705 -0.1428200602531433
v -0.4421064257621765 0.4309999942779541 -0.13411152362823486
v -0.39425942301750183 0.49900001287460327 -0.11959728598594666
v -0.33014440536499023 0.5529999732971191 -0.10014821588993073
v -0.2564600110054016 0.5929999947547913 -0.07779629528522491
v -0.17703396081924438 0.6209999918937683 -0.053702663630247116
v -0.10047873854637146 0.6389999985694885 -0.03047989122569561
v -0.03827761486172676 0.6470000147819519 -0.011611387133598328
v 0 -7.1525572131747595e-9 0
v -0.1667335033416748 -7.1525572131747595e-9 -0.033165354281663895
v -0.29227402806282043 0.0130000039935112 -0.058136917650699615
v -0.38446784019470215 0.05099999159574509 -0.07647540420293808
v -0.44331493973731995 0.10700000077486038 -0.08818082511425018
v -0.4776424169540405 0.17900000512599945 -0.095008984208107
v -0.48713991045951843 0.26500001549720764 -0.096898153424263
v -0.4691256284713745 0.3530000150203705 -0.09331488609313965
v -0.4331182539463043 0.4309999942779541 -0.0861525759100914
v -0.3808344304561615 0.49900001287460327 -0.07575267553329468
v -0.3154364824295044 0.5529999732971191 -0.06274422258138657
v -0.2430863231420517 0.5929999947547913 -0.04835287481546402
v -0.16687451303005219 0.6209999918937683 -0.03319340571761131
v -0.09437723457813263 0.6389999985694885 -0.018772801384329796
v -0.03589674085378647 0.6470000147819519 -0.007140305824577808
v 0 -7.1525572131747595e-9 0
v -0.16918140649795532 -7.1525572131747595e-9 -0.01666291430592537
v -0.29656505584716797 0.0130000039935112 -0.029209107160568237
v -0.39011240005493164 0.05099999159574509 -0.03842271864414215
v -0.4498234987258911 0.10700000077486038 -0.04430374875664711
v -0.48465496301651 0.17900000512599945 -0.047734346240758896
v -0.49759235978126526 0.26500001549720764 -0.0490085706114769
v -0.48963087797164917 0.3530000150203705 -0.04822443425655365
v -0.4597753584384918 0.4309999942779541 -0.04528391733765602
v -0.41001611948013306 0.49900001287460327 -0.04038306325674057
v -0.3433387279510498 0.5529999732971191 -0.033815912902355194
v -0.26670950651168823 0.5929999947547913 -0.026268593966960907
v -0.1841091811656952 0.6209999918937683 -0.018133170902729034
v -0.10449439287185669 0.6389999985694885 -0.010291799902915955
v -0.03980739042162895 0.6470000147819519 -0.00392068549990654
v 0 -7.1525572131747595e-9 0
v -0.17000000178813934 -7.1525572131747595e-9 -3.12284934174328e-17
v -0.2980000078678131 0.0130000039935112 -5.474171113418345e-17
v -0.3919999897480011 0.05099999159574509 -7.200922884395856e-17
v -0.4519999921321869 0.10700000077486038 -8.303105316420303e-17
v -0.4869999885559082 0.17900000512599945 -8.94604501328919e-17
v -0.5033164620399475 0.26500001549720764 -9.245772915631044e-17
v -0.5056836605072021 0.3530000150203705 -9.289257469560712e-17
v -0.4823964834213257 0.4309999942779541 -8.861479361417689e-17
v -0.4357045888900757 0.49900001287460327 -8.003763872860633e-17
v -0.3683837354183197 0.5529999732971191 -6.767099740336295e-17
v -0.288151353597641 0.5929999947547913 -5.293254471179932e-17
v -0.1998562216758728 0.6209999918937683 -3.671298873751254e-17
v -0.11377380043268204 0.6389999985694885 -2.089990931623432e-17
v -0.04340000078082085 0.6470000147819519 -7.972451116208561e-18
v 0 -7.1525572131747595e-9 0
v -0.16918140649795532 -7.1525572131747595e-9 0.01666291430592537
v -0.29656505584716797 0.0130000039935112 0.029209107160568237
v -0.39011240005493164 0.05099999159574509 0.03842271864414215
v -0.4498234987258911 0.10700000077486038 0.04430374875664711
v -0.48465496301651 0.17900000512599945 0.047734346240758896
v -0.49759235978126526 0.26500001549720764 0.0490085706114769
v -0.48963087797164917 0.3530000150203705 0.04822443425655365
v -0.4597753584384918 0.4309999942779541 0.04528391733765602
v -0.41001611948013306 0.49900001287460327 0.04038306325674057
v -0.3433387279510498 0.5529999732971191 0.033815912902355194
v -0.26670950651168823 0.5929999947547913 0.026268593966960907
v -0.1841091811656952 0.6209999918937683 0.018133170902729034
v -0.10449439287185669 0.6389999985694885 0.010291799902915955
v -0.03980739042162895 0.6470000147819519 0.00392068549990654
v 0 -7.1525572131747595e-9 0
v -0.1667335033416748 -7.1525572131747595e-9 0.033165354281663895
v -0.29227402806282043 0.0130000039935112 0.058136917650699615
v -0.38446784019470215 0.05099999159574509 0.07647540420293808
v -0.44331493973731995 0.10700000077486038 0.08818082511425018
v -0.4776424169540405 0.17900000512599945 0.095008984208107
v -0.48713991045951843 0.26500001549720764 0.096898153424263
v -0.4691256284713745 0.3530000150203705 0.09331488609313965
v -0.4331182539463043 0.4309999942779541 0.0861525759100914
v -0.3808344304561615 0.49900001287460327 0.07575267553329468
v -0.3154364824295044 0.5529999732971191 0.06274422258138657
v -0.2430863231420517 0.5929999947547913 0.04835287481546402
v -0.16687451303005219 0.6209999918937683 0.03319340571761131
v -0.09437723457813263 0.6389999985694885 0.018772801384329796
v -0.03589674085378647 0.6470000147819519 0.007140305824577808
v 0 -7.1525572131747595e-9 0
v -0.16267985105514526 -7.1525572131747595e-9 0.04934839531779289
v -0.28516823053359985 0.0130000039935112 0.08650483191013336
v -0.375120609998703 0.05099999159574509 0.11379159241914749
v -0.4325370192527771 0.10700000077486038 0.13120867311954498
v -0.46602994203567505 0.17900000512599945 0.14136864244937897
v -0.47847017645835876 0.26500001549720764 0.1451423317193985
v -0.47081464529037476 0.3530000150203705 0.1428200602531433
v -0.4421064257621765 0.4309999942779541 0.13411152362823486
v -0.39425942301750183 0.49900001287460327 0.11959728598594666
v -0.33014440536499023 0.5529999732971191 0.10014821588993073
v -0.2564600110054016 0.5929999947547913 0.07779629528522491
v -0.17703396081924438 0.6209999918937683 0.053702663630247116
v -0.10047873854637146 0.6389999985694885 0.03047989122569561
v -0.03827761486172676 0.6470000147819519 0.011611387133598328
v 0 -7.1525572131747595e-9 0
v -0.15705952048301697 -7.1525572131747595e-9 0.06505618244409561
v -0.2753160893917084 0.0130000039935112 0.11403965950012207
v -0.3621607720851898 0.05099999159574509 0.15001191198825836
v -0.4175935387611389 0.10700000077486038 0.1729729175567627
v -0.4499293267726898 0.17900000512599945 0.18636682629585266
v -0.46500375866889954 0.26500001549720764 0.19261085987091064
v -0.46719077229499817 0.3530000150203705 0.19351676106452942
v -0.44567620754241943 0.4309999942779541 0.18460513651371002
v -0.40253856778144836 0.49900001287460327 0.16673694550991058
v -0.3403421938419342 0.5529999732971191 0.14097434282302856
v -0.2662171423435211 0.5929999947547913 0.11027073860168457
v -0.18464307487010956 0.6209999918937683 0.0764816626906395
v -0.10511328279972076 0.6389999985694885 0.04353934898972511
v -0.04009637236595154 0.6470000147819519 0.016608459874987602
v 0 -7.1525572131747595e-9 0
v -0.14992661774158478 -7.1525572131747595e-9 0.08013744652271271
v -0.2628125250339508 0.0130000039935112 0.14047622680664062
v -0.34571313858032227 0.05099999159574509 0.18478752672672272
v -0.3986284136772156 0.10700000077486038 0.2130713313817978
v -0.4294956624507904 0.17900000512599945 0.229570209980011
v -0.4409606456756592 0.26500001549720764 0.2356983721256256
v -0.4339052736759186 0.3530000150203705 0.23192720115184784
v -0.4074476361274719 0.4309999942779541 0.2177852988243103
v -0.3633515536785126 0.49900001287460327 0.19421546161174774
v -0.30426284670829773 0.5529999732971191 0.16263186931610107
v -0.23635490238666534 0.5929999947547913 0.1263343244791031
v -0.1631554365158081 0.6209999918937683 0.08720839768648148
v -0.0926017314195633 0.6389999985694885 0.04949665814638138
v -0.03527684882283211 0.6470000147819519 0.01885586977005005
v 0 -7.1525572131747595e-9 0
v -0.14134983718395233 -7.1525572131747595e-9 0.09444694221019745
v -0.24777793884277344 0.0130000039935112 0.16555993258953094
v -0.32593607902526855 0.05099999159574509 0.21778352558612823
v -0.3758242726325989 0.10700000077486038 0.2511177361011505
v -0.40492570400238037 0.17900000512599945 0.27056270837783813
v -0.41297727823257446 0.26500001549720764 0.2759425938129425
v -0.3977054953575134 0.3530000150203705 0.265738308429718
v -0.3671799302101135 0.4309999942779541 0.24534179270267487
v -0.3228558301925659 0.49900001287460327 0.2157253623008728
v -0.2674141526222229 0.5529999732971191 0.178680419921875
v -0.2060786336660385 0.5929999947547913 0.13769733905792236
v -0.14146938920021057 0.6209999918937683 0.09452681988477707
v -0.08000916242599487 0.6389999985694885 0.053460411727428436
v -0.03043178841471672 0.6470000147819519 0.020333871245384216
v 0 -7.1525572131747595e-9 0
v -0.13141177594661713 -7.1525572131747595e-9 0.10784685611724854
v -0.2303571105003357 0.0130000039935112 0.18904919922351837
v -0.30302008986473083 0.05099999159574509 0.2486821711063385
v -0.34940072894096375 0.10700000077486038 0.28674575686454773
v -0.376456081867218 0.17900000512599945 0.3089495301246643
v -0.38650521636009216 0.26500001549720764 0.31719663739204407
v -0.3803211450576782 0.3530000150203705 0.31212151050567627
v -0.35713082551956177 0.4309999942779541 0.29308968782424927
v -0.31848031282424927 0.49900001287460327 0.2613700330257416
v -0.26668861508369446 0.5529999732971191 0.21886567771434784
v -0.20716680586338043 0.5929999947547913 0.17001740634441376
v -0.14300693571567535 0.6209999918937683 0.11736276000738144
v -0.0811660960316658 0.6389999985694885 0.06661129742860794
v -0.030920417979359627 0.6470000147819519 0.02537573128938675
v 0 -7.1525572131747595e-9 0
v -0.12020815163850784 -7.1525572131747595e-9 0.12020815163850784
v -0.2107178270816803 0.0130000039935112 0.2107178270816803
v -0.27718585729599 0.05099999159574509 0.27718585729599
v -0.3196122646331787 0.10700000077486038 0.3196122646331787
v -0.34436100721359253 0.17900000512599945 0.34436100721359253
v -0.3558984696865082 0.26500001549720764 0.3558984696865082
v -0.3575723469257355 0.3530000150203705 0.3575723469257355
v -0.3411058187484741 0.4309999942779541 0.3411058187484741
v -0.3080896735191345 0.49900001287460327 0.3080896735191345
v -0.2604866325855255 0.5529999732971191 0.2604866325855255
v -0.2037537693977356 0.5929999947547913 0.2037537693977356
v -0.14131969213485718 0.6209999918937683 0.14131969213485718
v -0.08045022934675217 0.6389999985694885 0.08045022934675217
v -0.030688432976603508 0.6470000147819519 0.030688432976603508
v 0 -7.1525572131747595e-9 0
v -0.10784685611724854 -7.1525572131747595e-9 0.13141177594661713
v -0.18904919922351837 0.0130000039935112 0.2303571105003357
v -0.2486821711063385 0.05099999159574509 0.30302008986473083
v -0.28674575686454773 0.10700000077486038 0.34940072894096375
v -0.3089495301246643 0.17900000512599945 0.376456081867218
v -0.31719663739204407 0.26500001549720764 0.38650521636009216
v -0.31212151050567627 0.3530000150203705 0.3803211450576782
v -0.29308968782424927 0.4309999942779541 0.35713082551956177
v -0.2613700330257416 0.49900001287460327 0.31848031282424927
v -0.21886567771434784 0.5529999732971191 0.26668861508369446
v -0.17001740634441376 0.5929999947547913 0.20716680586338043
v -0.11736276000738144 0.6209999918937683 0.14300693571567535
v -0.06661129742860794 0.6389999985694885 0.0811660960316658
v -0.02537573128938675 0.6470000147819519 0.030920417979359627
v 0 -7.1525572131747595e-9 0
v -0.09444694221019745 -7.1525572131747595e-9 0.14134983718395233
v -0.16555993258953094 0.0130000039935112 0.24777793884277344
v -0.21778352558612823 0.05099999159574509 0.32593607902526855
v -0.2511177361011505 0.10700000077486038 0.3758242726325989
v -0.27056270837783813 0.17900000512599945 0.40492570400238037
v -0.2759425938129425 0.26500001549720764 0.41297727823257446
v -0.265738308429718 0.3530000150203705 0.3977054953575134
v -0.24534179270267487 0.4309999942779541 0.3671799302101135
v -0.2157253623008728 0.49900001287460327 0.3228558301925659
v -0.178680419921875 0.5529999732971191 0.2674141526222229
v -0.13769733905792236 0.5929999947547913 0.2060786336660385
v -0.09452681988477707 0.6209999918937683 0.14146938920021057
v -0.053460411727428436 0.6389999985694885 0.08000916242599487
v -0.020333871245384216 0.6470000147819519 0.03043178841471672
v 0 -7.1525572131747595e-9 0
v -0.08013744652271271 -7.1525572131747595e-9 0.14992661774158478
v -0.14047622680664062 0.0130000039935112 0.2628125250339508
v -0.18478752672672272 0.05099999159574509 0.34571313858032227
v -0.2130713313817978 0.10700000077486038 0.3986284136772156
v -0.229570209980011 0.17900000512599945 0.4294956624507904
v -0.2356983721256256 0.26500001549720764 0.4409606456756592
v -0.23192720115184784 0.3530000150203705 0.4339052736759186
v -0.2177852988243103 0.4309999942779541 0.4074476361274719
v -0.19421546161174774 0.49900001287460327 0.3633515536785126
v -0.16263186931610107 0.5529999732971191 0.30426284670829773
v -0.1263343244791031 0.5929999947547913 0.23635490238666534
v -0.08720839768648148 0.6209999918937683 0.1631554365158081
v -0.04949665814638138 0.6389999985694885 0.0926017314195633
v -0.01885586977005005 0.6470000147819519 0.03527684882283211
v 0 -7.1525572131747595e-9 0
v -0.06505618244409561 -7.1525572131747595e-9 0.15705952048301697
v -0.11403965950012207 0.0130000039935112 0.2753160893917084
v -0.15001191198825836 0.05099999159574509 0.3621607720851898
v -0.1729729175567627 0.10700000077486038 0.4175935387611389
v -0.18636682629585266 0.17900000512599945 0.4499293267726898
v -0.19261085987091064 0.26500001549720764 0.46500375866889954
v -0.19351676106452942 0.3530000150203705 0.46719077229499817
v -0.18460513651371002 0.4309999942779541 0.44567620754241943
v -0.16673694550991058 0.49900001287460327 0.40253856778144836
v -0.14097434282302856 0.5529999732971191 0.3403421938419342
v -0.11027073860168457 0.5929999947547913 0.2662171423435211
v -0.0764816626906395 0.6209999918937683 0.18464307487010956
v -0.04353934898972511 0.6389999985694885 0.10511328279972076
v -0.016608459874987602 0.6470000147819519 0.04009637236595154
v 0 -7.1525572131747595e-9 0
v -0.04934839531779289 -7.1525572131747595e-9 0.16267985105514526
v -0.08650483191013336 0.0130000039935112 0.28516823053359985
v -0.11379159241914749 0.05099999159574509 0.375120609998703
v -0.13120867311954498 0.10700000077486038 0.4325370192527771
v -0.14136864244937897 0.17900000512599945 0.46602994203567505
v -0.1451423317193985 0.26500001549720764 0.47847017645835876
v -0.1428200602531433 0.3530000150203705 0.47081464529037476
v -0.13411152362823486 0.4309999942779541 0.4421064257621765
v -0.11959728598594666 0.49900001287460327 0.39425942301750183
v -0.10014821588993073 0.5529999732971191 0.33014440536499023
v -0.07779629528522491 0.5929999947547913 0.2564600110054016
v -0.053702663630247116 0.6209999918937683 0.17703396081924438
v -0.03047989122569561 0.6389999985694885 0.10047873854637146
v -0.011611387133598328 0.6470000147819519 0.03827761486172676
v 0 -7.1525572131747595e-9 0
v -0.033165354281663895 -7.1525572131747595e-9 0.1667335033416748
v -0.058136917650699615 0.0130000039935112 0.29227402806282043
v -0.07647540420293808 0.05099999159574509 0.38446784019470215
v -0.08818082511425018 0.10700000077486038 0.44331493973731995
v -0.095008984208107 0.17900000512599945 0.4776424169540405
v -0.096898153424263 0.26500001549720764 0.48713991045951843
v -0.09331488609313965 0.3530000150203705 0.4691256284713745
v -0.0861525759100914 0.4309999942779541 0.4331182539463043
v -0.07575267553329468 0.49900001287460327 0.3808344304561615
v -0.06274422258138657 0.5529999732971191 0.3154364824295044
v -0.04835287481546402 0.5929999947547913 0.2430863231420517
v -0.03319340571761131 0.6209999918937683 0.16687451303005219
v -0.018772801384329796 0.6389999985694885 0.09437723457813263
v -0.007140305824577808 0.6470000147819519 0.03589674085378647
v 0 -7.1525572131747595e-9 0
v -0.01666291430592537 -7.1525572131747595e-9 0.16918140649795532
v -0.029209107160568237 0.0130000039935112 0.29656505584716797
v -0.03842271864414215 0.05099999159574509 0.39011240005493164
v -0.04430374875664711 0.10700000077486038 0.4498234987258911
v -0.047734346240758896 0.17900000512599945 0.48465496301651
v -0.0490085706114769 0.26500001549720764 0.49759235978126526
v -0.04822443425655365 0.3530000150203705 0.48963087797164917
v -0.04528391733765602 0.4309999942779541 0.4597753584384918
v -0.04038306325674057 0.49900001287460327 0.41001611948013306
v -0.033815912902355194 0.5529999732971191 0.3433387279510498
v -0.026268593966960907 0.5929999947547913 0.26670950651168823
v -0.018133170902729034 0.6209999918937683 0.1841091811656952
v -0.010291799902915955 0.6389999985694885 0.10449439287185669
v -0.00392068549990654 0.6470000147819519 0.03980739042162895
v 0 -7.1525572131747595e-9 0
v -4.163799232615122e-17 -7.1525572131747595e-9 0.17000000178813934
v -7.298894817891127e-17 0.0130000039935112 0.2980000078678131
v -9.601230953690802e-17 0.05099999159574509 0.3919999897480011
v -1.1070807309141901e-16 0.10700000077486038 0.4519999921321869
v -1.1928059576555926e-16 0.17900000512599945 0.4869999885559082
v -1.2327697662004386e-16 0.26500001549720764 0.5033164620399475
v -1.2385677067243943e-16 0.3530000150203705 0.5056836605072021
v -1.1815306256386578e-16 0.4309999942779541 0.4823964834213257
v -1.0671684722651185e-16 0.49900001287460327 0.4357045888900757
v -9.02279943320023e-17 0.5529999732971191 0.3683837354183197
v -7.057672407658413e-17 0.5929999947547913 0.288151353597641
v -4.8950656061646656e-17 0.6209999918937683 0.1998562216758728
v -2.786654354916413e-17 0.6389999985694885 0.11377380043268204
v -1.0629934270157673e-17 0.6470000147819519 0.04340000078082085
vt 0 0
vt 0 0.0714285746216774
vt 0 0.1428571492433548
vt 0 0.2142857164144516
vt 0 0.2857142984867096
vt 0 0.3571428656578064
vt 0 0.4285714328289032
vt 0 0.5
vt 0 0.5714285969734192
vt 0 0.6428571343421936
vt 0 0.7142857313156128
vt 0 0.7857142686843872
vt 0 0.8571428656578064
vt 0 0.9285714030265808
vt 0 1
vt 0.015625 0
vt 0.015625 0.0714285746216774
vt 0.015625 0.1428571492433548
vt 0.015625 0.2142857164144516
vt 0.015625 0.2857142984867096
vt 0.015625 0.3571428656578064
vt 0.015625 0.4285714328289032
vt 0.015625 0.5
vt 0.015625 0.5714285969734192
vt 0.015625 0.6428571343421936
vt 0.015625 0.7142857313156128
vt 0.015625 0.7857142686843872
vt 0.015625 0.8571428656578064
vt 0.015625 0.9285714030265808
vt 0.015625 1
vt 0.03125 0
vt 0.03125 0.0714285746216774
vt 0.03125 0.1428571492433548
vt 0.03125 0.2142857164144516
vt 0.03125 0.2857142984867096
vt 0.03125 0.3571428656578064
vt 0.03125 0.4285714328289032
vt 0.03125 0.5
vt 0.03125 0.5714285969734192
vt 0.03125 0.6428571343421936
vt 0.03125 0.7142857313156128
vt 0.03125 0.7857142686843872
vt 0.03125 0.8571428656578064
vt 0.03125 0.9285714030265808
vt 0.03125 1
vt 0.046875 0
vt 0.046875 0.0714285746216774
vt 0.046875 0.1428571492433548
vt 0.046875 0.2142857164144516
vt 0.046875 0.2857142984867096
vt 0.046875 0.3571428656578064
vt 0.046875 0.4285714328289032
vt 0.046875 0.5
vt 0.046875 0.5714285969734192
vt 0.046875 0.6428571343421936
vt 0.046875 0.7142857313156128
vt 0.046875 0.7857142686843872
vt 0.046875 0.8571428656578064
vt 0.046875 0.9285714030265808
vt 0.046875 1
vt 0.0625 0
vt 0.0625 0.0714285746216774
vt 0.0625 0.1428571492433548
vt 0.0625 0.2142857164144516
vt 0.0625 0.2857142984867096
vt 0.0625 0.3571428656578064
vt 0.0625 0.4285714328289032
vt 0.0625 0.5
vt 0.0625 0.5714285969734192
vt 0.0625 0.6428571343421936
vt 0.0625 0.7142857313156128
vt 0.0625 0.7857142686843872
vt 0.0625 0.8571428656578064
vt 0.0625 0.9285714030265808
vt 0.0625 1
vt 0.078125 0
vt 0.078125 0.0714285746216774
vt 0.078125 0.1428571492433548
vt 0.078125 0.2142857164144516
vt 0.078125 0.2857142984867096
vt 0.078125 0.3571428656578064
vt 0.078125 0.4285714328289032
vt 0.078125 0.5
vt 0.078125 0.5714285969734192
vt 0.078125 0.6428571343421936
vt 0.078125 0.7142857313156128
vt 0.078125 0.7857142686843872
vt 0.078125 0.8571428656578064
vt 0.078125 0.9285714030265808
vt 0.078125 1
vt 0.09375 0
vt 0.09375 0.0714285746216774
vt 0.09375 0.1428571492433548
vt 0.09375 0.2142857164144516
vt 0.09375 0.2857142984867096
vt 0.09375 0.3571428656578064
vt 0.09375 0.4285714328289032
vt 0.09375 0.5
vt 0.09375 0.5714285969734192
vt 0.09375 0.6428571343421936
vt 0.09375 0.7142857313156128
vt 0.09375 0.7857142686843872
vt 0.09375 0.8571428656578064
vt 0.09375 0.9285714030265808
vt 0.09375 1
vt 0.109375 0
vt 0.109375 0.0714285746216774
vt 0.109375 0.1428571492433548
vt 0.109375 0.2142857164144516
vt 0.109375 0.2857142984867096
vt 0.109375 0.3571428656578064
vt 0.109375 0.4285714328289032
vt 0.109375 0.5
vt 0.109375 0.5714285969734192
vt 0.109375 0.6428571343421936
vt 0.109375 0.7142857313156128
vt 0.109375 0.7857142686843872
vt 0.109375 0.8571428656578064
vt 0.109375 0.9285714030265808
vt 0.109375 1
vt 0.125 0
vt 0.125 0.0714285746216774
vt 0.125 0.1428571492433548
vt 0.125 0.2142857164144516
vt 0.125 0.2857142984867096
vt 0.125 0.3571428656578064
vt 0.125 0.4285714328289032
vt 0.125 0.5
vt 0.125 0.5714285969734192
vt 0.125 0.6428571343421936
vt 0.125 0.7142857313156128
vt 0.125 0.7857142686843872
vt 0.125 0.8571428656578064
vt 0.125 0.9285714030265808
vt 0.125 1
vt 0.140625 0
vt 0.140625 0.0714285746216774
vt 0.140625 0.1428571492433548
vt 0.140625 0.2142857164144516
vt 0.140625 0.2857142984867096
vt 0.140625 0.3571428656578064
vt 0.140625 0.4285714328289032
vt 0.140625 0.5
vt 0.140625 0.5714285969734192
vt 0.140625 0.6428571343421936
vt 0.140625 0.7142857313156128
vt 0.140625 0.7857142686843872
vt 0.140625 0.8571428656578064
vt 0.140625 0.9285714030265808
vt 0.140625 1
vt 0.15625 0
vt 0.15625 0.0714285746216774
vt 0.15625 0.1428571492433548
vt 0.15625 0.2142857164144516
vt 0.15625 0.2857142984867096
vt 0.15625 0.3571428656578064
vt 0.15625 0.4285714328289032
vt 0.15625 0.5
vt 0.15625 0.5714285969734192
vt 0.15625 0.6428571343421936
vt 0.15625 0.7142857313156128
vt 0.15625 0.7857142686843872
vt 0.15625 0.8571428656578064
vt 0.15625 0.9285714030265808
vt 0.15625 1
vt 0.171875 0
vt 0.171875 0.0714285746216774
vt 0.171875 0.1428571492433548
vt 0.171875 0.2142857164144516
vt 0.171875 0.2857142984867096
vt 0.171875 0.3571428656578064
vt 0.171875 0.4285714328289032
vt 0.171875 0.5
vt 0.171875 0.5714285969734192
vt 0.171875 0.6428571343421936
vt 0.171875 0.7142857313156128
vt 0.171875 0.7857142686843872
vt 0.171875 0.8571428656578064
vt 0.171875 0.9285714030265808
vt 0.171875 1
vt 0.1875 0
vt 0.1875 0.0714285746216774
vt 0.1875 0.1428571492433548
vt 0.1875 0.2142857164144516
vt 0.1875 0.2857142984867096
vt 0.1875 0.3571428656578064
vt 0.1875 0.4285714328289032
vt 0.1875 0.5
vt 0.1875 0.5714285969734192
vt 0.1875 0.6428571343421936
vt 0.1875 0.7142857313156128
vt 0.1875 0.7857142686843872
vt 0.1875 0.8571428656578064
vt 0.1875 0.9285714030265808
vt 0.1875 1
vt 0.203125 0
vt 0.203125 0.0714285746216774
vt 0.203125 0.1428571492433548
vt 0.203125 0.2142857164144516
vt 0.203125 0.2857142984867096
vt 0.203125 0.3571428656578064
vt 0.203125 0.4285714328289032
vt 0.203125 0.5
vt 0.203125 0.5714285969734192
vt 0.203125 0.6428571343421936
vt 0.203125 0.7142857313156128
vt 0.203125 0.7857142686843872
vt 0.203125 0.8571428656578064
vt 0.203125 0.9285714030265808
vt 0.203125 1
vt 0.21875 0
vt 0.21875 0.0714285746216774
vt 0.21875 0.1428571492433548
vt 0.21875 0.2142857164144516
vt 0.21875 0.2857142984867096
vt 0.21875 0.3571428656578064
vt 0.21875 0.4285714328289032
vt 0.21875 0.5
vt 0.21875 0.5714285969734192
vt 0.21875 0.6428571343421936
vt 0.21875 0.7142857313156128
vt 0.21875 0.7857142686843872
vt 0.21875 0.8571428656578064
vt 0.21875 0.9285714030265808
vt 0.21875 1
vt 0.234375 0
vt 0.234375 0.0714285746216774
vt 0.234375 0.1428571492433548
vt 0.234375 0.2142857164144516
vt 0.234375 0.2857142984867096
vt 0.234375 0.3571428656578064
vt 0.234375 0.4285714328289032
vt 0.234375 0.5
vt 0.234375 0.5714285969734192
vt 0.234375 0.6428571343421936
vt 0.234375 0.7142857313156128
vt 0.234375 0.7857142686843872
vt 0.234375 0.8571428656578064
vt 0.234375 0.9285714030265808
vt 0.234375 1
vt 0.25 0
vt 0.25 0.0714285746216774
vt 0.25 0.1428571492433548
vt 0.25 0.2142857164144516
vt 0.25 0.2857142984867096
vt 0.25 0.3571428656578064
vt 0.25 0.4285714328289032
vt 0.25 0.5
vt 0.25 0.5714285969734192
vt 0.25 0.6428571343421936
vt 0.25 0.7142857313156128
vt 0.25 0.7857142686843872
vt 0.25 0.8571428656578064
vt 0.25 0.9285714030265808
vt 0.25 1
vt 0.265625 0
vt 0.265625 0.0714285746216774
vt 0.265625 0.1428571492433548
vt 0.265625 0.2142857164144516
vt 0.265625 0.2857142984867096
vt 0.265625 0.3571428656578064
vt 0.265625 0.4285714328289032
vt 0.265625 0.5
vt 0.265625 0.5714285969734192
vt 0.265625 0.6428571343421936
vt 0.265625 0.7142857313156128
vt 0.265625 0.7857142686843872
vt 0.265625 0.8571428656578064
vt 0.265625 0.9285714030265808
vt 0.265625 1
vt 0.28125 0
vt 0.28125 0.0714285746216774
vt 0.28125 0.1428571492433548
vt 0.28125 0.2142857164144516
vt 0.28125 0.2857142984867096
vt 0.28125 0.3571428656578064
vt 0.28125 0.4285714328289032
vt 0.28125 0.5
vt 0.28125 0.5714285969734192
vt 0.28125 0.6428571343421936
vt 0.28125 0.7142857313156128
vt 0.28125 0.7857142686843872
vt 0.28125 0.8571428656578064
vt 0.28125 0.9285714030265808
vt 0.28125 1
vt 0.296875 0
vt 0.296875 0.0714285746216774
vt 0.296875 0.1428571492433548
vt 0.296875 0.2142857164144516
vt 0.296875 0.2857142984867096
vt 0.296875 0.3571428656578064
vt 0.296875 0.4285714328289032
vt 0.296875 0.5
vt 0.296875 0.5714285969734192
vt 0.296875 0.6428571343421936
vt 0.296875 0.7142857313156128
vt 0.296875 0.7857142686843872
vt 0.296875 0.8571428656578064
vt 0.296875 0.9285714030265808
vt 0.296875 1
vt 0.3125 0
vt 0.3125 0.0714285746216774
vt 0.3125 0.1428571492433548
vt 0.3125 0.2142857164144516
vt 0.3125 0.2857142984867096
vt 0.3125 0.3571428656578064
vt 0.3125 0.4285714328289032
vt 0.3125 0.5
vt 0.3125 0.5714285969734192
vt 0.3125 0.6428571343421936
vt 0.3125 0.7142857313156128
vt 0.3125 0.7857142686843872
vt 0.3125 0.8571428656578064
vt 0.3125 0.9285714030265808
vt 0.3125 1
vt 0.328125 0
vt 0.328125 0.0714285746216774
vt 0.328125 0.1428571492433548
vt 0.328125 0.2142857164144516
vt 0.328125 0.2857142984867096
vt 0.328125 0.3571428656578064
vt 0.328125 0.4285714328289032
vt 0.328125 0.5
vt 0.328125 0.5714285969734192
vt 0.328125 0.6428571343421936
vt 0.328125 0.7142857313156128
vt 0.328125 0.7857142686843872
vt 0.328125 0.8571428656578064
vt 0.328125 0.9285714030265808
vt 0.328125 1
vt 0.34375 0
vt 0.34375 0.0714285746216774
vt 0.34375 0.1428571492433548
vt 0.34375 0.2142857164144516
vt 0.34375 0.2857142984867096
vt 0.34375 0.3571428656578064
vt 0.34375 0.4285714328289032
vt 0.34375 0.5
vt 0.34375 0.5714285969734192
vt 0.34375 0.6428571343421936
vt 0.34375 0.7142857313156128
vt 0.34375 0.7857142686843872
vt 0.34375 0.8571428656578064
vt 0.34375 0.9285714030265808
vt 0.34375 1
vt 0.359375 0
vt 0.359375 0.0714285746216774
vt 0.359375 0.1428571492433548
vt 0.359375 0.2142857164144516
vt 0.359375 0.2857142984867096
vt 0.359375 0.3571428656578064
vt 0.359375 0.4285714328289032
vt 0.359375 0.5
vt 0.359375 0.5714285969734192
vt 0.359375 0.6428571343421936
vt 0.359375 0.7142857313156128
vt 0.359375 0.7857142686843872
vt 0.359375 0.8571428656578064
vt 0.359375 0.9285714030265808
vt 0.359375 1
vt 0.375 0
vt 0.375 0.0714285746216774
vt 0.375 0.1428571492433548
vt 0.375 0.2142857164144516
vt 0.375 0.2857142984867096
vt 0.375 0.3571428656578064
vt 0.375 0.4285714328289032
vt 0.375 0.5
vt 0.375 0.5714285969734192
vt 0.375 0.6428571343421936
vt 0.375 0.7142857313156128
vt 0.375 0.7857142686843872
vt 0.375 0.8571428656578064
vt 0.375 0.9285714030265808
vt 0.375 1
vt 0.390625 0
vt 0.390625 0.0714285746216774
vt 0.390625 0.1428571492433548
vt 0.390625 0.2142857164144516
vt 0.390625 0.2857142984867096
vt 0.390625 0.3571428656578064
vt 0.390625 0.4285714328289032
vt 0.390625 0.5
vt 0.390625 0.5714285969734192
vt 0.390625 0.6428571343421936
vt 0.390625 0.7142857313156128
vt 0.390625 0.7857142686843872
vt 0.390625 0.8571428656578064
vt 0.390625 0.9285714030265808
vt 0.390625 1
vt 0.40625 0
vt 0.40625 0.0714285746216774
vt 0.40625 0.1428571492433548
vt 0.40625 0.2142857164144516
vt 0.40625 0.2857142984867096
vt 0.40625 0.3571428656578064
vt 0.40625 0.4285714328289032
vt 0.40625 0.5
vt 0.40625 0.5714285969734192
vt 0.40625 0.6428571343421936
vt 0.40625 0.7142857313156128
vt 0.40625 0.7857142686843872
vt 0.40625 0.8571428656578064
vt 0.40625 0.9285714030265808
vt 0.40625 1
vt 0.421875 0
vt 0.421875 0.0714285746216774
vt 0.421875 0.1428571492433548
vt 0.421875 0.2142857164144516
vt 0.421875 0.2857142984867096
vt 0.421875 0.3571428656578064
vt 0.421875 0.4285714328289032
vt 0.421875 0.5
vt 0.421875 0.5714285969734192
vt 0.421875 0.6428571343421936
vt 0.421875 0.7142857313156128
vt 0.421875 0.7857142686843872
vt 0.421875 0.8571428656578064
vt 0.421875 0.9285714030265808
vt 0.421875 1
vt 0.4375 0
vt 0.4375 0.0714285746216774
vt 0.4375 0.1428571492433548
vt 0.4375 0.2142857164144516
vt 0.4375 0.2857142984867096
vt 0.4375 0.3571428656578064
vt 0.4375 0.4285714328289032
vt 0.4375 0.5
vt 0.4375 0.5714285969734192
vt 0.4375 0.6428571343421936
vt 0.4375 0.7142857313156128
vt 0.4375 0.7857142686843872
vt 0.4375 0.8571428656578064
vt 0.4375 0.9285714030265808
vt 0.4375 1
vt 0.453125 0
vt 0.453125 0.0714285746216774
vt 0.453125 0.1428571492433548
vt 0.453125 0.2142857164144516
vt 0.453125 0.2857142984867096
vt 0.453125 0.3571428656578064
vt 0.453125 0.4285714328289032
vt 0.453125 0.5
vt 0.453125 0.5714285969734192
vt 0.453125 0.6428571343421936
vt 0.453125 0.7142857313156128
vt 0.453125 0.7857142686843872
vt 0.453125 0.8571428656578064
vt 0.453125 0.9285714030265808
vt 0.453125 1
vt 0.46875 0
vt 0.46875 0.0714285746216774
vt 0.46875 0.1428571492433548
vt 0.46875 0.2142857164144516
vt 0.46875 0.2857142984867096
vt 0.46875 0.3571428656578064
vt 0.46875 0.4285714328289032
vt 0.46875 0.5
vt 0.46875 0.5714285969734192
vt 0.46875 0.6428571343421936
vt 0.46875 0.7142857313156128
vt 0.46875 0.7857142686843872
vt 0.46875 0.8571428656578064
vt 0.46875 0.9285714030265808
vt 0.46875 1
vt 0.484375 0
vt 0.484375 0.0714285746216774
vt 0.484375 0.1428571492433548
vt 0.484375 0.2142857164144516
vt 0.484375 0.2857142984867096
vt 0.484375 0.3571428656578064
vt 0.484375 0.4285714328289032
vt 0.484375 0.5
vt 0.484375 0.5714285969734192
vt 0.484375 0.6428571343421936
vt 0.484375 0.7142857313156128
vt 0.484375 0.7857142686843872
vt 0.484375 0.8571428656578064
vt 0.484375 0.9285714030265808
vt 0.484375 1
vt 0.5 0
vt 0.5 0.0714285746216774
vt 0.5 0.1428571492433548
vt 0.5 0.2142857164144516
vt 0.5 0.2857142984867096
vt 0.5 0.3571428656578064
vt 0.5 0.4285714328289032
vt 0.5 0.5
vt 0.5 0.5714285969734192
vt 0.5 0.6428571343421936
vt 0.5 0.7142857313156128
vt 0.5 0.7857142686843872
vt 0.5 0.8571428656578064
vt 0.5 0.9285714030265808
vt 0.5 1
vt 0.515625 0
vt 0.515625 0.0714285746216774
vt 0.515625 0.1428571492433548
vt 0.515625 0.2142857164144516
vt 0.515625 0.2857142984867096
vt 0.515625 0.3571428656578064
vt 0.515625 0.4285714328289032
vt 0.515625 0.5
vt 0.515625 0.5714285969734192
vt 0.515625 0.6428571343421936
vt 0.515625 0.7142857313156128
vt 0.515625 0.7857142686843872
vt 0.515625 0.8571428656578064
vt 0.515625 0.9285714030265808
vt 0.515625 1
vt 0.53125 0
vt 0.53125 0.0714285746216774
vt 0.53125 0.1428571492433548
vt 0.53125 0.2142857164144516
vt 0.53125 0.2857142984867096
vt 0.53125 0.3571428656578064
vt 0.53125 0.4285714328289032
vt 0.53125 0.5
vt 0.53125 0.5714285969734192
vt 0.53125 0.6428571343421936
vt 0.53125 0.7142857313156128
vt 0.53125 0.7857142686843872
vt 0.53125 0.8571428656578064
vt 0.53125 0.9285714030265808
vt 0.53125 1
vt 0.546875 0
vt 0.546875 0.0714285746216774
vt 0.546875 0.1428571492433548
vt 0.546875 0.2142857164144516
vt 0.546875 0.2857142984867096
vt 0.546875 0.3571428656578064
vt 0.546875 0.4285714328289032
vt 0.546875 0.5
vt 0.546875 0.5714285969734192
vt 0.546875 0.6428571343421936
vt 0.546875 0.7142857313156128
vt 0.546875 0.7857142686843872
vt 0.546875 0.8571428656578064
vt 0.546875 0.9285714030265808
vt 0.546875 1
vt 0.5625 0
vt 0.5625 0.0714285746216774
vt 0.5625 0.1428571492433548
vt 0.5625 0.2142857164144516
vt 0.5625 0.2857142984867096
vt 0.5625 0.3571428656578064
vt 0.5625 0.4285714328289032
vt 0.5625 0.5
vt 0.5625 0.5714285969734192
vt 0.5625 0.6428571343421936
vt 0.5625 0.7142857313156128
vt 0.5625 0.7857142686843872
vt 0.5625 0.8571428656578064
vt 0.5625 0.9285714030265808
vt 0.5625 1
vt 0.578125 0
vt 0.578125 0.0714285746216774
vt 0.578125 0.1428571492433548
vt 0.578125 0.2142857164144516
vt 0.578125 0.2857142984867096
vt 0.578125 0.3571428656578064
vt 0.578125 0.4285714328289032
vt 0.578125 0.5
vt 0.578125 0.5714285969734192
vt 0.578125 0.6428571343421936
vt 0.578125 0.7142857313156128
vt 0.578125 0.7857142686843872
vt 0.578125 0.8571428656578064
vt 0.578125 0.9285714030265808
vt 0.578125 1
vt 0.59375 0
vt 0.59375 0.0714285746216774
vt 0.59375 0.1428571492433548
vt 0.59375 0.2142857164144516
vt 0.59375 0.2857142984867096
vt 0.59375 0.3571428656578064
vt 0.59375 0.4285714328289032
vt 0.59375 0.5
vt 0.59375 0.5714285969734192
vt 0.59375 0.6428571343421936
vt 0.59375 0.7142857313156128
vt 0.59375 0.7857142686843872
vt 0.59375 0.8571428656578064
vt 0.59375 0.9285714030265808
vt 0.59375 1
vt 0.609375 0
vt 0.609375 0.0714285746216774
vt 0.609375 0.1428571492433548
vt 0.609375 0.2142857164144516
vt 0.609375 0.2857142984867096
vt 0.609375 0.3571428656578064
vt 0.609375 0.4285714328289032
vt 0.609375 0.5
vt 0.609375 0.5714285969734192
vt 0.609375 0.6428571343421936
vt 0.609375 0.7142857313156128
vt 0.609375 0.7857142686843872
vt 0.609375 0.8571428656578064
vt 0.609375 0.9285714030265808
vt 0.609375 1
vt 0.625 0
vt 0.625 0.0714285746216774
vt 0.625 0.1428571492433548
vt 0.625 0.2142857164144516
vt 0.625 0.2857142984867096
vt 0.625 0.3571428656578064
vt 0.625 0.4285714328289032
vt 0.625 0.5
vt 0.625 0.5714285969734192
vt 0.625 0.6428571343421936
vt 0.625 0.7142857313156128
vt 0.625 0.7857142686843872
vt 0.625 0.8571428656578064
vt 0.625 0.9285714030265808
vt 0.625 1
vt 0.640625 0
vt 0.640625 0.0714285746216774
vt 0.640625 0.1428571492433548
vt 0.640625 0.2142857164144516
vt 0.640625 0.2857142984867096
vt 0.640625 0.3571428656578064
vt 0.640625 0.4285714328289032
vt 0.640625 0.5
vt 0.640625 0.5714285969734192
vt 0.640625 0.6428571343421936
vt 0.640625 0.7142857313156128
vt 0.640625 0.7857142686843872
vt 0.640625 0.8571428656578064
vt 0.640625 0.9285714030265808
vt 0.640625 1
vt 0.65625 0
vt 0.65625 0.0714285746216774
vt 0.65625 0.1428571492433548
vt 0.65625 0.2142857164144516
vt 0.65625 0.2857142984867096
vt 0.65625 0.3571428656578064
vt 0.65625 0.4285714328289032
vt 0.65625 0.5
vt 0.65625 0.5714285969734192
vt 0.65625 0.6428571343421936
vt 0.65625 0.7142857313156128
vt 0.65625 0.7857142686843872
vt 0.65625 0.8571428656578064
vt 0.65625 0.9285714030265808
vt 0.65625 1
vt 0.671875 0
vt 0.671875 0.0714285746216774
vt 0.671875 0.1428571492433548
vt 0.671875 0.2142857164144516
vt 0.671875 0.2857142984867096
vt 0.671875 0.3571428656578064
vt 0.671875 0.4285714328289032
vt 0.671875 0.5
vt 0.671875 0.5714285969734192
vt 0.671875 0.6428571343421936
vt 0.671875 0.7142857313156128
vt 0.671875 0.7857142686843872
vt 0.671875 0.8571428656578064
vt 0.671875 0.9285714030265808
vt 0.671875 1
vt 0.6875 0
vt 0.6875 0.0714285746216774
vt 0.6875 0.1428571492433548
vt 0.6875 0.2142857164144516
vt 0.6875 0.2857142984867096
vt 0.6875 0.3571428656578064
vt 0.6875 0.4285714328289032
vt 0.6875 0.5
vt 0.6875 0.5714285969734192
vt 0.6875 0.6428571343421936
vt 0.6875 0.7142857313156128
vt 0.6875 0.7857142686843872
vt 0.6875 0.8571428656578064
vt 0.6875 0.9285714030265808
vt 0.6875 1
vt 0.703125 0
vt 0.703125 0.0714285746216774
vt 0.703125 0.1428571492433548
vt 0.703125 0.2142857164144516
vt 0.703125 0.2857142984867096
vt 0.703125 0.3571428656578064
vt 0.703125 0.4285714328289032
vt 0.703125 0.5
vt 0.703125 0.5714285969734192
vt 0.703125 0.6428571343421936
vt 0.703125 0.7142857313156128
vt 0.703125 0.7857142686843872
vt 0.703125 0.8571428656578064
vt 0.703125 0.9285714030265808
vt 0.703125 1
vt 0.71875 0
vt 0.71875 0.0714285746216774
vt 0.71875 0.1428571492433548
vt 0.71875 0.2142857164144516
vt 0.71875 0.2857142984867096
vt 0.71875 0.3571428656578064
vt 0.71875 0.4285714328289032
vt 0.71875 0.5
vt 0.71875 0.5714285969734192
vt 0.71875 0.6428571343421936
vt 0.71875 0.7142857313156128
vt 0.71875 0.7857142686843872
vt 0.71875 0.8571428656578064
vt 0.71875 0.9285714030265808
vt 0.71875 1
vt 0.734375 0
vt 0.734375 0.0714285746216774
vt 0.734375 0.1428571492433548
vt 0.734375 0.2142857164144516
vt 0.734375 0.2857142984867096
vt 0.734375 0.3571428656578064
vt 0.734375 0.4285714328289032
vt 0.734375 0.5
vt 0.734375 0.5714285969734192
vt 0.734375 0.6428571343421936
vt 0.734375 0.7142857313156128
vt 0.734375 0.7857142686843872
vt 0.734375 0.8571428656578064
vt 0.734375 0.9285714030265808
vt 0.734375 1
vt 0.75 0
vt 0.75 0.0714285746216774
vt 0.75 0.1428571492433548
vt 0.75 0.2142857164144516
vt 0.75 0.2857142984867096
vt 0.75 0.3571428656578064
vt 0.75 0.4285714328289032
vt 0.75 0.5
vt 0.75 0.5714285969734192
vt 0.75 0.6428571343421936
vt 0.75 0.7142857313156128
vt 0.75 0.7857142686843872
vt 0.75 0.8571428656578064
vt 0.75 0.9285714030265808
vt 0.75 1
vt 0.765625 0
vt 0.765625 0.0714285746216774
vt 0.765625 0.1428571492433548
vt 0.765625 0.2142857164144516
vt 0.765625 0.2857142984867096
vt 0.765625 0.3571428656578064
vt 0.765625 0.4285714328289032
vt 0.765625 0.5
vt 0.765625 0.5714285969734192
vt 0.765625 0.6428571343421936
vt 0.765625 0.7142857313156128
vt 0.765625 0.7857142686843872
vt 0.765625 0.8571428656578064
vt 0.765625 0.9285714030265808
vt 0.765625 1
vt 0.78125 0
vt 0.78125 0.0714285746216774
vt 0.78125 0.1428571492433548
vt 0.78125 0.2142857164144516
vt 0.78125 0.2857142984867096
vt 0.78125 0.3571428656578064
vt 0.78125 0.4285714328289032
vt 0.78125 0.5
vt 0.78125 0.5714285969734192
vt 0.78125 0.6428571343421936
vt 0.78125 0.7142857313156128
vt 0.78125 0.7857142686843872
vt 0.78125 0.8571428656578064
vt 0.78125 0.9285714030265808
vt 0.78125 1
vt 0.796875 0
vt 0.796875 0.0714285746216774
vt 0.796875 0.1428571492433548
vt 0.796875 0.2142857164144516
vt 0.796875 0.2857142984867096
vt 0.796875 0.3571428656578064
vt 0.796875 0.4285714328289032
vt 0.796875 0.5
vt 0.796875 0.5714285969734192
vt 0.796875 0.6428571343421936
vt 0.796875 0.7142857313156128
vt 0.796875 0.7857142686843872
vt 0.796875 0.8571428656578064
vt 0.796875 0.9285714030265808
vt 0.796875 1
vt 0.8125 0
vt 0.8125 0.0714285746216774
vt 0.8125 0.1428571492433548
vt 0.8125 0.2142857164144516
vt 0.8125 0.2857142984867096
vt 0.8125 0.3571428656578064
vt 0.8125 0.4285714328289032
vt 0.8125 0.5
vt 0.8125 0.5714285969734192
vt 0.8125 0.6428571343421936
vt 0.8125 0.7142857313156128
vt 0.8125 0.7857142686843872
vt 0.8125 0.8571428656578064
vt 0.8125 0.9285714030265808
vt 0.8125 1
vt 0.828125 0
vt 0.828125 0.0714285746216774
vt 0.828125 0.1428571492433548
vt 0.828125 0.2142857164144516
vt 0.828125 0.2857142984867096
vt 0.828125 0.3571428656578064
vt 0.828125 0.4285714328289032
vt 0.828125 0.5
vt 0.828125 0.5714285969734192
vt 0.828125 0.6428571343421936
vt 0.828125 0.7142857313156128
vt 0.828125 0.7857142686843872
vt 0.828125 0.8571428656578064
vt 0.828125 0.9285714030265808
vt 0.828125 1
vt 0.84375 0
vt 0.84375 0.0714285746216774
vt 0.84375 0.1428571492433548
vt 0.84375 0.2142857164144516
vt 0.84375 0.2857142984867096
vt 0.84375 0.3571428656578064
vt 0.84375 0.4285714328289032
vt 0.84375 0.5
vt 0.84375 0.5714285969734192
vt 0.84375 0.6428571343421936
vt 0.84375 0.7142857313156128
vt 0.84375 0.7857142686843872
vt 0.84375 0.8571428656578064
vt 0.84375 0.9285714030265808
vt 0.84375 1
vt 0.859375 0
vt 0.859375 0.0714285746216774
vt 0.859375 0.1428571492433548
vt 0.859375 0.2142857164144516
vt 0.859375 0.2857142984867096
vt 0.859375 0.3571428656578064
vt 0.859375 0.4285714328289032
vt 0.859375 0.5
vt 0.859375 0.5714285969734192
vt 0.859375 0.6428571343421936
vt 0.859375 0.7142857313156128
vt 0.859375 0.7857142686843872
vt 0.859375 0.8571428656578064
vt 0.859375 0.9285714030265808
vt 0.859375 1
vt 0.875 0
vt 0.875 0.0714285746216774
vt 0.875 0.1428571492433548
vt 0.875 0.2142857164144516
vt 0.875 0.2857142984867096
vt 0.875 0.3571428656578064
vt 0.875 0.4285714328289032
vt 0.875 0.5
vt 0.875 0.5714285969734192
vt 0.875 0.6428571343421936
vt 0.875 0.7142857313156128
vt 0.875 0.7857142686843872
vt 0.875 0.8571428656578064
vt 0.875 0.9285714030265808
vt 0.875 1
vt 0.890625 0
vt 0.890625 0.0714285746216774
vt 0.890625 0.1428571492433548
vt 0.890625 0.2142857164144516
vt 0.890625 0.2857142984867096
vt 0.890625 0.3571428656578064
vt 0.890625 0.4285714328289032
vt 0.890625 0.5
vt 0.890625 0.5714285969734192
vt 0.890625 0.6428571343421936
vt 0.890625 0.7142857313156128
vt 0.890625 0.7857142686843872
vt 0.890625 0.8571428656578064
vt 0.890625 0.9285714030265808
vt 0.890625 1
vt 0.90625 0
vt 0.90625 0.0714285746216774
vt 0.90625 0.1428571492433548
vt 0.90625 0.2142857164144516
vt 0.90625 0.2857142984867096
vt 0.90625 0.3571428656578064
vt 0.90625 0.4285714328289032
vt 0.90625 0.5
vt 0.90625 0.5714285969734192
vt 0.90625 0.6428571343421936
vt 0.90625 0.7142857313156128
vt 0.90625 0.7857142686843872
vt 0.90625 0.8571428656578064
vt 0.90625 0.9285714030265808
vt 0.90625 1
vt 0.921875 0
vt 0.921875 0.0714285746216774
vt 0.921875 0.1428571492433548
vt 0.921875 0.2142857164144516
vt 0.921875 0.2857142984867096
vt 0.921875 0.3571428656578064
vt 0.921875 0.4285714328289032
vt 0.921875 0.5
vt 0.921875 0.5714285969734192
vt 0.921875 0.6428571343421936
vt 0.921875 0.7142857313156128
vt 0.921875 0.7857142686843872
vt 0.921875 0.8571428656578064
vt 0.921875 0.9285714030265808
vt 0.921875 1
vt 0.9375 0
vt 0.9375 0.0714285746216774
vt 0.9375 0.1428571492433548
vt 0.9375 0.2142857164144516
vt 0.9375 0.2857142984867096
vt 0.9375 0.3571428656578064
vt 0.9375 0.4285714328289032
vt 0.9375 0.5
vt 0.9375 0.5714285969734192
vt 0.9375 0.6428571343421936
vt 0.9375 0.7142857313156128
vt 0.9375 0.7857142686843872
vt 0.9375 0.8571428656578064
vt 0.9375 0.9285714030265808
vt 0.9375 1
vt 0.953125 0
vt 0.953125 0.0714285746216774
vt 0.953125 0.1428571492433548
vt 0.953125 0.2142857164144516
vt 0.953125 0.2857142984867096
vt 0.953125 0.3571428656578064
vt 0.953125 0.4285714328289032
vt 0.953125 0.5
vt 0.953125 0.5714285969734192
vt 0.953125 0.6428571343421936
vt 0.953125 0.7142857313156128
vt 0.953125 0.7857142686843872
vt 0.953125 0.8571428656578064
vt 0.953125 0.9285714030265808
vt 0.953125 1
vt 0.96875 0
vt 0.96875 0.0714285746216774
vt 0.96875 0.1428571492433548
vt 0.96875 0.2142857164144516
vt 0.96875 0.2857142984867096
vt 0.96875 0.3571428656578064
vt 0.96875 0.4285714328289032
vt 0.96875 0.5
vt 0.96875 0.5714285969734192
vt 0.96875 0.6428571343421936
vt 0.96875 0.7142857313156128
vt 0.96875 0.7857142686843872
vt 0.96875 0.8571428656578064
vt 0.96875 0.9285714030265808
vt 0.96875 1
vt 0.984375 0
vt 0.984375 0.0714285746216774
vt 0.984375 0.1428571492433548
vt 0.984375 0.2142857164144516
vt 0.984375 0.2857142984867096
vt 0.984375 0.3571428656578064
vt 0.984375 0.4285714328289032
vt 0.984375 0.5
vt 0.984375 0.5714285969734192
vt 0.984375 0.6428571343421936
vt 0.984375 0.7142857313156128
vt 0.984375 0.7857142686843872
vt 0.984375 0.8571428656578064
vt 0.984375 0.9285714030265808
vt 0.984375 1
vt 1 0
vt 1 0.0714285746216774
vt 1 0.1428571492433548
vt 1 0.2142857164144516
vt 1 0.2857142984867096
vt 1 0.3571428656578064
vt 1 0.4285714328289032
vt 1 0.5
vt 1 0.5714285969734192
vt 1 0.6428571343421936
vt 1 0.7142857313156128
vt 1 0.7857142686843872
vt 1 0.8571428656578064
vt 1 0.9285714030265808
vt 1 1
vn 0 -1 0
vn -0.0006084183712295036 -0.9984322215946512 0.055970784420580406
vn -0.002119247564342549 -0.9713680723871994 0.23757015119020655
vn -0.0024739648709273337 -0.8481097986702733 0.5298147307288518
vn -0.0017617249215280467 -0.5922285257724647 0.8057681239579251
vn -0.012442850474302316 -0.30215057649342264 0.9531789992424122
vn -0.0462314598431264 -0.08090586963272428 0.9956489805045483
vn -0.054607347551609974 0.15868687890559688 0.9858176870276664
vn -0.028969456087387185 0.4510912389003869 0.8920075475024384
vn -0.008434509893081664 0.6892277626648481 0.7244956523091574
vn 0.003269856761540234 0.8439998538618466 0.5363334361364587
vn 0.008952612920031154 0.9262197542723589 0.3768777222356812
vn 0.008641980373137763 0.9658412096682352 0.2589904899447672
vn 0.010255730443260384 0.9853709082924548 0.1701146468825596
vn -0.000624107027932248 0.9936040729479946 0.11291836303973733
vn 0 -1 0
vn 0.004463180301538593 -0.9982353748743142 0.05921331244858075
vn 0.020513123009501137 -0.9704096964514498 0.24059142299218006
vn 0.04879520813603413 -0.8470951284213353 0.5291964390165553
vn 0.07609488866054506 -0.590685729169826 0.8033056312978579
vn 0.10353532560723161 -0.29424918059448985 0.9501041290673753
vn 0.18831291729715705 -0.04157630339801617 0.9812286462261435
vn 0.34380939067880784 0.2207405830844943 0.9127259708480878
vn 0.43582957776813375 0.450738994134742 0.7790294848777235
vn 0.44590305599693636 0.6395135424026216 0.6262530588637819
vn 0.39909511930873764 0.7830156112653782 0.47708451898866994
vn 0.32502043633335437 0.8792203173181412 0.3483293693914755
vn 0.24856258855668328 0.9366043182482109 0.2469594918378418
vn 0.17776094196114722 0.9698610803119545 0.1666449291434166
vn 0.12375691538252175 0.9862284664454182 0.10971616958189045
vn 0 -1 0
vn 0.01024561158792072 -0.9982353749475887 0.058490714189830345
vn 0.043996394273448106 -0.9704097044105748 0.2374222459600535
vn 0.10043069661019481 -0.8470951268766739 0.5218654244153207
vn 0.15446648031140223 -0.5906857263390177 0.7919788375705213
vn 0.19736718924145766 -0.2756581575524289 0.9407756229759181
vn 0.24098130083782368 0.02380822835911009 0.9702376929953354
vn 0.2396118127295478 0.2811716716852079 0.9292624334611863
vn 0.1941754053735499 0.5021644185083379 0.8426902210968159
vn 0.1386718858474931 0.6873572863875224 0.7129586726630662
vn 0.08636621290629232 0.8232554106581067 0.5610627470171023
vn 0.04557769010376179 0.9073186536362161 0.41796594948460786
vn 0.015345663841453125 0.9534111071329349 0.3012835398703629
vn -0.010689798552038422 0.9779816095596331 0.20841712878279967
vn -0.033482856916338476 0.9892905315447734 0.14206738713927217
vn 0 -1 0
vn 0.015929378096520067 -0.9982353748749457 0.05720481851850184
vn 0.06705612005233637 -0.9704097001665191 0.23196657213110067
vn 0.1510989648725621 -0.8470951221980243 0.5095085443471525
vn 0.23134997965939613 -0.5906857374387042 0.7730249326497116
vn 0.2647972409162889 -0.28220120117189984 0.9220872536046997
vn 0.2003188222610918 -0.015087471825703821 0.9796145862745398
vn 0.032063159568149986 0.20753632147026285 0.9777017076128584
vn -0.10311388142888495 0.44034608850633356 0.8918872405152134
vn -0.16844444883237 0.6316920896003425 0.7566978073140639
vn -0.1799674931119749 0.7795897734942717 0.599876225971776
vn -0.15888446242198584 0.8787122187829826 0.45013394024708286
vn -0.12516955762636534 0.9375923074686272 0.3244275679088868
vn -0.08842175357254331 0.9711592091268333 0.22143031414713796
vn -0.056581639354708446 0.9879170165143928 0.14428612743169297
vn 0 -1 0
vn 0.02145973097781318 -0.9982353744612762 0.05536801532035705
vn 0.08946990249199371 -0.9704096943122014 0.2242769754856111
vn 0.20031179890415243 -0.8470951489042196 0.49224484956444237
vn 0.30600559735557553 -0.5906857256773261 0.746626377693762
vn 0.35178647323305023 -0.30069214856109433 0.8864708168033312
vn 0.33715990446689004 -0.08055213156102502 0.9379949642300073
vn 0.32918628275375894 0.15834030136274294 0.930894591353456
vn 0.32086304313198594 0.4505330391999669 0.8331067687525547
vn 0.2861478263242334 0.6879672846763005 0.6669486012467785
vn 0.2333216376872986 0.8424351839286275 0.4856582896091207
vn 0.18110809128754385 0.9246365035442063 0.33503312609908803
vn 0.14031663375374911 0.9643103369246528 0.22453689316519565
vn 0.1120768403305316 0.9836018596903685 0.14130167541530908
vn 0.09642104067748754 0.9919522413200235 0.08205933130883032
vn 0 -1 0
vn 0.026783396351906893 -0.9982353744540284 0.05299798928716485
vn 0.11102198157483138 -0.9704096994762471 0.21442745805893715
vn 0.2475957002199718 -0.8470951406962037 0.470240568051567
vn 0.3777143057804223 -0.5906857842917883 0.7130373113971025
vn 0.4592430284009416 -0.29424920616945427 0.8381606322977583
vn 0.5494781130345823 -0.04157636309964287 0.8344730129413183
vn 0.6669235864858741 0.22074070702996154 0.7116786283490121
vn 0.700775732869759 0.450738930448678 0.5529446525637388
vn 0.6516174694964332 0.6395135542430164 0.40794250500104723
vn 0.5512880601055441 0.7830156567610562 0.2880415873656399
vn 0.43357952535233263 0.8792203483494999 0.1974344808877871
vn 0.3241491899539142 0.9366043168837027 0.1330400550474709
vn 0.228001935455256 0.9698610824631081 0.08593368461869731
vn 0.15632303081804128 0.9862284674662497 0.054004814554206755
vn 0 -1 0
vn 0.031849139387056 -0.9982353746106875 0.05011755377274896
vn 0.13150498428613852 -0.9704097029653607 0.20251283292320726
vn 0.2924951647080178 -0.847095141758706 0.44370756071001005
vn 0.4457854388381672 -0.5906857924810633 0.6725813237675283
vn 0.5423628739088912 -0.2756581034472316 0.7936341241461101
vn 0.5939319259996199 0.023808373644345175 0.804162936613466
vn 0.5769859081330788 0.2811716259832074 0.7668309973897806
vn 0.501878206948306 0.5021644284553614 0.7042365740178888
vn 0.40095349274771946 0.6873572915398521 0.605620549866336
vn 0.2945013674582484 0.8232553691477076 0.4853035562765779
vn 0.20205686001382459 0.9073186743551056 0.36870835152983383
vn 0.12947371688725093 0.9534111086768331 0.2724771815895999
vn 0.06988174365470533 0.9779816125996253 0.19664309629583837
vn 0.023432770881406818 0.9892905412524879 0.1440664091215536
vn 0 -1 0
vn 0.036608158461566155 -0.9982353750277496 0.04675445195123893
vn 0.1507214326228983 -0.970409703208782 0.188647972865719
vn 0.33457756507460296 -0.8470951436466059 0.412901526467372
vn 0.5095634335646013 -0.5906857703495584 0.625648006374513
vn 0.597508438778774 -0.2822010854333876 0.7505639299675743
vn 0.5599526116166964 -0.015087475863450843 0.8283872529292753
vn 0.4037725603207385 0.20753618950358382 0.891008669754884
vn 0.24604549739248807 0.4403461468520139 0.8634563591551502
vn 0.1339532567773659 0.6316919846535666 0.7635586169529981
vn 0.06329454359349061 0.779589816771387 0.6230838774496149
vn 0.025468857466310987 0.8787122794904269 0.47667186530368966
vn 0.008511579740633166 0.9375923435812066 0.34763220545314766
vn 0.00304668089120613 0.9711592040878502 0.23841249558485977
vn 0.0029412526705407905 0.9879170083028778 0.15495590901485456
vn 0 -1 0
vn 0.04101460306689026 -0.9982353751983429 0.04294109963530408
vn 0.16848643355631712 -0.9704097046688016 0.17296625911455088
vn 0.37343799512979337 -0.8470951192864005 0.3781189266283813
vn 0.5684338192273024 -0.5906857827654447 0.5726895312448416
vn 0.6642460234238067 -0.30069214138314304 0.6843693859868949
vn 0.6704503218474506 -0.08055215978676229 0.73756878695369
vn 0.6603665358074653 0.15834020093065077 0.7340602285609057
vn 0.6152551010838612 0.45053313966676434 0.6469011135036759
vn 0.5195963516143657 0.6879673180807644 0.5066760312485687
vn 0.4014145219424942 0.8424351390696521 0.3594014719424155
vn 0.29553374759791806 0.9246364866871278 0.240223170234711
vn 0.2155621923823886 0.9643103381770163 0.15374821267327476
vn 0.15761932565156456 0.9836018578236759 0.08765576687793813
vn 0.12048419551259655 0.991952239338919 0.03891418124779973
vn 0 -1 0
vn 0.04502609133091084 -0.9982353744797532 0.03871418650478695
vn 0.18462881591304153 -0.970409698977022 0.15561881783985362
vn 0.40870190513421584 -0.8470951494226459 0.3396948050298793
vn 0.6218301654178244 -0.5906857848467825 0.5142154693865031
vn 0.7450355499401153 -0.2942490957883481 0.5986146497983238
vn 0.8269905996328435 -0.0415764076100911 0.5606763330560239
vn 0.8885046907880034 0.2207406776197286 0.40228468488335134
vn 0.859035111476309 0.4507389544811918 0.24267894874522478
vn 0.7581288381144192 0.6395135659087443 0.12752671813374256
vn 0.6195524883592166 0.7830156624064026 0.055146954532098516
vn 0.47613012636400065 0.8792203636290392 0.016481958276271292
vn 0.3503870603786375 0.9366043043656729 -0.0011335620455250248
vn 0.2435317170627106 0.9698610830648664 -0.007860174344904037
vn 0.16509036828207035 0.9862284725100886 -0.009928258201109553
vn 0 -1 0
vn 0.04860391696656518 -0.9982353749817363 0.034114445482516784
vn 0.19899308851715936 -0.9704096996351045 0.13677267847237734
vn 0.4400297795503062 -0.8470951499976651 0.2979993287900867
vn 0.6692376833192515 -0.5906857936753191 0.45078954776662666
vn 0.8047884321716094 -0.27565807840808093 0.5256692907628588
vn 0.8564611922298733 0.023808319813624666 0.5156620890775627
vn 0.8265188859318864 0.28117164720767124 0.48765667841673027
vn 0.7331745411858843 0.5021644088986613 0.458569513369921
vn 0.6021937227385882 0.6873572577768203 0.40608215976052225
vn 0.4578014120816069 0.8232553789481342 0.3356612103431829
vn 0.3277748282942104 0.9073186671285359 0.2633182451270666
vn 0.22389061916216077 0.9534111094164051 0.2021886423431446
vn 0.1398143600486498 0.9779816138284246 0.1549319455042653
vn 0.07678089312079658 0.9892905381843943 0.12413269315697775
vn 0 -1 0
vn 0.05171368862168715 -0.9982353747642796 0.029186143602014065
vn 0.2114409511040208 -0.970409693499676 0.11660939481058974
vn 0.4671198953704045 -0.8470951787810835 0.2534339389959181
vn 0.7102003593548034 -0.5906857168922163 0.38302197512915154
vn 0.8392541811220817 -0.28220110481475785 0.4647740912641691
vn 0.8343389387089982 -0.015087477423002586 0.5510452825122024
vn 0.7140114938788872 0.20753622157770452 0.66866755816481
vn 0.5577469327022011 0.44034620005543523 0.7035720170373639
vn 0.4159578673427367 0.6316920507386944 0.6541744458699262
vn 0.29692035023956426 0.7795898084741985 0.5514327122476296
vn 0.20594457303620461 0.878712258715995 0.43064091679631367
vn 0.14089676726671338 0.93759232685518 0.31791308497147297
vn 0.09405129342806293 0.9711592135391258 0.21909846225515847
vn 0.062016442889784154 0.9879170135296934 0.14203497875477628
vn 0 -1 0
vn 0.05432542201213665 -0.9982353743364819 0.023976779318898026
vn 0.2218524840159153 -0.9704097029283045 0.09532304967093665
vn 0.4897115324566357 -0.8470951481351009 0.20642777183544123
vn 0.7443233116494282 -0.5906857239528258 0.3115656965289249
vn 0.8755801930397307 -0.3006922011509339 0.378078729530655
vn 0.9016707520626472 -0.08055213821902552 0.42485433727705213
vn 0.8910118570510527 0.15834029425945986 0.4254717638201883
vn 0.8159800008210779 0.450533082986692 0.3622106837112074
vn 0.6739409442825446 0.6879672878488226 0.26926680907510236
vn 0.508395661551716 0.8424351640853088 0.17842882510388253
vn 0.36496696784475474 0.9246365062054094 0.1088413697748226
vn 0.25799041653065874 0.9643103355721762 0.0595526799314214
vn 0.17916567434774444 0.983601857785444 0.02066510335181639
vn 0.1262046698603951 0.9919522434918614 -0.010155192607315316
vn 0 -1 0
vn 0.05641394314506553 -0.998235375019557 0.0185365336131036
vn 0.2301274860453278 -0.9704097016185869 0.07311874705561384
vn 0.5075869406023314 -0.8470951061370868 0.15743372856082352
vn 0.7712779028581397 -0.590685723946633 0.23710919865832358
vn 0.9174029695329424 -0.29424920255438336 0.2679350635662463
vn 0.9786012544292778 -0.04157635474212641 0.2015216900380717
vn 0.9748189608373395 0.22074075403388396 0.03164669177910719
vn 0.8865141947905568 0.45073894069532516 -0.1045322427565135
vn 0.7492220890234597 0.6395135430065279 -0.17230406156141737
vn 0.5934957225666437 0.783015603485494 -0.18614347153028263
vn 0.44619432201061304 0.8792203090280171 -0.1669798646489084
vn 0.3232816395072283 0.9366043028445726 -0.135134604933564
vn 0.2219860081294767 0.9698610790807716 -0.10045745108761919
vn 0.14872425690881452 0.9862284591559988 -0.0723499948701122
vn 0 -1 0
vn 0.05795918980917897 -0.9982353753506454 0.012917728717526403
vn 0.23618626805953116 -0.9704097000198805 0.05021016717196587
vn 0.5205739670174244 -0.8470951210720625 0.10692334038762925
vn 0.7908047599647939 -0.5906857373110798 0.1603689226573862
vn 0.9446924976130304 -0.2756581321420807 0.17767576969748503
vn 0.988602318829785 0.023808262727075678 0.14865605211457394
vn 0.9502220220853358 0.28117168148062666 0.13424080704991484
vn 0.8528519381420475 0.5021643702564723 0.14308919194779887
vn 0.7117553183714272 0.6873572901022222 0.14472153438005525
vn 0.5514053250226212 0.8232553816136755 0.1349175458597544
vn 0.40359199375391586 0.9073186590567853 0.11784037298454224
vn 0.28422218851972914 0.9534111120496973 0.10111873700365763
vn 0.1884615385758602 0.9779816085465031 0.08963382075095355
vn 0.11843983080361535 0.9892905351491298 0.08530090001611629
vn 0 -1 0
vn 0.05894626503948492 -0.9982353751795829 0.007174508901122027
vn 0.2399704188158256 -0.9704097034055923 0.026818009427017776
vn 0.5285475797885076 -0.8470951235048314 0.055383279372440586
vn 0.8027156938343198 -0.5906857664851154 0.08208434774046909
vn 0.9532311038082223 -0.2822010837467065 0.10822666522046354
vn 0.9817045427506608 -0.015087496637602308 0.18981190212398816
vn 0.9155485705527541 0.20753620736062894 0.3445279924667583
vn 0.7845362996714942 0.44034597141912296 0.4365755604161877
vn 0.6346366836474242 0.6316921546674578 0.4451980475031129
vn 0.48534279639724504 0.7795898250506703 0.3958308662330006
vn 0.3550671017135509 0.8787122309724017 0.31904884958301205
vn 0.25183170722660625 0.9375923160085496 0.23979457916528618
vn 0.17073740003256524 0.9711592162242714 0.16642871438780912
vn 0.11165016145438374 0.9879170060975617 0.10749060661490517
vn 0 -1 0
vn 0.05936564703388939 -0.998235375192852 0.0013622282604405333
vn 0.2414435459804291 -0.9704096967765427 0.0031677289112257987
vn 0.531431007019837 -0.847095112289786 0.0033099112732652715
vn 0.8068960979830471 -0.5906857306845423 0.0030090904607751184
vn 0.953615080916005 -0.300692204295272 0.014229396530127798
vn 0.9956198555811571 -0.08055216997946604 0.04745999456547952
vn 0.9860086231897427 0.15834021232442397 0.05210923292972446
vn 0.8924792324676684 0.4505331175704013 0.022376987871844143
vn 0.7256841428744105 0.6879673381390768 -0.009135996632282815
vn 0.5379781745159811 0.8424351250028046 -0.029707640531714048
vn 0.37883732292552247 0.9246364970977367 -0.039110497228374806
vn 0.2611418650936754 0.964310343041912 -0.04370913631938686
vn 0.1734356864726409 0.9836018593839281 -0.04947165728215463
vn 0.11271169013923099 0.9919522384689644 -0.05767869192664439
vn 0 -1 0
vn 0.05921331244858075 -0.9982353748743142 -0.004463180301538593
vn 0.24059142299218006 -0.9704096964514498 -0.020513123009501137
vn 0.5291964390165553 -0.8470951284213353 -0.04879520813603413
vn 0.8033056312978579 -0.590685729169826 -0.07609488866054506
vn 0.9501041290673753 -0.29424918059448985 -0.10353532560723161
vn 0.9812286462261435 -0.04157630339801617 -0.18831291729715705
vn 0.9127259708480878 0.2207405830844943 -0.34380939067880784
vn 0.7790294848777235 0.450738994134742 -0.43582957776813375
vn 0.6262530588637819 0.6395135424026216 -0.44590305599693636
vn 0.47708451898866994 0.7830156112653782 -0.39909511930873764
vn 0.3483293693914755 0.8792203173181412 -0.32502043633335437
vn 0.2469594918378418 0.9366043182482109 -0.24856258855668328
vn 0.1666449291434166 0.9698610803119545 -0.17776094196114722
vn 0.10971616958189045 0.9862284664454182 -0.12375691538252175
vn 0 -1 0
vn 0.058490714189830345 -0.9982353749475887 -0.01024561158792072
vn 0.2374222459600535 -0.9704097044105748 -0.043996394273448106
vn 0.5218654244153207 -0.8470951268766739 -0.10043069661019481
vn 0.7919788375705213 -0.5906857263390177 -0.15446648031140223
vn 0.9407756229759181 -0.2756581575524289 -0.19736718924145766
vn 0.9702376929953354 0.02380822835911009 -0.24098130083782368
vn 0.9292624334611863 0.2811716716852079 -0.2396118127295478
vn 0.8426902210968159 0.5021644185083379 -0.1941754053735499
vn 0.7129586726630662 0.6873572863875224 -0.1386718858474931
vn 0.5610627470171023 0.8232554106581067 -0.08636621290629232
vn 0.41796594948460786 0.9073186536362161 -0.04557769010376179
vn 0.3012835398703629 0.9534111071329349 -0.015345663841453125
vn 0.20841712878279967 0.9779816095596331 0.010689798552038422
vn 0.14206738713927217 0.9892905315447734 0.033482856916338476
vn 0 -1 0
vn 0.05720481851850184 -0.9982353748749457 -0.015929378096520067
vn 0.23196657213110067 -0.9704097001665191 -0.06705612005233637
vn 0.5095085443471525 -0.8470951221980243 -0.1510989648725621
vn 0.7730249326497116 -0.5906857374387042 -0.23134997965939613
vn 0.9220872536046997 -0.28220120117189984 -0.2647972409162889
vn 0.9796145862745398 -0.015087471825703821 -0.2003188222610918
vn 0.9777017076128584 0.20753632147026285 -0.032063159568149986
vn 0.8918872405152134 0.44034608850633356 0.10311388142888495
vn 0.7566978073140639 0.6316920896003425 0.16844444883237
vn 0.599876225971776 0.7795897734942717 0.1799674931119749
vn 0.45013394024708286 0.8787122187829826 0.15888446242198584
vn 0.3244275679088868 0.9375923074686272 0.12516955762636534
vn 0.22143031414713796 0.9711592091268333 0.08842175357254331
vn 0.14428612743169297 0.9879170165143928 0.056581639354708446
vn 0 -1 0
vn 0.05536801532035705 -0.9982353744612762 -0.02145973097781318
vn 0.2242769754856111 -0.9704096943122014 -0.08946990249199371
vn 0.49224484956444237 -0.8470951489042196 -0.20031179890415243
vn 0.746626377693762 -0.5906857256773261 -0.30600559735557553
vn 0.8864708168033312 -0.30069214856109433 -0.35178647323305023
vn 0.9379949642300073 -0.08055213156102502 -0.33715990446689004
vn 0.930894591353456 0.15834030136274294 -0.32918628275375894
vn 0.8331067687525547 0.4505330391999669 -0.32086304313198594
vn 0.6669486012467785 0.6879672846763005 -0.2861478263242334
vn 0.4856582896091207 0.8424351839286275 -0.2333216376872986
vn 0.33503312609908803 0.9246365035442063 -0.18110809128754385
vn 0.22453689316519565 0.9643103369246528 -0.14031663375374911
vn 0.14130167541530908 0.9836018596903685 -0.1120768403305316
vn 0.08205933130883032 0.9919522413200235 -0.09642104067748754
vn 0 -1 0
vn 0.05299798928716485 -0.9982353744540284 -0.026783396351906893
vn 0.21442745805893715 -0.9704096994762471 -0.11102198157483138
vn 0.470240568051567 -0.8470951406962037 -0.2475957002199718
vn 0.7130373113971025 -0.5906857842917883 -0.3777143057804223
vn 0.8381606322977583 -0.29424920616945427 -0.4592430284009416
vn 0.8344730129413183 -0.04157636309964287 -0.5494781130345823
vn 0.7116786283490121 0.22074070702996154 -0.6669235864858741
vn 0.5529446525637388 0.450738930448678 -0.700775732869759
vn 0.40794250500104723 0.6395135542430164 -0.6516174694964332
vn 0.2880415873656399 0.7830156567610562 -0.5512880601055441
vn 0.1974344808877871 0.8792203483494999 -0.43357952535233263
vn 0.1330400550474709 0.9366043168837027 -0.3241491899539142
vn 0.08593368461869731 0.9698610824631081 -0.228001935455256
vn 0.054004814554206755 0.9862284674662497 -0.15632303081804128
vn 0 -1 0
vn 0.05011755377274896 -0.9982353746106875 -0.031849139387056
vn 0.20251283292320726 -0.9704097029653607 -0.13150498428613852
vn 0.44370756071001005 -0.847095141758706 -0.2924951647080178
vn 0.6725813237675283 -0.5906857924810633 -0.4457854388381672
vn 0.7936341241461101 -0.2756581034472316 -0.5423628739088912
vn 0.804162936613466 0.023808373644345175 -0.5939319259996199
vn 0.7668309973897806 0.2811716259832074 -0.5769859081330788
vn 0.7042365740178888 0.5021644284553614 -0.501878206948306
vn 0.605620549866336 0.6873572915398521 -0.40095349274771946
vn 0.4853035562765779 0.8232553691477076 -0.2945013674582484
vn 0.36870835152983383 0.9073186743551056 -0.20205686001382459
vn 0.2724771815895999 0.9534111086768331 -0.12947371688725093
vn 0.19664309629583837 0.9779816125996253 -0.06988174365470533
vn 0.1440664091215536 0.9892905412524879 -0.023432770881406818
vn 0 -1 0
vn 0.04675445195123893 -0.9982353750277496 -0.036608158461566155
vn 0.188647972865719 -0.970409703208782 -0.1507214326228983
vn 0.412901526467372 -0.8470951436466059 -0.33457756507460296
vn 0.625648006374513 -0.5906857703495584 -0.5095634335646013
vn 0.7505639299675743 -0.2822010854333876 -0.597508438778774
vn 0.8283872529292753 -0.015087475863450843 -0.5599526116166964
vn 0.891008669754884 0.20753618950358382 -0.4037725603207385
vn 0.8634563591551502 0.4403461468520139 -0.24604549739248807
vn 0.7635586169529981 0.6316919846535666 -0.1339532567773659
vn 0.6230838774496149 0.779589816771387 -0.06329454359349061
vn 0.47667186530368955 0.8787122794904266 -0.02546885746631098
vn 0.34763220545314766 0.9375923435812066 -0.008511579740633166
vn 0.23841249558485972 0.97115920408785 -0.0030466808912061293
vn 0.15495590901485456 0.9879170083028778 -0.0029412526705407905
vn 0 -1 0
vn 0.04294109963530408 -0.9982353751983429 -0.04101460306689026
vn 0.17296625911455088 -0.9704097046688016 -0.16848643355631712
vn 0.3781189266283813 -0.8470951192864005 -0.37343799512979337
vn 0.5726895312448416 -0.5906857827654447 -0.5684338192273024
vn 0.6843693859868949 -0.30069214138314304 -0.6642460234238067
vn 0.73756878695369 -0.08055215978676229 -0.6704503218474506
vn 0.7340602285609057 0.15834020093065077 -0.6603665358074653
vn 0.6469011135036759 0.45053313966676434 -0.6152551010838612
vn 0.5066760312485687 0.6879673180807644 -0.5195963516143657
vn 0.3594014719424155 0.8424351390696521 -0.4014145219424942
vn 0.240223170234711 0.9246364866871278 -0.29553374759791806
vn 0.15374821267327476 0.9643103381770163 -0.2155621923823886
vn 0.08765576687793813 0.9836018578236759 -0.15761932565156456
vn 0.03891418124779973 0.991952239338919 -0.12048419551259655
vn 0 -1 0
vn 0.03871418650478695 -0.9982353744797532 -0.04502609133091084
vn 0.15561881783985362 -0.970409698977022 -0.18462881591304153
vn 0.3396948050298793 -0.8470951494226459 -0.40870190513421584
vn 0.5142154693865031 -0.5906857848467825 -0.6218301654178244
vn 0.5986146497983238 -0.2942490957883481 -0.7450355499401153
vn 0.5606763330560239 -0.0415764076100911 -0.8269905996328435
vn 0.40228468488335134 0.2207406776197286 -0.8885046907880034
vn 0.24267894874522478 0.4507389544811918 -0.859035111476309
vn 0.12752671813374256 0.6395135659087443 -0.7581288381144192
vn 0.055146954532098516 0.7830156624064026 -0.6195524883592166
vn 0.016481958276271292 0.8792203636290392 -0.47613012636400065
vn -0.0011335620455250248 0.9366043043656729 -0.3503870603786375
vn -0.007860174344904035 0.9698610830648662 -0.24353171706271054
vn -0.009928258201109553 0.9862284725100886 -0.16509036828207035
vn 0 -1 0
vn 0.034114445482516784 -0.9982353749817363 -0.04860391696656518
vn 0.13677267847237734 -0.9704096996351045 -0.19899308851715936
vn 0.2979993287900867 -0.8470951499976651 -0.4400297795503062
vn 0.45078954776662666 -0.5906857936753191 -0.6692376833192515
vn 0.5256692907628588 -0.27565807840808093 -0.8047884321716094
vn 0.5156620890775627 0.023808319813624666 -0.8564611922298733
vn 0.48765667841673027 0.28117164720767124 -0.8265188859318864
vn 0.458569513369921 0.5021644088986613 -0.7331745411858843
vn 0.40608215976052225 0.6873572577768203 -0.6021937227385882
vn 0.3356612103431829 0.8232553789481342 -0.4578014120816069
vn 0.2633182451270666 0.9073186671285359 -0.3277748282942104
vn 0.2021886423431446 0.9534111094164051 -0.22389061916216077
vn 0.1549319455042653 0.9779816138284246 -0.1398143600486498
vn 0.12413269315697775 0.9892905381843943 -0.07678089312079658
vn 0 -1 0
vn 0.029186143602014065 -0.9982353747642796 -0.05171368862168715
vn 0.11660939481058974 -0.970409693499676 -0.2114409511040208
vn 0.2534339389959181 -0.8470951787810835 -0.4671198953704045
vn 0.38302197512915154 -0.5906857168922163 -0.7102003593548034
vn 0.4647740912641691 -0.28220110481475785 -0.8392541811220817
vn 0.5510452825122024 -0.015087477423002586 -0.8343389387089982
vn 0.66866755816481 0.20753622157770452 -0.7140114938788872
vn 0.7035720170373639 0.44034620005543523 -0.5577469327022011
vn 0.6541744458699262 0.6316920507386944 -0.4159578673427367
vn 0.5514327122476296 0.7795898084741985 -0.29692035023956426
vn 0.43064091679631367 0.878712258715995 -0.20594457303620461
vn 0.31791308497147297 0.93759232685518 -0.14089676726671338
vn 0.21909846225515847 0.9711592135391258 -0.09405129342806293
vn 0.14203497875477628 0.9879170135296934 -0.062016442889784154
vn 0 -1 0
vn 0.023976779318898026 -0.9982353743364819 -0.05432542201213665
vn 0.09532304967093665 -0.9704097029283045 -0.2218524840159153
vn 0.20642777183544123 -0.8470951481351009 -0.4897115324566357
vn 0.3115656965289249 -0.5906857239528258 -0.7443233116494282
vn 0.378078729530655 -0.3006922011509339 -0.8755801930397307
vn 0.42485433727705213 -0.08055213821902552 -0.9016707520626472
vn 0.4254717638201883 0.15834029425945986 -0.8910118570510527
vn 0.3622106837112074 0.450533082986692 -0.8159800008210779
vn 0.26926680907510236 0.6879672878488226 -0.6739409442825446
vn 0.17842882510388253 0.8424351640853088 -0.508395661551716
vn 0.1088413697748226 0.9246365062054094 -0.36496696784475474
vn 0.0595526799314214 0.9643103355721762 -0.25799041653065874
vn 0.02066510335181639 0.983601857785444 -0.17916567434774444
vn -0.010155192607315316 0.9919522434918614 -0.1262046698603951
vn 0 -1 0
vn 0.0185365336131036 -0.998235375019557 -0.05641394314506553
vn 0.07311874705561384 -0.9704097016185869 -0.2301274860453278
vn 0.15743372856082352 -0.8470951061370868 -0.5075869406023314
vn 0.23710919865832358 -0.590685723946633 -0.7712779028581397
vn 0.2679350635662463 -0.29424920255438336 -0.9174029695329424
vn 0.2015216900380717 -0.04157635474212641 -0.9786012544292778
vn 0.03164669177910719 0.22074075403388396 -0.9748189608373395
vn -0.1045322427565135 0.45073894069532516 -0.8865141947905568
vn -0.17230406156141737 0.6395135430065279 -0.7492220890234597
vn -0.18614347153028263 0.783015603485494 -0.5934957225666437
vn -0.1669798646489084 0.8792203090280171 -0.44619432201061304
vn -0.135134604933564 0.9366043028445726 -0.3232816395072283
vn -0.10045745108761919 0.9698610790807716 -0.2219860081294767
vn -0.0723499948701122 0.9862284591559988 -0.14872425690881452
vn 0 -1 0
vn 0.012917728717526403 -0.9982353753506454 -0.05795918980917897
vn 0.05021016717196587 -0.9704097000198805 -0.23618626805953116
vn 0.10692334038762925 -0.8470951210720625 -0.5205739670174244
vn 0.1603689226573862 -0.5906857373110798 -0.7908047599647939
vn 0.17767576969748503 -0.2756581321420807 -0.9446924976130304
vn 0.14865605211457394 0.023808262727075678 -0.988602318829785
vn 0.13424080704991484 0.28117168148062666 -0.9502220220853358
vn 0.14308919194779887 0.5021643702564723 -0.8528519381420475
vn 0.14472153438005525 0.6873572901022222 -0.7117553183714272
vn 0.1349175458597544 0.8232553816136755 -0.5514053250226212
vn 0.11784037298454224 0.9073186590567853 -0.40359199375391586
vn 0.10111873700365763 0.9534111120496973 -0.28422218851972914
vn 0.08963382075095355 0.9779816085465031 -0.1884615385758602
vn 0.08530090001611629 0.9892905351491298 -0.11843983080361535
vn 0 -1 0
vn 0.007174508901122027 -0.9982353751795829 -0.05894626503948492
vn 0.026818009427017776 -0.9704097034055923 -0.2399704188158256
vn 0.055383279372440586 -0.8470951235048314 -0.5285475797885076
vn 0.08208434774046909 -0.5906857664851154 -0.8027156938343198
vn 0.10822666522046354 -0.2822010837467065 -0.9532311038082223
vn 0.18981190212398816 -0.015087496637602308 -0.9817045427506608
vn 0.3445279924667583 0.20753620736062894 -0.9155485705527541
vn 0.4365755604161877 0.44034597141912296 -0.7845362996714942
vn 0.4451980475031129 0.6316921546674578 -0.6346366836474242
vn 0.3958308662330006 0.7795898250506703 -0.48534279639724504
vn 0.31904884958301205 0.8787122309724017 -0.3550671017135509
vn 0.23979457916528618 0.9375923160085496 -0.25183170722660625
vn 0.16642871438780912 0.9711592162242714 -0.17073740003256524
vn 0.10749060661490517 0.9879170060975617 -0.11165016145438374
vn 0 -1 0
vn 0.0013622282604405333 -0.998235375192852 -0.05936564703388939
vn 0.0031677289112257987 -0.9704096967765427 -0.2414435459804291
vn 0.0033099112732652715 -0.847095112289786 -0.531431007019837
vn 0.0030090904607751184 -0.5906857306845423 -0.8068960979830471
vn 0.014229396530127798 -0.300692204295272 -0.953615080916005
vn 0.04745999456547952 -0.08055216997946604 -0.9956198555811571
vn 0.05210923292972446 0.15834021232442397 -0.9860086231897427
vn 0.022376987871844143 0.4505331175704013 -0.8924792324676684
vn -0.009135996632282815 0.6879673381390768 -0.7256841428744105
vn -0.029707640531714048 0.8424351250028046 -0.5379781745159811
vn -0.039110497228374806 0.9246364970977367 -0.37883732292552247
vn -0.04370913631938686 0.964310343041912 -0.2611418650936754
vn -0.04947165728215463 0.9836018593839281 -0.1734356864726409
vn -0.05767869192664439 0.9919522384689644 -0.11271169013923099
vn 0 -1 0
vn -0.004463180301538593 -0.9982353748743142 -0.05921331244858075
vn -0.020513123009501137 -0.9704096964514498 -0.24059142299218006
vn -0.04879520813603413 -0.8470951284213353 -0.5291964390165553
vn -0.07609488866054506 -0.590685729169826 -0.8033056312978579
vn -0.10353532560723161 -0.29424918059448985 -0.9501041290673753
vn -0.18831291729715705 -0.04157630339801617 -0.9812286462261435
vn -0.34380939067880784 0.2207405830844943 -0.9127259708480878
vn -0.43582957776813375 0.450738994134742 -0.7790294848777235
vn -0.44590305599693636 0.6395135424026216 -0.6262530588637819
vn -0.39909511930873764 0.7830156112653782 -0.47708451898866994
vn -0.32502043633335437 0.8792203173181412 -0.3483293693914755
vn -0.24856258855668328 0.9366043182482109 -0.2469594918378418
vn -0.17776094196114722 0.9698610803119545 -0.1666449291434166
vn -0.12375691538252175 0.9862284664454182 -0.10971616958189045
vn 0 -1 0
vn -0.01024561158792072 -0.9982353749475887 -0.058490714189830345
vn -0.043996394273448106 -0.9704097044105748 -0.2374222459600535
vn -0.10043069661019481 -0.8470951268766739 -0.5218654244153207
vn -0.15446648031140223 -0.5906857263390177 -0.7919788375705213
vn -0.19736718924145766 -0.2756581575524289 -0.9407756229759181
vn -0.24098130083782368 0.02380822835911009 -0.9702376929953354
vn -0.2396118127295478 0.2811716716852079 -0.9292624334611863
vn -0.1941754053735499 0.5021644185083379 -0.8426902210968159
vn -0.1386718858474931 0.6873572863875224 -0.7129586726630662
vn -0.08636621290629232 0.8232554106581067 -0.5610627470171023
vn -0.04557769010376179 0.9073186536362161 -0.41796594948460786
vn -0.015345663841453125 0.9534111071329349 -0.3012835398703629
vn 0.010689798552038422 0.9779816095596331 -0.20841712878279967
vn 0.033482856916338476 0.9892905315447734 -0.14206738713927217
vn 0 -1 0
vn -0.015929378096520067 -0.9982353748749457 -0.05720481851850184
vn -0.06705612005233637 -0.9704097001665191 -0.23196657213110067
vn -0.1510989648725621 -0.8470951221980243 -0.5095085443471525
vn -0.23134997965939613 -0.5906857374387042 -0.7730249326497116
vn -0.2647972409162889 -0.28220120117189984 -0.9220872536046997
vn -0.2003188222610918 -0.015087471825703821 -0.9796145862745398
vn -0.032063159568149986 0.20753632147026285 -0.9777017076128584
vn 0.10311388142888495 0.44034608850633356 -0.8918872405152134
vn 0.16844444883237 0.6316920896003425 -0.7566978073140639
vn 0.1799674931119749 0.7795897734942717 -0.599876225971776
vn 0.15888446242198584 0.8787122187829826 -0.45013394024708286
vn 0.12516955762636534 0.9375923074686272 -0.3244275679088868
vn 0.08842175357254331 0.9711592091268333 -0.22143031414713796
vn 0.056581639354708446 0.9879170165143928 -0.14428612743169297
vn 0 -1 0
vn -0.02145973097781318 -0.9982353744612762 -0.05536801532035705
vn -0.08946990249199371 -0.9704096943122014 -0.2242769754856111
vn -0.20031179890415243 -0.8470951489042196 -0.49224484956444237
vn -0.30600559735557553 -0.5906857256773261 -0.746626377693762
vn -0.35178647323305023 -0.30069214856109433 -0.8864708168033312
vn -0.33715990446689004 -0.08055213156102502 -0.9379949642300073
vn -0.32918628275375894 0.15834030136274294 -0.930894591353456
vn -0.32086304313198594 0.4505330391999669 -0.8331067687525547
vn -0.2861478263242334 0.6879672846763005 -0.6669486012467785
vn -0.2333216376872986 0.8424351839286275 -0.4856582896091207
vn -0.18110809128754385 0.9246365035442063 -0.33503312609908803
vn -0.14031663375374911 0.9643103369246528 -0.22453689316519565
vn -0.1120768403305316 0.9836018596903685 -0.14130167541530908
vn -0.09642104067748754 0.9919522413200235 -0.08205933130883032
vn 0 -1 0
vn -0.026783396351906893 -0.9982353744540284 -0.05299798928716485
vn -0.11102198157483138 -0.9704096994762471 -0.21442745805893715
vn -0.2475957002199718 -0.8470951406962037 -0.470240568051567
vn -0.3777143057804223 -0.5906857842917883 -0.7130373113971025
vn -0.4592430284009416 -0.29424920616945427 -0.8381606322977583
vn -0.5494781130345823 -0.04157636309964287 -0.8344730129413183
vn -0.6669235864858741 0.22074070702996154 -0.7116786283490121
vn -0.700775732869759 0.450738930448678 -0.5529446525637388
vn -0.6516174694964332 0.6395135542430164 -0.40794250500104723
vn -0.5512880601055441 0.7830156567610562 -0.2880415873656399
vn -0.43357952535233263 0.8792203483494999 -0.1974344808877871
vn -0.3241491899539142 0.9366043168837027 -0.1330400550474709
vn -0.228001935455256 0.9698610824631081 -0.08593368461869731
vn -0.15632303081804128 0.9862284674662497 -0.054004814554206755
vn 0 -1 0
vn -0.031849139387056 -0.9982353746106875 -0.05011755377274896
vn -0.13150498428613852 -0.9704097029653607 -0.20251283292320726
vn -0.2924951647080178 -0.847095141758706 -0.44370756071001005
vn -0.4457854388381672 -0.5906857924810633 -0.6725813237675283
vn -0.5423628739088912 -0.2756581034472316 -0.7936341241461101
vn -0.5939319259996199 0.023808373644345175 -0.804162936613466
vn -0.5769859081330788 0.2811716259832074 -0.7668309973897806
vn -0.501878206948306 0.5021644284553614 -0.7042365740178888
vn -0.40095349274771946 0.6873572915398521 -0.605620549866336
vn -0.2945013674582484 0.8232553691477076 -0.4853035562765779
vn -0.20205686001382459 0.9073186743551056 -0.36870835152983383
vn -0.12947371688725093 0.9534111086768331 -0.2724771815895999
vn -0.06988174365470533 0.9779816125996253 -0.19664309629583837
vn -0.023432770881406818 0.9892905412524879 -0.1440664091215536
vn 0 -1 0
vn -0.036608158461566155 -0.9982353750277496 -0.04675445195123893
vn -0.1507214326228983 -0.970409703208782 -0.188647972865719
vn -0.33457756507460296 -0.8470951436466059 -0.412901526467372
vn -0.5095634335646013 -0.5906857703495584 -0.625648006374513
vn -0.597508438778774 -0.2822010854333876 -0.7505639299675743
vn -0.5599526116166964 -0.015087475863450843 -0.8283872529292753
vn -0.4037725603207385 0.20753618950358382 -0.891008669754884
vn -0.24604549739248807 0.4403461468520139 -0.8634563591551502
vn -0.1339532567773659 0.6316919846535666 -0.7635586169529981
vn -0.06329454359349061 0.779589816771387 -0.6230838774496149
vn -0.025468857466310987 0.8787122794904269 -0.47667186530368966
vn -0.008511579740633166 0.9375923435812066 -0.34763220545314766
vn -0.00304668089120613 0.9711592040878502 -0.23841249558485977
vn -0.0029412526705407905 0.9879170083028778 -0.15495590901485456
vn 0 -1 0
vn -0.04101460306689026 -0.9982353751983429 -0.04294109963530408
vn -0.16848643355631712 -0.9704097046688016 -0.17296625911455088
vn -0.37343799512979337 -0.8470951192864005 -0.3781189266283813
vn -0.5684338192273024 -0.5906857827654447 -0.5726895312448416
vn -0.6642460234238067 -0.30069214138314304 -0.6843693859868949
vn -0.6704503218474506 -0.08055215978676229 -0.73756878695369
vn -0.6603665358074653 0.15834020093065077 -0.7340602285609057
vn -0.6152551010838612 0.45053313966676434 -0.6469011135036759
vn -0.5195963516143657 0.6879673180807644 -0.5066760312485687
vn -0.4014145219424942 0.8424351390696521 -0.3594014719424155
vn -0.29553374759791806 0.9246364866871278 -0.240223170234711
vn -0.2155621923823886 0.9643103381770163 -0.15374821267327476
vn -0.15761932565156456 0.9836018578236759 -0.08765576687793813
vn -0.12048419551259655 0.991952239338919 -0.03891418124779973
vn 0 -1 0
vn -0.04502609133091084 -0.9982353744797532 -0.03871418650478695
vn -0.18462881591304153 -0.970409698977022 -0.15561881783985362
vn -0.40870190513421584 -0.8470951494226459 -0.3396948050298793
vn -0.6218301654178244 -0.5906857848467825 -0.5142154693865031
vn -0.7450355499401153 -0.2942490957883481 -0.5986146497983238
vn -0.8269905996328435 -0.0415764076100911 -0.5606763330560239
vn -0.8885046907880034 0.2207406776197286 -0.40228468488335134
vn -0.859035111476309 0.4507389544811918 -0.24267894874522478
vn -0.7581288381144192 0.6395135659087443 -0.12752671813374256
vn -0.6195524883592166 0.7830156624064026 -0.055146954532098516
vn -0.47613012636400065 0.8792203636290392 -0.016481958276271292
vn -0.3503870603786375 0.9366043043656729 0.0011335620455250248
vn -0.2435317170627106 0.9698610830648664 0.007860174344904037
vn -0.16509036828207035 0.9862284725100886 0.009928258201109553
vn 0 -1 0
vn -0.04860391696656518 -0.9982353749817363 -0.034114445482516784
vn -0.19899308851715936 -0.9704096996351045 -0.13677267847237734
vn -0.4400297795503062 -0.8470951499976651 -0.2979993287900867
vn -0.6692376833192515 -0.5906857936753191 -0.45078954776662666
vn -0.8047884321716094 -0.27565807840808093 -0.5256692907628588
vn -0.8564611922298733 0.023808319813624666 -0.5156620890775627
vn -0.8265188859318864 0.28117164720767124 -0.48765667841673027
vn -0.7331745411858843 0.5021644088986613 -0.458569513369921
vn -0.6021937227385882 0.6873572577768203 -0.40608215976052225
vn -0.4578014120816069 0.8232553789481342 -0.3356612103431829
vn -0.3277748282942104 0.9073186671285359 -0.2633182451270666
vn -0.22389061916216077 0.9534111094164051 -0.2021886423431446
vn -0.1398143600486498 0.9779816138284246 -0.1549319455042653
vn -0.07678089312079658 0.9892905381843943 -0.12413269315697775
vn 0 -1 0
vn -0.05171368862168715 -0.9982353747642796 -0.029186143602014065
vn -0.2114409511040208 -0.970409693499676 -0.11660939481058974
vn -0.4671198953704045 -0.8470951787810835 -0.2534339389959181
vn -0.7102003593548034 -0.5906857168922163 -0.38302197512915154
vn -0.8392541811220817 -0.28220110481475785 -0.4647740912641691
vn -0.8343389387089982 -0.015087477423002586 -0.5510452825122024
vn -0.7140114938788872 0.20753622157770452 -0.66866755816481
vn -0.5577469327022011 0.44034620005543523 -0.7035720170373639
vn -0.4159578673427367 0.6316920507386944 -0.6541744458699262
vn -0.29692035023956426 0.7795898084741985 -0.5514327122476296
vn -0.20594457303620461 0.878712258715995 -0.43064091679631367
vn -0.14089676726671338 0.93759232685518 -0.31791308497147297
vn -0.09405129342806293 0.9711592135391258 -0.21909846225515847
vn -0.062016442889784154 0.9879170135296934 -0.14203497875477628
vn 0 -1 0
vn -0.05432542201213665 -0.9982353743364819 -0.023976779318898026
vn -0.2218524840159153 -0.9704097029283045 -0.09532304967093665
vn -0.4897115324566357 -0.8470951481351009 -0.20642777183544123
vn -0.7443233116494282 -0.5906857239528258 -0.3115656965289249
vn -0.8755801930397307 -0.3006922011509339 -0.378078729530655
vn -0.9016707520626472 -0.08055213821902552 -0.42485433727705213
vn -0.8910118570510527 0.15834029425945986 -0.4254717638201883
vn -0.8159800008210779 0.450533082986692 -0.3622106837112074
vn -0.6739409442825446 0.6879672878488226 -0.26926680907510236
vn -0.508395661551716 0.8424351640853088 -0.17842882510388253
vn -0.36496696784475474 0.9246365062054094 -0.1088413697748226
vn -0.25799041653065874 0.9643103355721762 -0.0595526799314214
vn -0.17916567434774444 0.983601857785444 -0.02066510335181639
vn -0.1262046698603951 0.9919522434918614 0.010155192607315316
vn 0 -1 0
vn -0.05641394314506553 -0.998235375019557 -0.0185365336131036
vn -0.2301274860453278 -0.9704097016185869 -0.07311874705561384
vn -0.5075869406023314 -0.8470951061370868 -0.15743372856082352
vn -0.7712779028581397 -0.590685723946633 -0.23710919865832358
vn -0.9174029695329424 -0.29424920255438336 -0.2679350635662463
vn -0.9786012544292778 -0.04157635474212641 -0.2015216900380717
vn -0.9748189608373395 0.22074075403388396 -0.03164669177910719
vn -0.8865141947905568 0.45073894069532516 0.1045322427565135
vn -0.7492220890234597 0.6395135430065279 0.17230406156141737
vn -0.5934957225666437 0.783015603485494 0.18614347153028263
vn -0.44619432201061304 0.8792203090280171 0.1669798646489084
vn -0.3232816395072283 0.9366043028445726 0.135134604933564
vn -0.2219860081294767 0.9698610790807716 0.10045745108761919
vn -0.14872425690881452 0.9862284591559988 0.0723499948701122
vn 0 -1 0
vn -0.05795918980917897 -0.9982353753506454 -0.012917728717526403
vn -0.23618626805953116 -0.9704097000198805 -0.05021016717196587
vn -0.5205739670174244 -0.8470951210720625 -0.10692334038762925
vn -0.7908047599647939 -0.5906857373110798 -0.1603689226573862
vn -0.9446924976130304 -0.2756581321420807 -0.17767576969748503
vn -0.988602318829785 0.023808262727075678 -0.14865605211457394
vn -0.9502220220853358 0.28117168148062666 -0.13424080704991484
vn -0.8528519381420475 0.5021643702564723 -0.14308919194779887
vn -0.7117553183714272 0.6873572901022222 -0.14472153438005525
vn -0.5514053250226212 0.8232553816136755 -0.1349175458597544
vn -0.40359199375391586 0.9073186590567853 -0.11784037298454224
vn -0.28422218851972914 0.9534111120496973 -0.10111873700365763
vn -0.1884615385758602 0.9779816085465031 -0.08963382075095355
vn -0.11843983080361535 0.9892905351491298 -0.08530090001611629
vn 0 -1 0
vn -0.05894626503948492 -0.9982353751795829 -0.007174508901122027
vn -0.2399704188158256 -0.9704097034055923 -0.026818009427017776
vn -0.5285475797885076 -0.8470951235048314 -0.055383279372440586
vn -0.8027156938343198 -0.5906857664851154 -0.08208434774046909
vn -0.9532311038082223 -0.2822010837467065 -0.10822666522046354
vn -0.9817045427506608 -0.015087496637602308 -0.18981190212398816
vn -0.9155485705527541 0.20753620736062894 -0.3445279924667583
vn -0.7845362996714942 0.44034597141912296 -0.4365755604161877
vn -0.6346366836474242 0.6316921546674578 -0.4451980475031129
vn -0.48534279639724504 0.7795898250506703 -0.3958308662330006
vn -0.3550671017135509 0.8787122309724017 -0.31904884958301205
vn -0.25183170722660625 0.9375923160085496 -0.23979457916528618
vn -0.17073740003256524 0.9711592162242714 -0.16642871438780912
vn -0.11165016145438374 0.9879170060975617 -0.10749060661490517
vn 0 -1 0
vn -0.05936564703388939 -0.998235375192852 -0.0013622282604405333
vn -0.2414435459804291 -0.9704096967765427 -0.0031677289112257987
vn -0.531431007019837 -0.847095112289786 -0.0033099112732652715
vn -0.8068960979830471 -0.5906857306845423 -0.0030090904607751184
vn -0.953615080916005 -0.300692204295272 -0.014229396530127798
vn -0.9956198555811571 -0.08055216997946604 -0.04745999456547952
vn -0.9860086231897427 0.15834021232442397 -0.05210923292972446
vn -0.8924792324676684 0.4505331175704013 -0.022376987871844143
vn -0.7256841428744105 0.6879673381390768 0.009135996632282815
vn -0.5379781745159811 0.8424351250028046 0.029707640531714048
vn -0.37883732292552247 0.9246364970977367 0.039110497228374806
vn -0.2611418650936754 0.964310343041912 0.04370913631938686
vn -0.1734356864726409 0.9836018593839281 0.04947165728215463
vn -0.11271169013923099 0.9919522384689644 0.05767869192664439
vn 0 -1 0
vn -0.05921331244858075 -0.9982353748743142 0.004463180301538593
vn -0.24059142299218006 -0.9704096964514498 0.020513123009501137
vn -0.5291964390165553 -0.8470951284213353 0.04879520813603413
vn -0.8033056312978579 -0.590685729169826 0.07609488866054506
vn -0.9501041290673753 -0.29424918059448985 0.10353532560723161
vn -0.9812286462261435 -0.04157630339801617 0.18831291729715705
vn -0.9127259708480878 0.2207405830844943 0.34380939067880784
vn -0.7790294848777235 0.450738994134742 0.43582957776813375
vn -0.6262530588637819 0.6395135424026216 0.44590305599693636
vn -0.47708451898866994 0.7830156112653782 0.39909511930873764
vn -0.3483293693914755 0.8792203173181412 0.32502043633335437
vn -0.2469594918378418 0.9366043182482109 0.24856258855668328
vn -0.1666449291434166 0.9698610803119545 0.17776094196114722
vn -0.10971616958189045 0.9862284664454182 0.12375691538252175
vn 0 -1 0
vn -0.058490714189830345 -0.9982353749475887 0.01024561158792072
vn -0.2374222459600535 -0.9704097044105748 0.043996394273448106
vn -0.5218654244153207 -0.8470951268766739 0.10043069661019481
vn -0.7919788375705213 -0.5906857263390177 0.15446648031140223
vn -0.9407756229759181 -0.2756581575524289 0.19736718924145766
vn -0.9702376929953354 0.02380822835911009 0.24098130083782368
vn -0.9292624334611863 0.2811716716852079 0.2396118127295478
vn -0.8426902210968159 0.5021644185083379 0.1941754053735499
vn -0.7129586726630662 0.6873572863875224 0.1386718858474931
vn -0.5610627470171023 0.8232554106581067 0.08636621290629232
vn -0.41796594948460786 0.9073186536362161 0.04557769010376179
vn -0.3012835398703629 0.9534111071329349 0.015345663841453125
vn -0.20841712878279967 0.9779816095596331 -0.010689798552038422
vn -0.14206738713927217 0.9892905315447734 -0.033482856916338476
vn 0 -1 0
vn -0.05720481851850184 -0.9982353748749457 0.015929378096520067
vn -0.23196657213110067 -0.9704097001665191 0.06705612005233637
vn -0.5095085443471525 -0.8470951221980243 0.1510989648725621
vn -0.7730249326497116 -0.5906857374387042 0.23134997965939613
vn -0.9220872536046997 -0.28220120117189984 0.2647972409162889
vn -0.9796145862745398 -0.015087471825703821 0.2003188222610918
vn -0.9777017076128584 0.20753632147026285 0.032063159568149986
vn -0.8918872405152134 0.44034608850633356 -0.10311388142888495
vn -0.7566978073140639 0.6316920896003425 -0.16844444883237
vn -0.599876225971776 0.7795897734942717 -0.1799674931119749
vn -0.45013394024708286 0.8787122187829826 -0.15888446242198584
vn -0.3244275679088868 0.9375923074686272 -0.12516955762636534
vn -0.22143031414713796 0.9711592091268333 -0.08842175357254331
vn -0.14428612743169297 0.9879170165143928 -0.056581639354708446
vn 0 -1 0
vn -0.05536801532035705 -0.9982353744612762 0.02145973097781318
vn -0.2242769754856111 -0.9704096943122014 0.08946990249199371
vn -0.49224484956444237 -0.8470951489042196 0.20031179890415243
vn -0.746626377693762 -0.5906857256773261 0.30600559735557553
vn -0.8864708168033312 -0.30069214856109433 0.35178647323305023
vn -0.9379949642300073 -0.08055213156102502 0.33715990446689004
vn -0.930894591353456 0.15834030136274294 0.32918628275375894
vn -0.8331067687525547 0.4505330391999669 0.32086304313198594
vn -0.6669486012467785 0.6879672846763005 0.2861478263242334
vn -0.4856582896091207 0.8424351839286275 0.2333216376872986
vn -0.33503312609908803 0.9246365035442063 0.18110809128754385
vn -0.22453689316519565 0.9643103369246528 0.14031663375374911
vn -0.14130167541530908 0.9836018596903685 0.1120768403305316
vn -0.08205933130883032 0.9919522413200235 0.09642104067748754
vn 0 -1 0
vn -0.05299798928716485 -0.9982353744540284 0.026783396351906893
vn -0.21442745805893715 -0.9704096994762471 0.11102198157483138
vn -0.470240568051567 -0.8470951406962037 0.2475957002199718
vn -0.7130373113971025 -0.5906857842917883 0.3777143057804223
vn -0.8381606322977583 -0.29424920616945427 0.4592430284009416
vn -0.8344730129413183 -0.04157636309964287 0.5494781130345823
vn -0.7116786283490121 0.22074070702996154 0.6669235864858741
vn -0.5529446525637388 0.450738930448678 0.700775732869759
vn -0.40794250500104723 0.6395135542430164 0.6516174694964332
vn -0.2880415873656399 0.7830156567610562 0.5512880601055441
vn -0.1974344808877871 0.8792203483494999 0.43357952535233263
vn -0.1330400550474709 0.9366043168837027 0.3241491899539142
vn -0.08593368461869731 0.9698610824631081 0.228001935455256
vn -0.054004814554206755 0.9862284674662497 0.15632303081804128
vn 0 -1 0
vn -0.05011755377274896 -0.9982353746106875 0.031849139387056
vn -0.20251283292320726 -0.9704097029653607 0.13150498428613852
vn -0.44370756071001005 -0.847095141758706 0.2924951647080178
vn -0.6725813237675283 -0.5906857924810633 0.4457854388381672
vn -0.7936341241461101 -0.2756581034472316 0.5423628739088912
vn -0.804162936613466 0.023808373644345175 0.5939319259996199
vn -0.7668309973897806 0.2811716259832074 0.5769859081330788
vn -0.7042365740178888 0.5021644284553614 0.501878206948306
vn -0.605620549866336 0.6873572915398521 0.40095349274771946
vn -0.4853035562765779 0.8232553691477076 0.2945013674582484
vn -0.36870835152983383 0.9073186743551056 0.20205686001382459
vn -0.2724771815895999 0.9534111086768331 0.12947371688725093
vn -0.19664309629583837 0.9779816125996253 0.06988174365470533
vn -0.1440664091215536 0.9892905412524879 0.023432770881406818
vn 0 -1 0
vn -0.04675445195123893 -0.9982353750277496 0.036608158461566155
vn -0.188647972865719 -0.970409703208782 0.1507214326228983
vn -0.412901526467372 -0.8470951436466059 0.33457756507460296
vn -0.625648006374513 -0.5906857703495584 0.5095634335646013
vn -0.7505639299675743 -0.2822010854333876 0.597508438778774
vn -0.8283872529292753 -0.015087475863450843 0.5599526116166964
vn -0.891008669754884 0.20753618950358382 0.4037725603207385
vn -0.8634563591551502 0.4403461468520139 0.24604549739248807
vn -0.7635586169529981 0.6316919846535666 0.1339532567773659
vn -0.6230838774496149 0.779589816771387 0.06329454359349061
vn -0.47667186530368955 0.8787122794904266 0.02546885746631098
vn -0.34763220545314766 0.9375923435812066 0.008511579740633166
vn -0.23841249558485972 0.97115920408785 0.0030466808912061293
vn -0.15495590901485456 0.9879170083028778 0.0029412526705407905
vn 0 -1 0
vn -0.04294109963530408 -0.9982353751983429 0.04101460306689026
vn -0.17296625911455088 -0.9704097046688016 0.16848643355631712
vn -0.3781189266283813 -0.8470951192864005 0.37343799512979337
vn -0.5726895312448416 -0.5906857827654447 0.5684338192273024
vn -0.6843693859868949 -0.30069214138314304 0.6642460234238067
vn -0.73756878695369 -0.08055215978676229 0.6704503218474506
vn -0.7340602285609057 0.15834020093065077 0.6603665358074653
vn -0.6469011135036759 0.45053313966676434 0.6152551010838612
vn -0.5066760312485687 0.6879673180807644 0.5195963516143657
vn -0.3594014719424155 0.8424351390696521 0.4014145219424942
vn -0.240223170234711 0.9246364866871278 0.29553374759791806
vn -0.15374821267327476 0.9643103381770163 0.2155621923823886
vn -0.08765576687793813 0.9836018578236759 0.15761932565156456
vn -0.03891418124779973 0.991952239338919 0.12048419551259655
vn 0 -1 0
vn -0.03871418650478695 -0.9982353744797532 0.04502609133091084
vn -0.15561881783985362 -0.970409698977022 0.18462881591304153
vn -0.3396948050298793 -0.8470951494226459 0.40870190513421584
vn -0.5142154693865031 -0.5906857848467825 0.6218301654178244
vn -0.5986146497983238 -0.2942490957883481 0.7450355499401153
vn -0.5606763330560239 -0.0415764076100911 0.8269905996328435
vn -0.40228468488335134 0.2207406776197286 0.8885046907880034
vn -0.24267894874522478 0.4507389544811918 0.859035111476309
vn -0.12752671813374256 0.6395135659087443 0.7581288381144192
vn -0.055146954532098516 0.7830156624064026 0.6195524883592166
vn -0.016481958276271292 0.8792203636290392 0.47613012636400065
vn 0.0011335620455250248 0.9366043043656729 0.3503870603786375
vn 0.007860174344904035 0.9698610830648662 0.24353171706271054
vn 0.009928258201109553 0.9862284725100886 0.16509036828207035
vn 0 -1 0
vn -0.034114445482516784 -0.9982353749817363 0.04860391696656518
vn -0.13677267847237734 -0.9704096996351045 0.19899308851715936
vn -0.2979993287900867 -0.8470951499976651 0.4400297795503062
vn -0.45078954776662666 -0.5906857936753191 0.6692376833192515
vn -0.5256692907628588 -0.27565807840808093 0.8047884321716094
vn -0.5156620890775627 0.023808319813624666 0.8564611922298733
vn -0.48765667841673027 0.28117164720767124 0.8265188859318864
vn -0.458569513369921 0.5021644088986613 0.7331745411858843
vn -0.40608215976052225 0.6873572577768203 0.6021937227385882
vn -0.3356612103431829 0.8232553789481342 0.4578014120816069
vn -0.2633182451270666 0.9073186671285359 0.3277748282942104
vn -0.2021886423431446 0.9534111094164051 0.22389061916216077
vn -0.1549319455042653 0.9779816138284246 0.1398143600486498
vn -0.12413269315697775 0.9892905381843943 0.07678089312079658
vn 0 -1 0
vn -0.029186143602014065 -0.9982353747642796 0.05171368862168715
vn -0.11660939481058974 -0.970409693499676 0.2114409511040208
vn -0.2534339389959181 -0.8470951787810835 0.4671198953704045
vn -0.38302197512915154 -0.5906857168922163 0.7102003593548034
vn -0.4647740912641691 -0.28220110481475785 0.8392541811220817
vn -0.5510452825122024 -0.015087477423002586 0.8343389387089982
vn -0.66866755816481 0.20753622157770452 0.7140114938788872
vn -0.7035720170373639 0.44034620005543523 0.5577469327022011
vn -0.6541744458699262 0.6316920507386944 0.4159578673427367
vn -0.5514327122476296 0.7795898084741985 0.29692035023956426
vn -0.43064091679631367 0.878712258715995 0.20594457303620461
vn -0.31791308497147297 0.93759232685518 0.14089676726671338
vn -0.21909846225515847 0.9711592135391258 0.09405129342806293
vn -0.14203497875477628 0.9879170135296934 0.062016442889784154
vn 0 -1 0
vn -0.023976779318898026 -0.9982353743364819 0.05432542201213665
vn -0.09532304967093665 -0.9704097029283045 0.2218524840159153
vn -0.20642777183544123 -0.8470951481351009 0.4897115324566357
vn -0.3115656965289249 -0.5906857239528258 0.7443233116494282
vn -0.378078729530655 -0.3006922011509339 0.8755801930397307
vn -0.42485433727705213 -0.08055213821902552 0.9016707520626472
vn -0.4254717638201883 0.15834029425945986 0.8910118570510527
vn -0.3622106837112074 0.450533082986692 0.8159800008210779
vn -0.26926680907510236 0.6879672878488226 0.6739409442825446
vn -0.17842882510388253 0.8424351640853088 0.508395661551716
vn -0.1088413697748226 0.9246365062054094 0.36496696784475474
vn -0.0595526799314214 0.9643103355721762 0.25799041653065874
vn -0.02066510335181639 0.983601857785444 0.17916567434774444
vn 0.010155192607315316 0.9919522434918614 0.1262046698603951
vn 0 -1 0
vn -0.0185365336131036 -0.998235375019557 0.05641394314506553
vn -0.07311874705561384 -0.9704097016185869 0.2301274860453278
vn -0.15743372856082352 -0.8470951061370868 0.5075869406023314
vn -0.23710919865832358 -0.590685723946633 0.7712779028581397
vn -0.2679350635662463 -0.29424920255438336 0.9174029695329424
vn -0.2015216900380717 -0.04157635474212641 0.9786012544292778
vn -0.03164669177910719 0.22074075403388396 0.9748189608373395
vn 0.1045322427565135 0.45073894069532516 0.8865141947905568
vn 0.17230406156141737 0.6395135430065279 0.7492220890234597
vn 0.18614347153028263 0.783015603485494 0.5934957225666437
vn 0.1669798646489084 0.8792203090280171 0.44619432201061304
vn 0.135134604933564 0.9366043028445726 0.3232816395072283
vn 0.10045745108761919 0.9698610790807716 0.2219860081294767
vn 0.0723499948701122 0.9862284591559988 0.14872425690881452
vn 0 -1 0
vn -0.012917728717526403 -0.9982353753506454 0.05795918980917897
vn -0.05021016717196587 -0.9704097000198805 0.23618626805953116
vn -0.10692334038762925 -0.8470951210720625 0.5205739670174244
vn -0.1603689226573862 -0.5906857373110798 0.7908047599647939
vn -0.17767576969748503 -0.2756581321420807 0.9446924976130304
vn -0.14865605211457394 0.023808262727075678 0.988602318829785
vn -0.13424080704991484 0.28117168148062666 0.9502220220853358
vn -0.14308919194779887 0.5021643702564723 0.8528519381420475
vn -0.14472153438005525 0.6873572901022222 0.7117553183714272
vn -0.1349175458597544 0.8232553816136755 0.5514053250226212
vn -0.11784037298454224 0.9073186590567853 0.40359199375391586
vn -0.10111873700365763 0.9534111120496973 0.28422218851972914
vn -0.08963382075095355 0.9779816085465031 0.1884615385758602
vn -0.08530090001611629 0.9892905351491298 0.11843983080361535
vn 0 -1 0
vn -0.007174508901122027 -0.9982353751795829 0.05894626503948492
vn -0.026818009427017776 -0.9704097034055923 0.2399704188158256
vn -0.055383279372440586 -0.8470951235048314 0.5285475797885076
vn -0.08208434774046909 -0.5906857664851154 0.8027156938343198
vn -0.10822666522046354 -0.2822010837467065 0.9532311038082223
vn -0.18981190212398816 -0.015087496637602308 0.9817045427506608
vn -0.3445279924667583 0.20753620736062894 0.9155485705527541
vn -0.4365755604161877 0.44034597141912296 0.7845362996714942
vn -0.4451980475031129 0.6316921546674578 0.6346366836474242
vn -0.3958308662330006 0.7795898250506703 0.48534279639724504
vn -0.31904884958301205 0.8787122309724017 0.3550671017135509
vn -0.23979457916528618 0.9375923160085496 0.25183170722660625
vn -0.16642871438780912 0.9711592162242714 0.17073740003256524
vn -0.10749060661490517 0.9879170060975617 0.11165016145438374
vn 0 -1 0
vn -0.0006084183712295036 -0.9984322215946512 0.055970784420580406
vn -0.002119247564342549 -0.9713680723871994 0.23757015119020655
vn -0.0024739648709273337 -0.8481097986702733 0.5298147307288518
vn -0.0017617249215280467 -0.5922285257724647 0.8057681239579251
vn -0.012442850474302316 -0.30215057649342264 0.9531789992424122
vn -0.0462314598431264 -0.08090586963272428 0.9956489805045483
vn -0.054607347551609974 0.15868687890559688 0.9858176870276664
vn -0.028969456087387185 0.4510912389003869 0.8920075475024384
vn -0.008434509893081664 0.6892277626648481 0.7244956523091574
vn 0.003269856761540234 0.8439998538618466 0.5363334361364587
vn 0.008952612920031154 0.9262197542723589 0.3768777222356812
vn 0.008641980373137763 0.9658412096682352 0.2589904899447672
vn 0.010255730443260384 0.9853709082924548 0.1701146468825596
vn -0.000624107027932248 0.9936040729479946 0.11291836303973733
f 1/1/1 16/16/16 2/2/2
f 17/17/17 2/2/2 16/16/16
f 2/2/2 17/17/17 3/3/3
f 18/18/18 3/3/3 17/17/17
f 3/3/3 18/18/18 4/4/4
f 19/19/19 4/4/4 18/18/18
f 4/4/4 19/19/19 5/5/5
f 20/20/20 5/5/5 19/19/19
f 5/5/5 20/20/20 6/6/6
f 21/21/21 6/6/6 20/20/20
f 6/6/6 21/21/21 7/7/7
f 22/22/22 7/7/7 21/21/21
f 7/7/7 22/22/22 8/8/8
f 23/23/23 8/8/8 22/22/22
f 8/8/8 23/23/23 9/9/9
f 24/24/24 9/9/9 23/23/23
f 9/9/9 24/24/24 10/10/10
f 25/25/25 10/10/10 24/24/24
f 10/10/10 25/25/25 11/11/11
f 26/26/26 11/11/11 25/25/25
f 11/11/11 26/26/26 12/12/12
f 27/27/27 12/12/12 26/26/26
f 12/12/12 27/27/27 13/13/13
f 28/28/28 13/13/13 27/27/27
f 13/13/13 28/28/28 14/14/14
f 29/29/29 14/14/14 28/28/28
f 14/14/14 29/29/29 15/15/15
f 30/30/30 15/15/15 29/29/29
f 16/16/16 31/31/31 17/17/17
f 32/32/32 17/17/17 31/31/31
f 17/17/17 32/32/32 18/18/18
f 33/33/33 18/18/18 32/32/32
f 18/18/18 33/33/33 19/19/19
f 34/34/34 19/19/19 33/33/33
f 19/19/19 34/34/34 20/20/20
f 35/35/35 20/20/20 34/34/34
f 20/20/20 35/35/35 21/21/21
f 36/36/36 21/21/21 35/35/35
f 21/21/21 36/36/36 22/22/22
f 37/37/37 22/22/22 36/36/36
f 22/22/22 37/37/37 23/23/23
f 38/38/38 23/23/23 37/37/37
f 23/23/23 38/38/38 24/24/24
f 39/39/39 24/24/24 38/38/38
f 24/24/24 39/39/39 25/25/25
f 40/40/40 25/25/25 39/39/39
f 25/25/25 40/40/40 26/26/26
f 41/41/41 26/26/26 40/40/40
f 26/26/26 41/41/41 27/27/27
f 42/42/42 27/27/27 41/41/41
f 27/27/27 42/42/42 28/28/28
f 43/43/43 28/28/28 42/42/42
f 28/28/28 43/43/43 29/29/29
f 44/44/44 29/29/29 43/43/43
f 29/29/29 44/44/44 30/30/30
f 45/45/45 30/30/30 44/44/44
f 31/31/31 46/46/46 32/32/32
f 47/47/47 32/32/32 46/46/46
f 32/32/32 47/47/47 33/33/33
f 48/48/48 33/33/33 47/47/47
f 33/33/33 48/48/48 34/34/34
f 49/49/49 34/34/34 48/48/48
f 34/34/34 49/49/49 35/35/35
f 50/50/50 35/35/35 49/49/49
f 35/35/35 50/50/50 36/36/36
f 51/51/51 36/36/36 50/50/50
f 36/36/36 51/51/51 37/37/37
f 52/52/52 37/37/37 51/51/51
f 37/37/37 52/52/52 38/38/38
f 53/53/53 38/38/38 52/52/52
f 38/38/38 53/53/53 39/39/39
f 54/54/54 39/39/39 53/53/53
f 39/39/39 54/54/54 40/40/40
f 55/55/55 40/40/40 54/54/54
f 40/40/40 55/55/55 41/41/41
f 56/56/56 41/41/41 55/55/55
f 41/41/41 56/56/56 42/42/42
f 57/57/57 42/42/42 56/56/56
f 42/42/42 57/57/57 43/43/43
f 58/58/58 43/43/43 57/57/57
f 43/43/43 58/58/58 44/44/44
f 59/59/59 44/44/44 58/58/58
f 44/44/44 59/59/59 45/45/45
f 60/60/60 45/45/45 59/59/59
f 46/46/46 61/61/61 47/47/47
f 62/62/62 47/47/47 61/61/61
f 47/47/47 62/62/62 48/48/48
f 63/63/63 48/48/48 62/62/62
f 48/48/48 63/63/63 49/49/49
f 64/64/64 49/49/49 63/63/63
f 49/49/49 64/64/64 50/50/50
f 65/65/65 50/50/50 64/64/64
f 50/50/50 65/65/65 51/51/51
f 66/66/66 51/51/51 65/65/65
f 51/51/51 66/66/66 52/52/52
f 67/67/67 52/52/52 66/66/66
f 52/52/52 67/67/67 53/53/53
f 68/68/68 53/53/53 67/67/67
f 53/53/53 68/68/68 54/54/54
f 69/69/69 54/54/54 68/68/68
f 54/54/54 69/69/69 55/55/55
f 70/70/70 55/55/55 69/69/69
f 55/55/55 70/70/70 56/56/56
f 71/71/71 56/56/56 70/70/70
f 56/56/56 71/71/71 57/57/57
f 72/72/72 57/57/57 71/71/71
f 57/57/57 72/72/72 58/58/58
f 73/73/73 58/58/58 72/72/72
f 58/58/58 73/73/73 59/59/59
f 74/74/74 59/59/59 73/73/73
f 59/59/59 74/74/74 60/60/60
f 75/75/75 60/60/60 74/74/74
f 61/61/61 76/76/76 62/62/62
f 77/77/77 62/62/62 76/76/76
f 62/62/62 77/77/77 63/63/63
f 78/78/78 63/63/63 77/77/77
f 63/63/63 78/78/78 64/64/64
f 79/79/79 64/64/64 78/78/78
f 64/64/64 79/79/79 65/65/65
f 80/80/80 65/65/65 79/79/79
f 65/65/65 80/80/80 66/66/66
f 81/81/81 66/66/66 80/80/80
f 66/66/66 81/81/81 67/67/67
f 82/82/82 67/67/67 81/81/81
f 67/67/67 82/82/82 68/68/68
f 83/83/83 68/68/68 82/82/82
f 68/68/68 83/83/83 69/69/69
f 84/84/84 69/69/69 83/83/83
f 69/69/69 84/84/84 70/70/70
f 85/85/85 70/70/70 84/84/84
f 70/70/70 85/85/85 71/71/71
f 86/86/86 71/71/71 85/85/85
f 71/71/71 86/86/86 72/72/72
f 87/87/87 72/72/72 86/86/86
f 72/72/72 87/87/87 73/73/73
f 88/88/88 73/73/73 87/87/87
f 73/73/73 88/88/88 74/74/74
f 89/89/89 74/74/74 88/88/88
f 74/74/74 89/89/89 75/75/75
f 90/90/90 75/75/75 89/89/89
f 76/76/76 91/91/91 77/77/77
f 92/92/92 77/77/77 91/91/91
f 77/77/77 92/92/92 78/78/78
f 93/93/93 78/78/78 92/92/92
f 78/78/78 93/93/93 79/79/79
f 94/94/94 79/79/79 93/93/93
f 79/79/79 94/94/94 80/80/80
f 95/95/95 80/80/80 94/94/94
f 80/80/80 95/95/95 81/81/81
f 96/96/96 81/81/81 95/95/95
f 81/81/81 96/96/96 82/82/82
f 97/97/97 82/82/82 96/96/96
f 82/82/82 97/97/97 83/83/83
f 98/98/98 83/83/83 97/97/97
f 83/83/83 98/98/98 84/84/84
f 99/99/99 84/84/84 98/98/98
f 84/84/84 99/99/99 85/85/85
f 100/100/100 85/85/85 99/99/99
f 85/85/85 100/100/100 86/86/86
f 101/101/101 86/86/86 100/100/100
f 86/86/86 101/101/101 87/87/87
f 102/102/102 87/87/87 101/101/101
f 87/87/87 102/102/102 88/88/88
f 103/103/103 88/88/88 102/102/102
f 88/88/88 103/103/103 89/89/89
f 104/104/104 89/89/89 103/103/103
f 89/89/89 104/104/104 90/90/90
f 105/105/105 90/90/90 104/104/104
f 91/91/91 106/106/106 92/92/92
f 107/107/107 92/92/92 106/106/106
f 92/92/92 107/107/107 93/93/93
f 108/108/108 93/93/93 107/107/107
f 93/93/93 108/108/108 94/94/94
f 109/109/109 94/94/94 108/108/108
f 94/94/94 109/109/109 95/95/95
f 110/110/110 95/95/95 109/109/109
f 95/95/95 110/110/110 96/96/96
f 111/111/111 96/96/96 110/110/110
f 96/96/96 111/111/111 97/97/97
f 112/112/112 97/97/97 111/111/111
f 97/97/97 112/112/112 98/98/98
f 113/113/113 98/98/98 112/112/112
f 98/98/98 113/113/113 99/99/99
f 114/114/114 99/99/99 113/113/113
f 99/99/99 114/114/114 100/100/100
f 115/115/115 100/100/100 114/114/114
f 100/100/100 115/115/115 101/101/101
f 116/116/116 101/101/101 115/115/115
f 101/101/101 116/116/116 102/102/102
f 117/117/117 102/102/102 116/116/116
f 102/102/102 117/117/117 103/103/103
f 118/118/118 103/103/103 117/117/117
f 103/103/103 118/118/118 104/104/104
f 119/119/119 104/104/104 118/118/118
f 104/104/104 119/119/119 105/105/105
f 120/120/120 105/105/105 119/119/119
f 106/106/106 121/121/121 107/107/107
f 122/122/122 107/107/107 121/121/121
f 107/107/107 122/122/122 108/108/108
f 123/123/123 108/108/108 122/122/122
f 108/108/108 123/123/123 109/109/109
f 124/124/124 109/109/109 123/123/123
f 109/109/109 124/124/124 110/110/110
f 125/125/125 110/110/110 124/124/124
f 110/110/110 125/125/125 111/111/111
f 126/126/126 111/111/111 125/125/125
f 111/111/111 126/126/126 112/112/112
f 127/127/127 112/112/112 126/126/126
f 112/112/112 127/127/127 113/113/113
f 128/128/128 113/113/113 127/127/127
f 113/113/113 128/128/128 114/114/114
f 129/129/129 114/114/114 128/128/128
f 114/114/114 129/129/129 115/115/115
f 130/130/130 115/115/115 129/129/129
f 115/115/115 130/130/130 116/116/116
f 131/131/131 116/116/116 130/130/130
f 116/116/116 131/131/131 117/117/117
f 132/132/132 117/117/117 131/131/131
f 117/117/117 132/132/132 118/118/118
f 133/133/133 118/118/118 132/132/132
f 118/118/118 133/133/133 119/119/119
f 134/134/134 119/119/119 133/133/133
f 119/119/119 134/134/134 120/120/120
f 135/135/135 120/120/120 134/134/134
f 121/121/121 136/136/136 122/122/122
f 137/137/137 122/122/122 136/136/136
f 122/122/122 137/137/137 123/123/123
f 138/138/138 123/123/123 137/137/137
f 123/123/123 138/138/138 124/124/124
f 139/139/139 124/124/124 138/138/138
f 124/124/124 139/139/139 125/125/125
f 140/140/140 125/125/125 139/139/139
f 125/125/125 140/140/140 126/126/126
f 141/141/141 126/126/126 140/140/140
f 126/126/126 141/141/141 127/127/127
f 142/142/142 127/127/127 141/141/141
f 127/127/127 142/142/142 128/128/128
f 143/143/143 128/128/128 142/142/142
f 128/128/128 143/143/143 129/129/129
f 144/144/144 129/129/129 143/143/143
f 129/129/129 144/144/144 130/130/130
f 145/145/145 130/130/130 144/144/144
f 130/130/130 145/145/145 131/131/131
f 146/146/146 131/131/131 145/145/145
f 131/131/131 146/146/146 132/132/132
f 147/147/147 132/132/132 146/146/146
f 132/132/132 147/147/147 133/133/133
f 148/148/148 133/133/133 147/147/147
f 133/133/133 148/148/148 134/134/134
f 149/149/149 134/134/134 148/148/148
f 134/134/134 149/149/149 135/135/135
f 150/150/150 135/135/135 149/149/149
f 136/136/136 151/151/151 137/137/137
f 152/152/152 137/137/137 151/151/151
f 137/137/137 152/152/152 138/138/138
f 153/153/153 138/138/138 152/152/152
f 138/138/138 153/153/153 139/139/139
f 154/154/154 139/139/139 153/153/153
f 139/139/139 154/154/154 140/140/140
f 155/155/155 140/140/140 154/154/154
f 140/140/140 155/155/155 141/141/141
f 156/156/156 141/141/141 155/155/155
f 141/141/141 156/156/156 142/142/142
f 157/157/157 142/142/142 156/156/156
f 142/142/142 157/157/157 143/143/143
f 158/158/158 143/143/143 157/157/157
f 143/143/143 158/158/158 144/144/144
f 159/159/159 144/144/144 158/158/158
f 144/144/144 159/159/159 145/145/145
f 160/160/160 145/145/145 159/159/159
f 145/145/145 160/160/160 146/146/146
f 161/161/161 146/146/146 160/160/160
f 146/146/146 161/161/161 147/147/147
f 162/162/162 147/147/147 161/161/161
f 147/147/147 162/162/162 148/148/148
f 163/163/163 148/148/148 162/162/162
f 148/148/148 163/163/163 149/149/149
f 164/164/164 149/149/149 163/163/163
f 149/149/149 164/164/164 150/150/150
f 165/165/165 150/150/150 164/164/164
f 151/151/151 166/166/166 152/152/152
f 167/167/167 152/152/152 166/166/166
f 152/152/152 167/167/167 153/153/153
f 168/168/168 153/153/153 167/167/167
f 153/153/153 168/168/168 154/154/154
f 169/169/169 154/154/154 168/168/168
f 154/154/154 169/169/169 155/155/155
f 170/170/170 155/155/155 169/169/169
f 155/155/155 170/170/170 156/156/156
f 171/171/171 156/156/156 170/170/170
f 156/156/156 171/171/171 157/157/157
f 172/172/172 157/157/157 171/171/171
f 157/157/157 172/172/172 158/158/158
f 173/173/173 158/158/158 172/172/172
f 158/158/158 173/173/173 159/159/159
f 174/174/174 159/159/159 173/173/173
f 159/159/159 174/174/174 160/160/160
f 175/175/175 160/160/160 174/174/174
f 160/160/160 175/175/175 161/161/161
f 176/176/176 161/161/161 175/175/175
f 161/161/161 176/176/176 162/162/162
f 177/177/177 162/162/162 176/176/176
f 162/162/162 177/177/177 163/163/163
f 178/178/178 163/163/163 177/177/177
f 163/163/163 178/178/178 164/164/164
f 179/179/179 164/164/164 178/178/178
f 164/164/164 179/179/179 165/165/165
f 180/180/180 165/165/165 179/179/179
f 166/166/166 181/181/181 167/167/167
f 182/182/182 167/167/167 181/181/181
f 167/167/167 182/182/182 168/168/168
f 183/183/183 168/168/168 182/182/182
f 168/168/168 183/183/183 169/169/169
f 184/184/184 169/169/169 183/183/183
f 169/169/169 184/184/184 170/170/170
f 185/185/185 170/170/170 184/184/184
f 170/170/170 185/185/185 171/171/171
f 186/186/186 171/171/171 185/185/185
f 171/171/171 186/186/186 172/172/172
f 187/187/187 172/172/172 186/186/186
f 172/172/172 187/187/187 173/173/173
f 188/188/188 173/173/173 187/187/187
f 173/173/173 188/188/188 174/174/174
f 189/189/189 174/174/174 188/188/188
f 174/174/174 189/189/189 175/175/175
f 190/190/190 175/175/175 189/189/189
f 175/175/175 190/190/190 176/176/176
f 191/191/191 176/176/176 190/190/190
f 176/176/176 191/191/191 177/177/177
f 192/192/192 177/177/177 191/191/191
f 177/177/177 192/192/192 178/178/178
f 193/193/193 178/178/178 192/192/192
f 178/178/178 193/193/193 179/179/179
f 194/194/194 179/179/179 193/193/193
f 179/179/179 194/194/194 180/180/180
f 195/195/195 180/180/180 194/194/194
f 181/181/181 196/196/196 182/182/182
f 197/197/197 182/182/182 196/196/196
f 182/182/182 197/197/197 183/183/183
f 198/198/198 183/183/183 197/197/197
f 183/183/183 198/198/198 184/184/184
f 199/199/199 184/184/184 198/198/198
f 184/184/184 199/199/199 185/185/185
f 200/200/200 185/185/185 199/199/199
f 185/185/185 200/200/200 186/186/186
f 201/201/201 186/186/186 200/200/200
f 186/186/186 201/201/201 187/187/187
f 202/202/202 187/187/187 201/201/201
f 187/187/187 202/202/202 188/188/188
f 203/203/203 188/188/188 202/202/202
f 188/188/188 203/203/203 189/189/189
f 204/204/204 189/189/189 203/203/203
f 189/189/189 204/204/204 190/190/190
f 205/205/205 190/190/190 204/204/204
f 190/190/190 205/205/205 191/191/191
f 206/206/206 191/191/191 205/205/205
f 191/191/191 206/206/206 192/192/192
f 207/207/207 192/192/192 206/206/206
f 192/192/192 207/207/207 193/193/193
f 208/208/208 193/193/193 207/207/207
f 193/193/193 208/208/208 194/194/194
f 209/209/209 194/194/194 208/208/208
f 194/194/194 209/209/209 195/195/195
f 210/210/210 195/195/195 209/209/209
f 196/196/196 211/211/211 197/197/197
f 212/212/212 197/197/197 211/211/211
f 197/197/197 212/212/212 198/198/198
f 213/213/213 198/198/198 212/212/212
f 198/198/198 213/213/213 199/199/199
f 214/214/214 199/199/199 213/213/213
f 199/199/199 214/214/214 200/200/200
f 215/215/215 200/200/200 214/214/214
f 200/200/200 215/215/215 201/201/201
f 216/216/216 201/201/201 215/215/215
f 201/201/201 216/216/216 202/202/202
f 217/217/217 202/202/202 216/216/216
f 202/202/202 217/217/217 203/203/203
f 218/218/218 203/203/203 217/217/217
f 203/203/203 218/218/218 204/204/204
f 219/219/219 204/204/204 218/218/218
f 204/204/204 219/219/219 205/205/205
f 220/220/220 205/205/205 219/219/219
f 205/205/205 220/220/220 206/206/206
f 221/221/221 206/206/206 220/220/220
f 206/206/206 221/221/221 207/207/207
f 222/222/222 207/207/207 221/221/221
f 207/207/207 222/222/222 208/208/208
f 223/223/223 208/208/208 222/222/222
f 208/208/208 223/223/223 209/209/209
f 224/224/224 209/209/209 223/223/223
f 209/209/209 224/224/224 210/210/210
f 225/225/225 210/210/210 224/224/224
f 211/211/211 226/226/226 212/212/212
f 227/227/227 212/212/212 226/226/226
f 212/212/212 227/227/227 213/213/213
f 228/228/228 213/213/213 227/227/227
f 213/213/213 228/228/228 214/214/214
f 229/229/229 214/214/214 228/228/228
f 214/214/214 229/229/229 215/215/215
f 230/230/230 215/215/215 229/229/229
f 215/215/215 230/230/230 216/216/216
f 231/231/231 216/216/216 230/230/230
f 216/216/216 231/231/231 217/217/217
f 232/232/232 217/217/217 231/231/231
f 217/217/217 232/232/232 218/218/218
f 233/233/233 218/218/218 232/232/232
f 218/218/218 233/233/233 219/219/219
f 234/234/234 219/219/219 233/233/233
f 219/219/219 234/234/234 220/220/220
f 235/235/235 220/220/220 234/234/234
f 220/220/220 235/235/235 221/221/221
f 236/236/236 221/221/221 235/235/235
f 221/221/221 236/236/236 222/222/222
f 237/237/237 222/222/222 236/236/236
f 222/222/222 237/237/237 223/223/223
f 238/238/238 223/223/223 237/237/237
f 223/223/223 238/238/238 224/224/224
f 239/239/239 224/224/224 238/238/238
f 224/224/224 239/239/239 225/225/225
f 240/240/240 225/225/225 239/239/239
f 226/226/226 241/241/241 227/227/227
f 242/242/242 227/227/227 241/241/241
f 227/227/227 242/242/242 228/228/228
f 243/243/243 228/228/228 242/242/242
f 228/228/228 243/243/243 229/229/229
f 244/244/244 229/229/229 243/243/243
f 229/229/229 244/244/244 230/230/230
f 245/245/245 230/230/230 244/244/244
f 230/230/230 245/245/245 231/231/231
f 246/246/246 231/231/231 245/245/245
f 231/231/231 246/246/246 232/232/232
f 247/247/247 232/232/232 246/246/246
f 232/232/232 247/247/247 233/233/233
f 248/248/248 233/233/233 247/247/247
f 233/233/233 248/248/248 234/234/234
f 249/249/249 234/234/234 248/248/248
f 234/234/234 249/249/249 235/235/235
f 250/250/250 235/235/235 249/249/249
f 235/235/235 250/250/250 236/236/236
f 251/251/251 236/236/236 250/250/250
f 236/236/236 251/251/251 237/237/237
f 252/252/252 237/237/237 251/251/251
f 237/237/237 252/252/252 238/238/238
f 253/253/253 238/238/238 252/252/252
f 238/238/238 253/253/253 239/239/239
f 254/254/254 239/239/239 253/253/253
f 239/239/239 254/254/254 240/240/240
f 255/255/255 240/240/240 254/254/254
f 241/241/241 256/256/256 242/242/242
f 257/257/257 242/242/242 256/256/256
f 242/242/242 257/257/257 243/243/243
f 258/258/258 243/243/243 257/257/257
f 243/243/243 258/258/258 244/244/244
f 259/259/259 244/244/244 258/258/258
f 244/244/244 259/259/259 245/245/245
f 260/260/260 245/245/245 259/259/259
f 245/245/245 260/260/260 246/246/246
f 261/261/261 246/246/246 260/260/260
f 246/246/246 261/261/261 247/247/247
f 262/262/262 247/247/247 261/261/261
f 247/247/247 262/262/262 248/248/248
f 263/263/263 248/248/248 262/262/262
f 248/248/248 263/263/263 249/249/249
f 264/264/264 249/249/249 263/263/263
f 249/249/249 264/264/264 250/250/250
f 265/265/265 250/250/250 264/264/264
f 250/250/250 265/265/265 251/251/251
f 266/266/266 251/251/251 265/265/265
f 251/251/251 266/266/266 252/252/252
f 267/267/267 252/252/252 266/266/266
f 252/252/252 267/267/267 253/253/253
f 268/268/268 253/253/253 267/267/267
f 253/253/253 268/268/268 254/254/254
f 269/269/269 254/254/254 268/268/268
f 254/254/254 269/269/269 255/255/255
f 270/270/270 255/255/255 269/269/269
f 256/256/256 271/271/271 257/257/257
f 272/272/272 257/257/257 271/271/271
f 257/257/257 272/272/272 258/258/258
f 273/273/273 258/258/258 272/272/272
f 258/258/258 273/273/273 259/259/259
f 274/274/274 259/259/259 273/273/273
f 259/259/259 274/274/274 260/260/260
f 275/275/275 260/260/260 274/274/274
f 260/260/260 275/275/275 261/261/261
f 276/276/276 261/261/261 275/275/275
f 261/261/261 276/276/276 262/262/262
f 277/277/277 262/262/262 276/276/276
f 262/262/262 277/277/277 263/263/263
f 278/278/278 263/263/263 277/277/277
f 263/263/263 278/278/278 264/264/264
f 279/279/279 264/264/264 278/278/278
f 264/264/264 279/279/279 265/265/265
f 280/280/280 265/265/265 279/279/279
f 265/265/265 280/280/280 266/266/266
f 281/281/281 266/266/266 280/280/280
f 266/266/266 281/281/281 267/267/267
f 282/282/282 267/267/267 281/281/281
f 267/267/267 282/282/282 268/268/268
f 283/283/283 268/268/268 282/282/282
f 268/268/268 283/283/283 269/269/269
f 284/284/284 269/269/269 283/283/283
f 269/269/269 284/284/284 270/270/270
f 285/285/285 270/270/270 284/284/284
f 271/271/271 286/286/286 272/272/272
f 287/287/287 272/272/272 286/286/286
f 272/272/272 287/287/287 273/273/273
f 288/288/288 273/273/273 287/287/287
f 273/273/273 288/288/288 274/274/274
f 289/289/289 274/274/274 288/288/288
f 274/274/274 289/289/289 275/275/275
f 290/290/290 275/275/275 289/289/289
f 275/275/275 290/290/290 276/276/276
f 291/291/291 276/276/276 290/290/290
f 276/276/276 291/291/291 277/277/277
f 292/292/292 277/277/277 291/291/291
f 277/277/277 292/292/292 278/278/278
f 293/293/293 278/278/278 292/292/292
f 278/278/278 293/293/293 279/279/279
f 294/294/294 279/279/279 293/293/293
f 279/279/279 294/294/294 280/280/280
f 295/295/295 280/280/280 294/294/294
f 280/280/280 295/295/295 281/281/281
f 296/296/296 281/281/281 295/295/295
f 281/281/281 296/296/296 282/282/282
f 297/297/297 282/282/282 296/296/296
f 282/282/282 297/297/297 283/283/283
f 298/298/298 283/283/283 297/297/297
f 283/283/283 298/298/298 284/284/284
f 299/299/299 284/284/284 298/298/298
f 284/284/284 299/299/299 285/285/285
f 300/300/300 285/285/285 299/299/299
f 286/286/286 301/301/301 287/287/287
f 302/302/302 287/287/287 301/301/301
f 287/287/287 302/302/302 288/288/288
f 303/303/303 288/288/288 302/302/302
f 288/288/288 303/303/303 289/289/289
f 304/304/304 289/289/289 303/303/303
f 289/289/289 304/304/304 290/290/290
f 305/305/305 290/290/290 304/304/304
f 290/290/290 305/305/305 291/291/291
f 306/306/306 291/291/291 305/305/305
f 291/291/291 306/306/306 292/292/292
f 307/307/307 292/292/292 306/306/306
f 292/292/292 307/307/307 293/293/293
f 308/308/308 293/293/293 307/307/307
f 293/293/293 308/308/308 294/294/294
f 309/309/309 294/294/294 308/308/308
f 294/294/294 309/309/309 295/295/295
f 310/310/310 295/295/295 309/309/309
f 295/295/295 310/310/310 296/296/296
f 311/311/311 296/296/296 310/310/310
f 296/296/296 311/311/311 297/297/297
f 312/312/312 297/297/297 311/311/311
f 297/297/297 312/312/312 298/298/298
f 313/313/313 298/298/298 312/312/312
f 298/298/298 313/313/313 299/299/299
f 314/314/314 299/299/299 313/313/313
f 299/299/299 314/314/314 300/300/300
f 315/315/315 300/300/300 314/314/314
f 301/301/301 316/316/316 302/302/302
f 317/317/317 302/302/302 316/316/316
f 302/302/302 317/317/317 303/303/303
f 318/318/318 303/303/303 317/317/317
f 303/303/303 318/318/318 304/304/304
f 319/319/319 304/304/304 318/318/318
f 304/304/304 319/319/319 305/305/305
f 320/320/320 305/305/305 319/319/319
f 305/305/305 320/320/320 306/306/306
f 321/321/321 306/306/306 320/320/320
f 306/306/306 321/321/321 307/307/307
f 322/322/322 307/307/307 321/321/321
f 307/307/307 322/322/322 308/308/308
f 323/323/323 308/308/308 322/322/322
f 308/308/308 323/323/323 309/309/309
f 324/324/324 309/309/309 323/323/323
f 309/309/309 324/324/324 310/310/310
f 325/325/325 310/310/310 324/324/324
f 310/310/310 325/325/325 311/311/311
f 326/326/326 311/311/311 325/325/325
f 311/311/311 326/326/326 312/312/312
f 327/327/327 312/312/312 326/326/326
f 312/312/312 327/327/327 313/313/313
f 328/328/328 313/313/313 327/327/327
f 313/313/313 328/328/328 314/314/314
f 329/329/329 314/314/314 328/328/328
f 314/314/314 329/329/329 315/315/315
f 330/330/330 315/315/315 329/329/329
f 316/316/316 331/331/331 317/317/317
f 332/332/332 317/317/317 331/331/331
f 317/317/317 332/332/332 318/318/318
f 333/333/333 318/318/318 332/332/332
f 318/318/318 333/333/333 319/319/319
f 334/334/334 319/319/319 333/333/333
f 319/319/319 334/334/334 320/320/320
f 335/335/335 320/320/320 334/334/334
f 320/320/320 335/335/335 321/321/321
f 336/336/336 321/321/321 335/335/335
f 321/321/321 336/336/336 322/322/322
f 337/337/337 322/322/322 336/336/336
f 322/322/322 337/337/337 323/323/323
f 338/338/338 323/323/323 337/337/337
f 323/323/323 338/338/338 324/324/324
f 339/339/339 324/324/324 338/338/338
f 324/324/324 339/339/339 325/325/325
f 340/340/340 325/325/325 339/339/339
f 325/325/325 340/340/340 326/326/326
f 341/341/341 326/326/326 340/340/340
f 326/326/326 341/341/341 327/327/327
f 342/342/342 327/327/327 341/341/341
f 327/327/327 342/342/342 328/328/328
f 343/343/343 328/328/328 342/342/342
f 328/328/328 343/343/343 329/329/329
f 344/344/344 329/329/329 343/343/343
f 329/329/329 344/344/344 330/330/330
f 345/345/345 330/330/330 344/344/344
f 331/331/331 346/346/346 332/332/332
f 347/347/347 332/332/332 346/346/346
f 332/332/332 347/347/347 333/333/333
f 348/348/348 333/333/333 347/347/347
f 333/333/333 348/348/348 334/334/334
f 349/349/349 334/334/334 348/348/348
f 334/334/334 349/349/349 335/335/335
f 350/350/350 335/335/335 349/349/349
f 335/335/335 350/350/350 336/336/336
f 351/351/351 336/336/336 350/350/350
f 336/336/336 351/351/351 337/337/337
f 352/352/352 337/337/337 351/351/351
f 337/337/337 352/352/352 338/338/338
f 353/353/353 338/338/338 352/352/352
f 338/338/338 353/353/353 339/339/339
f 354/354/354 339/339/339 353/353/353
f 339/339/339 354/354/354 340/340/340
f 355/355/355 340/340/340 354/354/354
f 340/340/340 355/355/355 341/341/341
f 356/356/356 341/341/341 355/355/355
f 341/341/341 356/356/356 342/342/342
f 357/357/357 342/342/342 356/356/356
f 342/342/342 357/357/357 343/343/343
f 358/358/358 343/343/343 357/357/357
f 343/343/343 358/358/358 344/344/344
f 359/359/359 344/344/344 358/358/358
f 344/344/344 359/359/359 345/345/345
f 360/360/360 345/345/345 359/359/359
f 346/346/346 361/361/361 347/347/347
f 362/362/362 347/347/347 361/361/361
f 347/347/347 362/362/362 348/348/348
f 363/363/363 348/348/348 362/362/362
f 348/348/348 363/363/363 349/349/349
f 364/364/364 349/349/349 363/363/363
f 349/349/349 364/364/364 350/350/350
f 365/365/365 350/350/350 364/364/364
f 350/350/350 365/365/365 351/351/351
f 366/366/366 351/351/351 365/365/365
f 351/351/351 366/366/366 352/352/352
f 367/367/367 352/352/352 366/366/366
f 352/352/352 367/367/367 353/353/353
f 368/368/368 353/353/353 367/367/367
f 353/353/353 368/368/368 354/354/354
f 369/369/369 354/354/354 368/368/368
f 354/354/354 369/369/369 355/355/355
f 370/370/370 355/355/355 369/369/369
f 355/355/355 370/370/370 356/356/356
f 371/371/371 356/356/356 370/370/370
f 356/356/356 371/371/371 357/357/357
f 372/372/372 357/357/357 371/371/371
f 357/357/357 372/372/372 358/358/358
f 373/373/373 358/358/358 372/372/372
f 358/358/358 373/373/373 359/359/359
f 374/374/374 359/359/359 373/373/373
f 359/359/359 374/374/374 360/360/360
f 375/375/375 360/360/360 374/374/374
f 361/361/361 376/376/376 362/362/362
f 377/377/377 362/362/362 376/376/376
f 362/362/362 377/377/377 363/363/363
f 378/378/378 363/363/363 377/377/377
f 363/363/363 378/378/378 364/364/364
f 379/379/379 364/364/364 378/378/378
f 364/364/364 379/379/379 365/365/365
f 380/380/380 365/365/365 379/379/379
f 365/365/365 380/380/380 366/366/366
f 381/381/381 366/366/366 380/380/380
f 366/366/366 381/381/381 367/367/367
f 382/382/382 367/367/367 381/381/381
f 367/367/367 382/382/382 368/368/368
f 383/383/383 368/368/368 382/382/382
f 368/368/368 383/383/383 369/369/369
f 384/384/384 369/369/369 383/383/383
f 369/369/369 384/384/384 370/370/370
f 385/385/385 370/370/370 384/384/384
f 370/370/370 385/385/385 371/371/371
f 386/386/386 371/371/371 385/385/385
f 371/371/371 386/386/386 372/372/372
f 387/387/387 372/372/372 386/386/386
f 372/372/372 387/387/387 373/373/373
f 388/388/388 373/373/373 387/387/387
f 373/373/373 388/388/388 374/374/374
f 389/389/389 374/374/374 388/388/388
f 374/374/374 389/389/389 375/375/375
f 390/390/390 375/375/375 389/389/389
f 376/376/376 391/391/391 377/377/377
f 392/392/392 377/377/377 391/391/391
f 377/377/377 392/392/392 378/378/378
f 393/393/393 378/378/378 392/392/392
f 378/378/378 393/393/393 379/379/379
f 394/394/394 379/379/379 393/393/393
f 379/379/379 394/394/394 380/380/380
f 395/395/395 380/380/380 394/394/394
f 380/380/380 395/395/395 381/381/381
f 396/396/396 381/381/381 395/395/395
f 381/381/381 396/396/396 382/382/382
f 397/397/397 382/382/382 396/396/396
f 382/382/382 397/397/397 383/383/383
f 398/398/398 383/383/383 397/397/397
f 383/383/383 398/398/398 384/384/384
f 399/399/399 384/384/384 398/398/398
f 384/384/384 399/399/399 385/385/385
f 400/400/400 385/385/385 399/399/399
f 385/385/385 400/400/400 386/386/386
f 401/401/401 386/386/386 400/400/400
f 386/386/386 401/401/401 387/387/387
f 402/402/402 387/387/387 401/401/401
f 387/387/387 402/402/402 388/388/388
f 403/403/403 388/388/388 402/402/402
f 388/388/388 403/403/403 389/389/389
f 404/404/404 389/389/389 403/403/403
f 389/389/389 404/404/404 390/390/390
f 405/405/405 390/390/390 404/404/404
f 391/391/391 406/406/406 392/392/392
f 407/407/407 392/392/392 406/406/406
f 392/392/392 407/407/407 393/393/393
f 408/408/408 393/393/393 407/407/407
f 393/393/393 408/408/408 394/394/394
f 409/409/409 394/394/394 408/408/408
f 394/394/394 409/409/409 395/395/395
f 410/410/410 395/395/395 409/409/409
f 395/395/395 410/410/410 396/396/396
f 411/411/411 396/396/396 410/410/410
f 396/396/396 411/411/411 397/397/397
f 412/412/412 397/397/397 411/411/411
f 397/397/397 412/412/412 398/398/398
f 413/413/413 398/398/398 412/412/412
f 398/398/398 413/413/413 399/399/399
f 414/414/414 399/399/399 413/413/413
f 399/399/399 414/414/414 400/400/400
f 415/415/415 400/400/400 414/414/414
f 400/400/400 415/415/415 401/401/401
f 416/416/416 401/401/401 415/415/415
f 401/401/401 416/416/416 402/402/402
f 417/417/417 402/402/402 416/416/416
f 402/402/402 417/417/417 403/403/403
f 418/418/418 403/403/403 417/417/417
f 403/403/403 418/418/418 404/404/404
f 419/419/419 404/404/404 418/418/418
f 404/404/404 419/419/419 405/405/405
f 420/420/420 405/405/405 419/419/419
f 406/406/406 421/421/421 407/407/407
f 422/422/422 407/407/407 421/421/421
f 407/407/407 422/422/422 408/408/408
f 423/423/423 408/408/408 422/422/422
f 408/408/408 423/423/423 409/409/409
f 424/424/424 409/409/409 423/423/423
f 409/409/409 424/424/424 410/410/410
f 425/425/425 410/410/410 424/424/424
f 410/410/410 425/425/425 411/411/411
f 426/426/426 411/411/411 425/425/425
f 411/411/411 426/426/426 412/412/412
f 427/427/427 412/412/412 426/426/426
f 412/412/412 427/427/427 413/413/413
f 428/428/428 413/413/413 427/427/427
f 413/413/413 428/428/428 414/414/414
f 429/429/429 414/414/414 428/428/428
f 414/414/414 429/429/429 415/415/415
f 430/430/430 415/415/415 429/429/429
f 415/415/415 430/430/430 416/416/416
f 431/431/431 416/416/416 430/430/430
f 416/416/416 431/431/431 417/417/417
f 432/432/432 417/417/417 431/431/431
f 417/417/417 432/432/432 418/418/418
f 433/433/433 418/418/418 432/432/432
f 418/418/418 433/433/433 419/419/419
f 434/434/434 419/419/419 433/433/433
f 419/419/419 434/434/434 420/420/420
f 435/435/435 420/420/420 434/434/434
f 421/421/421 436/436/436 422/422/422
f 437/437/437 422/422/422 436/436/436
f 422/422/422 437/437/437 423/423/423
f 438/438/438 423/423/423 437/437/437
f 423/423/423 438/438/438 424/424/424
f 439/439/439 424/424/424 438/438/438
f 424/424/424 439/439/439 425/425/425
f 440/440/440 425/425/425 439/439/439
f 425/425/425 440/440/440 426/426/426
f 441/441/441 426/426/426 440/440/440
f 426/426/426 441/441/441 427/427/427
f 442/442/442 427/427/427 441/441/441
f 427/427/427 442/442/442 428/428/428
f 443/443/443 428/428/428 442/442/442
f 428/428/428 443/443/443 429/429/429
f 444/444/444 429/429/429 443/443/443
f 429/429/429 444/444/444 430/430/430
f 445/445/445 430/430/430 444/444/444
f 430/430/430 445/445/445 431/431/431
f 446/446/446 431/431/431 445/445/445
f 431/431/431 446/446/446 432/432/432
f 447/447/447 432/432/432 446/446/446
f 432/432/432 447/447/447 433/433/433
f 448/448/448 433/433/433 447/447/447
f 433/433/433 448/448/448 434/434/434
f 449/449/449 434/434/434 448/448/448
f 434/434/434 449/449/449 435/435/435
f 450/450/450 435/435/435 449/449/449
f 436/436/436 451/451/451 437/437/437
f 452/452/452 437/437/437 451/451/451
f 437/437/437 452/452/452 438/438/438
f 453/453/453 438/438/438 452/452/452
f 438/438/438 453/453/453 439/439/439
f 454/454/454 439/439/439 453/453/453
f 439/439/439 454/454/454 440/440/440
f 455/455/455 440/440/440 454/454/454
f 440/440/440 455/455/455 441/441/441
f 456/456/456 441/441/441 455/455/455
f 441/441/441 456/456/456 442/442/442
f 457/457/457 442/442/442 456/456/456
f 442/442/442 457/457/457 443/443/443
f 458/458/458 443/443/443 457/457/457
f 443/443/443 458/458/458 444/444/444
f 459/459/459 444/444/444 458/458/458
f 444/444/444 459/459/459 445/445/445
f 460/460/460 445/445/445 459/459/459
f 445/445/445 460/460/460 446/446/446
f 461/461/461 446/446/446 460/460/460
f 446/446/446 461/461/461 447/447/447
f 462/462/462 447/447/447 461/461/461
f 447/447/447 462/462/462 448/448/448
f 463/463/463 448/448/448 462/462/462
f 448/448/448 463/463/463 449/449/449
f 464/464/464 449/449/449 463/463/463
f 449/449/449 464/464/464 450/450/450
f 465/465/465 450/450/450 464/464/464
f 451/451/451 466/466/466 452/452/452
f 467/467/467 452/452/452 466/466/466
f 452/452/452 467/467/467 453/453/453
f 468/468/468 453/453/453 467/467/467
f 453/453/453 468/468/468 454/454/454
f 469/469/469 454/454/454 468/468/468
f 454/454/454 469/469/469 455/455/455
f 470/470/470 455/455/455 469/469/469
f 455/455/455 470/470/470 456/456/456
f 471/471/471 456/456/456 470/470/470
f 456/456/456 471/471/471 457/457/457
f 472/472/472 457/457/457 471/471/471
f 457/457/457 472/472/472 458/458/458
f 473/473/473 458/458/458 472/472/472
f 458/458/458 473/473/473 459/459/459
f 474/474/474 459/459/459 473/473/473
f 459/459/459 474/474/474 460/460/460
f 475/475/475 460/460/460 474/474/474
f 460/460/460 475/475/475 461/461/461
f 476/476/476 461/461/461 475/475/475
f 461/461/461 476/476/476 462/462/462
f 477/477/477 462/462/462 476/476/476
f 462/462/462 477/477/477 463/463/463
f 478/478/478 463/463/463 477/477/477
f 463/463/463 478/478/478 464/464/464
f 479/479/479 464/464/464 478/478/478
f 464/464/464 479/479/479 465/465/465
f 480/480/480 465/465/465 479/479/479
f 466/466/466 481/481/481 467/467/467
f 482/482/482 467/467/467 481/481/481
f 467/467/467 482/482/482 468/468/468
f 483/483/483 468/468/468 482/482/482
f 468/468/468 483/483/483 469/469/469
f 484/484/484 469/469/469 483/483/483
f 469/469/469 484/484/484 470/470/470
f 485/485/485 470/470/470 484/484/484
f 470/470/470 485/485/485 471/471/471
f 486/486/486 471/471/471 485/485/485
f 471/471/471 486/486/486 472/472/472
f 487/487/487 472/472/472 486/486/486
f 472/472/472 487/487/487 473/473/473
f 488/488/488 473/473/473 487/487/487
f 473/473/473 488/488/488 474/474/474
f 489/489/489 474/474/474 488/488/488
f 474/474/474 489/489/489 475/475/475
f 490/490/490 475/475/475 489/489/489
f 475/475/475 490/490/490 476/476/476
f 491/491/491 476/476/476 490/490/490
f 476/476/476 491/491/491 477/477/477
f 492/492/492 477/477/477 491/491/491
f 477/477/477 492/492/492 478/478/478
f 493/493/493 478/478/478 492/492/492
f 478/478/478 493/493/493 479/479/479
f 494/494/494 479/479/479 493/493/493
f 479/479/479 494/494/494 480/480/480
f 495/495/495 480/480/480 494/494/494
f 481/481/481 496/496/496 482/482/482
f 497/497/497 482/482/482 496/496/496
f 482/482/482 497/497/497 483/483/483
f 498/498/498 483/483/483 497/497/497
f 483/483/483 498/498/498 484/484/484
f 499/499/499 484/484/484 498/498/498
f 484/484/484 499/499/499 485/485/485
f 500/500/500 485/485/485 499/499/499
f 485/485/485 500/500/500 486/486/486
f 501/501/501 486/486/486 500/500/500
f 486/486/486 501/501/501 487/487/487
f 502/502/502 487/487/487 501/501/501
f 487/487/487 502/502/502 488/488/488
f 503/503/503 488/488/488 502/502/502
f 488/488/488 503/503/503 489/489/489
f 504/504/504 489/489/489 503/503/503
f 489/489/489 504/504/504 490/490/490
f 505/505/505 490/490/490 504/504/504
f 490/490/490 505/505/505 491/491/491
f 506/506/506 491/491/491 505/505/505
f 491/491/491 506/506/506 492/492/492
f 507/507/507 492/492/492 506/506/506
f 492/492/492 507/507/507 493/493/493
f 508/508/508 493/493/493 507/507/507
f 493/493/493 508/508/508 494/494/494
f 509/509/509 494/494/494 508/508/508
f 494/494/494 509/509/509 495/495/495
f 510/510/510 495/495/495 509/509/509
f 496/496/496 511/511/511 497/497/497
f 512/512/512 497/497/497 511/511/511
f 497/497/497 512/512/512 498/498/498
f 513/513/513 498/498/498 512/512/512
f 498/498/498 513/513/513 499/499/499
f 514/514/514 499/499/499 513/513/513
f 499/499/499 514/514/514 500/500/500
f 515/515/515 500/500/500 514/514/514
f 500/500/500 515/515/515 501/501/501
f 516/516/516 501/501/501 515/515/515
f 501/501/501 516/516/516 502/502/502
f 517/517/517 502/502/502 516/516/516
f 502/502/502 517/517/517 503/503/503
f 518/518/518 503/503/503 517/517/517
f 503/503/503 518/518/518 504/504/504
f 519/519/519 504/504/504 518/518/518
f 504/504/504 519/519/519 505/505/505
f 520/520/520 505/505/505 519/519/519
f 505/505/505 520/520/520 506/506/506
f 521/521/521 506/506/506 520/520/520
f 506/506/506 521/521/521 507/507/507
f 522/522/522 507/507/507 521/521/521
f 507/507/507 522/522/522 508/508/508
f 523/523/523 508/508/508 522/522/522
f 508/508/508 523/523/523 509/509/509
f 524/524/524 509/509/509 523/523/523
f 509/509/509 524/524/524 510/510/510
f 525/525/525 510/510/510 524/524/524
f 511/511/511 526/526/526 512/512/512
f 527/527/527 512/512/512 526/526/526
f 512/512/512 527/527/527 513/513/513
f 528/528/528 513/513/513 527/527/527
f 513/513/513 528/528/528 514/514/514
f 529/529/529 514/514/514 528/528/528
f 514/514/514 529/529/529 515/515/515
f 530/530/530 515/515/515 529/529/529
f 515/515/515 530/530/530 516/516/516
f 531/531/531 516/516/516 530/530/530
f 516/516/516 531/531/531 517/517/517
f 532/532/532 517/517/517 531/531/531
f 517/517/517 532/532/532 518/518/518
f 533/533/533 518/518/518 532/532/532
f 518/518/518 533/533/533 519/519/519
f 534/534/534 519/519/519 533/533/533
f 519/519/519 534/534/534 520/520/520
f 535/535/535 520/520/520 534/534/534
f 520/520/520 535/535/535 521/521/521
f 536/536/536 521/521/521 535/535/535
f 521/521/521 536/536/536 522/522/522
f 537/537/537 522/522/522 536/536/536
f 522/522/522 537/537/537 523/523/523
f 538/538/538 523/523/523 537/537/537
f 523/523/523 538/538/538 524/524/524
f 539/539/539 524/524/524 538/538/538
f 524/524/524 539/539/539 525/525/525
f 540/540/540 525/525/525 539/539/539
f 526/526/526 541/541/541 527/527/527
f 542/542/542 527/527/527 541/541/541
f 527/527/527 542/542/542 528/528/528
f 543/543/543 528/528/528 542/542/542
f 528/528/528 543/543/543 529/529/529
f 544/544/544 529/529/529 543/543/543
f 529/529/529 544/544/544 530/530/530
f 545/545/545 530/530/530 544/544/544
f 530/530/530 545/545/545 531/531/531
f 546/546/546 531/531/531 545/545/545
f 531/531/531 546/546/546 532/532/532
f 547/547/547 532/532/532 546/546/546
f 532/532/532 547/547/547 533/533/533
f 548/548/548 533/533/533 547/547/547
f 533/533/533 548/548/548 534/534/534
f 549/549/549 534/534/534 548/548/548
f 534/534/534 549/549/549 535/535/535
f 550/550/550 535/535/535 549/549/549
f 535/535/535 550/550/550 536/536/536
f 551/551/551 536/536/536 550/550/550
f 536/536/536 551/551/551 537/537/537
f 552/552/552 537/537/537 551/551/551
f 537/537/537 552/552/552 538/538/538
f 553/553/553 538/538/538 552/552/552
f 538/538/538 553/553/553 539/539/539
f 554/554/554 539/539/539 553/553/553
f 539/539/539 554/554/554 540/540/540
f 555/555/555 540/540/540 554/554/554
f 541/541/541 556/556/556 542/542/542
f 557/557/557 542/542/542 556/556/556
f 542/542/542 557/557/557 543/543/543
f 558/558/558 543/543/543 557/557/557
f 543/543/543 558/558/558 544/544/544
f 559/559/559 544/544/544 558/558/558
f 544/544/544 559/559/559 545/545/545
f 560/560/560 545/545/545 559/559/559
f 545/545/545 560/560/560 546/546/546
f 561/561/561 546/546/546 560/560/560
f 546/546/546 561/561/561 547/547/547
f 562/562/562 547/547/547 561/561/561
f 547/547/547 562/562/562 548/548/548
f 563/563/563 548/548/548 562/562/562
f 548/548/548 563/563/563 549/549/549
f 564/564/564 549/549/549 563/563/563
f 549/549/549 564/564/564 550/550/550
f 565/565/565 550/550/550 564/564/564
f 550/550/550 565/565/565 551/551/551
f 566/566/566 551/551/551 565/565/565
f 551/551/551 566/566/566 552/552/552
f 567/567/567 552/552/552 566/566/566
f 552/552/552 567/567/567 553/553/553
f 568/568/568 553/553/553 567/567/567
f 553/553/553 568/568/568 554/554/554
f 569/569/569 554/554/554 568/568/568
f 554/554/554 569/569/569 555/555/555
f 570/570/570 555/555/555 569/569/569
f 556/556/556 571/571/571 557/557/557
f 572/572/572 557/557/557 571/571/571
f 557/557/557 572/572/572 558/558/558
f 573/573/573 558/558/558 572/572/572
f 558/558/558 573/573/573 559/559/559
f 574/574/574 559/559/559 573/573/573
f 559/559/559 574/574/574 560/560/560
f 575/575/575 560/560/560 574/574/574
f 560/560/560 575/575/575 561/561/561
f 576/576/576 561/561/561 575/575/575
f 561/561/561 576/576/576 562/562/562
f 577/577/577 562/562/562 576/576/576
f 562/562/562 577/577/577 563/563/563
f 578/578/578 563/563/563 577/577/577
f 563/563/563 578/578/578 564/564/564
f 579/579/579 564/564/564 578/578/578
f 564/564/564 579/579/579 565/565/565
f 580/580/580 565/565/565 579/579/579
f 565/565/565 580/580/580 566/566/566
f 581/581/581 566/566/566 580/580/580
f 566/566/566 581/581/581 567/567/567
f 582/582/582 567/567/567 581/581/581
f 567/567/567 582/582/582 568/568/568
f 583/583/583 568/568/568 582/582/582
f 568/568/568 583/583/583 569/569/569
f 584/584/584 569/569/569 583/583/583
f 569/569/569 584/584/584 570/570/570
f 585/585/585 570/570/570 584/584/584
f 571/571/571 586/586/586 572/572/572
f 587/587/587 572/572/572 586/586/586
f 572/572/572 587/587/587 573/573/573
f 588/588/588 573/573/573 587/587/587
f 573/573/573 588/588/588 574/574/574
f 589/589/589 574/574/574 588/588/588
f 574/574/574 589/589/589 575/575/575
f 590/590/590 575/575/575 589/589/589
f 575/575/575 590/590/590 576/576/576
f 591/591/591 576/576/576 590/590/590
f 576/576/576 591/591/591 577/577/577
f 592/592/592 577/577/577 591/591/591
f 577/577/577 592/592/592 578/578/578
f 593/593/593 578/578/578 592/592/592
f 578/578/578 593/593/593 579/579/579
f 594/594/594 579/579/579 593/593/593
f 579/579/579 594/594/594 580/580/580
f 595/595/595 580/580/580 594/594/594
f 580/580/580 595/595/595 581/581/581
f 596/596/596 581/581/581 595/595/595
f 581/581/581 596/596/596 582/582/582
f 597/597/597 582/582/582 596/596/596
f 582/582/582 597/597/597 583/583/583
f 598/598/598 583/583/583 597/597/597
f 583/583/583 598/598/598 584/584/584
f 599/599/599 584/584/584 598/598/598
f 584/584/584 599/599/599 585/585/585
f 600/600/600 585/585/585 599/599/599
f 586/586/586 601/601/601 587/587/587
f 602/602/602 587/587/587 601/601/601
f 587/587/587 602/602/602 588/588/588
f 603/603/603 588/588/588 602/602/602
f 588/588/588 603/603/603 589/589/589
f 604/604/604 589/589/589 603/603/603
f 589/589/589 604/604/604 590/590/590
f 605/605/605 590/590/590 604/604/604
f 590/590/590 605/605/605 591/591/591
f 606/606/606 591/591/591 605/605/605
f 591/591/591 606/606/606 592/592/592
f 607/607/607 592/592/592 606/606/606
f 592/592/592 607/607/607 593/593/593
f 608/608/608 593/593/593 607/607/607
f 593/593/593 608/608/608 594/594/594
f 609/609/609 594/594/594 608/608/608
f 594/594/594 609/609/609 595/595/595
f 610/610/610 595/595/595 609/609/609
f 595/595/595 610/610/610 596/596/596
f 611/611/611 596/596/596 610/610/610
f 596/596/596 611/611/611 597/597/597
f 612/612/612 597/597/597 611/611/611
f 597/597/597 612/612/612 598/598/598
f 613/613/613 598/598/598 612/612/612
f 598/598/598 613/613/613 599/599/599
f 614/614/614 599/599/599 613/613/613
f 599/599/599 614/614/614 600/600/600
f 615/615/615 600/600/600 614/614/614
f 601/601/601 616/616/616 602/602/602
f 617/617/617 602/602/602 616/616/616
f 602/602/602 617/617/617 603/603/603
f 618/618/618 603/603/603 617/617/617
f 603/603/603 618/618/618 604/604/604
f 619/619/619 604/604/604 618/618/618
f 604/604/604 619/619/619 605/605/605
f 620/620/620 605/605/605 619/619/619
f 605/605/605 620/620/620 606/606/606
f 621/621/621 606/606/606 620/620/620
f 606/606/606 621/621/621 607/607/607
f 622/622/622 607/607/607 621/621/621
f 607/607/607 622/622/622 608/608/608
f 623/623/623 608/608/608 622/622/622
f 608/608/608 623/623/623 609/609/609
f 624/624/624 609/609/609 623/623/623
f 609/609/609 624/624/624 610/610/610
f 625/625/625 610/610/610 624/624/624
f 610/610/610 625/625/625 611/611/611
f 626/626/626 611/611/611 625/625/625
f 611/611/611 626/626/626 612/612/612
f 627/627/627 612/612/612 626/626/626
f 612/612/612 627/627/627 613/613/613
f 628/628/628 613/613/613 627/627/627
f 613/613/613 628/628/628 614/614/614
f 629/629/629 614/614/614 628/628/628
f 614/614/614 629/629/629 615/615/615
f 630/630/630 615/615/615 629/629/629
f 616/616/616 631/631/631 617/617/617
f 632/632/632 617/617/617 631/631/631
f 617/617/617 632/632/632 618/618/618
f 633/633/633 618/618/618 632/632/632
f 618/618/618 633/633/633 619/619/619
f 634/634/634 619/619/619 633/633/633
f 619/619/619 634/634/634 620/620/620
f 635/635/635 620/620/620 634/634/634
f 620/620/620 635/635/635 621/621/621
f 636/636/636 621/621/621 635/635/635
f 621/621/621 636/636/636 622/622/622
f 637/637/637 622/622/622 636/636/636
f 622/622/622 637/637/637 623/623/623
f 638/638/638 623/623/623 637/637/637
f 623/623/623 638/638/638 624/624/624
f 639/639/639 624/624/624 638/638/638
f 624/624/624 639/639/639 625/625/625
f 640/640/640 625/625/625 639/639/639
f 625/625/625 640/640/640 626/626/626
f 641/641/641 626/626/626 640/640/640
f 626/626/626 641/641/641 627/627/627
f 642/642/642 627/627/627 641/641/641
f 627/627/627 642/642/642 628/628/628
f 643/643/643 628/628/628 642/642/642
f 628/628/628 643/643/643 629/629/629
f 644/644/644 629/629/629 643/643/643
f 629/629/629 644/644/644 630/630/630
f 645/645/645 630/630/630 644/644/644
f 631/631/631 646/646/646 632/632/632
f 647/647/647 632/632/632 646/646/646
f 632/632/632 647/647/647 633/633/633
f 648/648/648 633/633/633 647/647/647
f 633/633/633 648/648/648 634/634/634
f 649/649/649 634/634/634 648/648/648
f 634/634/634 649/649/649 635/635/635
f 650/650/650 635/635/635 649/649/649
f 635/635/635 650/650/650 636/636/636
f 651/651/651 636/636/636 650/650/650
f 636/636/636 651/651/651 637/637/637
f 652/652/652 637/637/637 651/651/651
f 637/637/637 652/652/652 638/638/638
f 653/653/653 638/638/638 652/652/652
f 638/638/638 653/653/653 639/639/639
f 654/654/654 639/639/639 653/653/653
f 639/639/639 654/654/654 640/640/640
f 655/655/655 640/640/640 654/654/654
f 640/640/640 655/655/655 641/641/641
f 656/656/656 641/641/641 655/655/655
f 641/641/641 656/656/656 642/642/642
f 657/657/657 642/642/642 656/656/656
f 642/642/642 657/657/657 643/643/643
f 658/658/658 643/643/643 657/657/657
f 643/643/643 658/658/658 644/644/644
f 659/659/659 644/644/644 658/658/658
f 644/644/644 659/659/659 645/645/645
f 660/660/660 645/645/645 659/659/659
f 646/646/646 661/661/661 647/647/647
f 662/662/662 647/647/647 661/661/661
f 647/647/647 662/662/662 648/648/648
f 663/663/663 648/648/648 662/662/662
f 648/648/648 663/663/663 649/649/649
f 664/664/664 649/649/649 663/663/663
f 649/649/649 664/664/664 650/650/650
f 665/665/665 650/650/650 664/664/664
f 650/650/650 665/665/665 651/651/651
f 666/666/666 651/651/651 665/665/665
f 651/651/651 666/666/666 652/652/652
f 667/667/667 652/652/652 666/666/666
f 652/652/652 667/667/667 653/653/653
f 668/668/668 653/653/653 667/667/667
f 653/653/653 668/668/668 654/654/654
f 669/669/669 654/654/654 668/668/668
f 654/654/654 669/669/669 655/655/655
f 670/670/670 655/655/655 669/669/669
f 655/655/655 670/670/670 656/656/656
f 671/671/671 656/656/656 670/670/670
f 656/656/656 671/671/671 657/657/657
f 672/672/672 657/657/657 671/671/671
f 657/657/657 672/672/672 658/658/658
f 673/673/673 658/658/658 672/672/672
f 658/658/658 673/673/673 659/659/659
f 674/674/674 659/659/659 673/673/673
f 659/659/659 674/674/674 660/660/660
f 675/675/675 660/660/660 674/674/674
f 661/661/661 676/676/676 662/662/662
f 677/677/677 662/662/662 676/676/676
f 662/662/662 677/677/677 663/663/663
f 678/678/678 663/663/663 677/677/677
f 663/663/663 678/678/678 664/664/664
f 679/679/679 664/664/664 678/678/678
f 664/664/664 679/679/679 665/665/665
f 680/680/680 665/665/665 679/679/679
f 665/665/665 680/680/680 666/666/666
f 681/681/681 666/666/666 680/680/680
f 666/666/666 681/681/681 667/667/667
f 682/682/682 667/667/667 681/681/681
f 667/667/667 682/682/682 668/668/668
f 683/683/683 668/668/668 682/682/682
f 668/668/668 683/683/683 669/669/669
f 684/684/684 669/669/669 683/683/683
f 669/669/669 684/684/684 670/670/670
f 685/685/685 670/670/670 684/684/684
f 670/670/670 685/685/685 671/671/671
f 686/686/686 671/671/671 685/685/685
f 671/671/671 686/686/686 672/672/672
f 687/687/687 672/672/672 686/686/686
f 672/672/672 687/687/687 673/673/673
f 688/688/688 673/673/673 687/687/687
f 673/673/673 688/688/688 674/674/674
f 689/689/689 674/674/674 688/688/688
f 674/674/674 689/689/689 675/675/675
f 690/690/690 675/675/675 689/689/689
f 676/676/676 691/691/691 677/677/677
f 692/692/692 677/677/677 691/691/691
f 677/677/677 692/692/692 678/678/678
f 693/693/693 678/678/678 692/692/692
f 678/678/678 693/693/693 679/679/679
f 694/694/694 679/679/679 693/693/693
f 679/679/679 694/694/694 680/680/680
f 695/695/695 680/680/680 694/694/694
f 680/680/680 695/695/695 681/681/681
f 696/696/696 681/681/681 695/695/695
f 681/681/681 696/696/696 682/682/682
f 697/697/697 682/682/682 696/696/696
f 682/682/682 697/697/697 683/683/683
f 698/698/698 683/683/683 697/697/697
f 683/683/683 698/698/698 684/684/684
f 699/699/699 684/684/684 698/698/698
f 684/684/684 699/699/699 685/685/685
f 700/700/700 685/685/685 699/699/699
f 685/685/685 700/700/700 686/686/686
f 701/701/701 686/686/686 700/700/700
f 686/686/686 701/701/701 687/687/687
f 702/702/702 687/687/687 701/701/701
f 687/687/687 702/702/702 688/688/688
f 703/703/703 688/688/688 702/702/702
f 688/688/688 703/703/703 689/689/689
f 704/704/704 689/689/689 703/703/703
f 689/689/689 704/704/704 690/690/690
f 705/705/705 690/690/690 704/704/704
f 691/691/691 706/706/706 692/692/692
f 707/707/707 692/692/692 706/706/706
f 692/692/692 707/707/707 693/693/693
f 708/708/708 693/693/693 707/707/707
f 693/693/693 708/708/708 694/694/694
f 709/709/709 694/694/694 708/708/708
f 694/694/694 709/709/709 695/695/695
f 710/710/710 695/695/695 709/709/709
f 695/695/695 710/710/710 696/696/696
f 711/711/711 696/696/696 710/710/710
f 696/696/696 711/711/711 697/697/697
f 712/712/712 697/697/697 711/711/711
f 697/697/697 712/712/712 698/698/698
f 713/713/713 698/698/698 712/712/712
f 698/698/698 713/713/713 699/699/699
f 714/714/714 699/699/699 713/713/713
f 699/699/699 714/714/714 700/700/700
f 715/715/715 700/700/700 714/714/714
f 700/700/700 715/715/715 701/701/701
f 716/716/716 701/701/701 715/715/715
f 701/701/701 716/716/716 702/702/702
f 717/717/717 702/702/702 716/716/716
f 702/702/702 717/717/717 703/703/703
f 718/718/718 703/703/703 717/717/717
f 703/703/703 718/718/718 704/704/704
f 719/719/719 704/704/704 718/718/718
f 704/704/704 719/719/719 705/705/705
f 720/720/720 705/705/705 719/719/719
f 706/706/706 721/721/721 707/707/707
f 722/722/722 707/707/707 721/721/721
f 707/707/707 722/722/722 708/708/708
f 723/723/723 708/708/708 722/722/722
f 708/708/708 723/723/723 709/709/709
f 724/724/724 709/709/709 723/723/723
f 709/709/709 724/724/724 710/710/710
f 725/725/725 710/710/710 724/724/724
f 710/710/710 725/725/725 711/711/711
f 726/726/726 711/711/711 725/725/725
f 711/711/711 726/726/726 712/712/712
f 727/727/727 712/712/712 726/726/726
f 712/712/712 727/727/727 713/713/713
f 728/728/728 713/713/713 727/727/727
f 713/713/713 728/728/728 714/714/714
f 729/729/729 714/714/714 728/728/728
f 714/714/714 729/729/729 715/715/715
f 730/730/730 715/715/715 729/729/729
f 715/715/715 730/730/730 716/716/716
f 731/731/731 716/716/716 730/730/730
f 716/716/716 731/731/731 717/717/717
f 732/732/732 717/717/717 731/731/731
f 717/717/717 732/732/732 718/718/718
f 733/733/733 718/718/718 732/732/732
f 718/718/718 733/733/733 719/719/719
f 734/734/734 719/719/719 733/733/733
f 719/719/719 734/734/734 720/720/720
f 735/735/735 720/720/720 734/734/734
f 721/721/721 736/736/736 722/722/722
f 737/737/737 722/722/722 736/736/736
f 722/722/722 737/737/737 723/723/723
f 738/738/738 723/723/723 737/737/737
f 723/723/723 738/738/738 724/724/724
f 739/739/739 724/724/724 738/738/738
f 724/724/724 739/739/739 725/725/725
f 740/740/740 725/725/725 739/739/739
f 725/725/725 740/740/740 726/726/726
f 741/741/741 726/726/726 740/740/740
f 726/726/726 741/741/741 727/727/727
f 742/742/742 727/727/727 741/741/741
f 727/727/727 742/742/742 728/728/728
f 743/743/743 728/728/728 742/742/742
f 728/728/728 743/743/743 729/729/729
f 744/744/744 729/729/729 743/743/743
f 729/729/729 744/744/744 730/730/730
f 745/745/745 730/730/730 744/744/744
f 730/730/730 745/745/745 731/731/731
f 746/746/746 731/731/731 745/745/745
f 731/731/731 746/746/746 732/732/732
f 747/747/747 732/732/732 746/746/746
f 732/732/732 747/747/747 733/733/733
f 748/748/748 733/733/733 747/747/747
f 733/733/733 748/748/748 734/734/734
f 749/749/749 734/734/734 748/748/748
f 734/734/734 749/749/749 735/735/735
f 750/750/750 735/735/735 749/749/749
f 736/736/736 751/751/751 737/737/737
f 752/752/752 737/737/737 751/751/751
f 737/737/737 752/752/752 738/738/738
f 753/753/753 738/738/738 752/752/752
f 738/738/738 753/753/753 739/739/739
f 754/754/754 739/739/739 753/753/753
f 739/739/739 754/754/754 740/740/740
f 755/755/755 740/740/740 754/754/754
f 740/740/740 755/755/755 741/741/741
f 756/756/756 741/741/741 755/755/755
f 741/741/741 756/756/756 742/742/742
f 757/757/757 742/742/742 756/756/756
f 742/742/742 757/757/757 743/743/743
f 758/758/758 743/743/743 757/757/757
f 743/743/743 758/758/758 744/744/744
f 759/759/759 744/744/744 758/758/758
f 744/744/744 759/759/759 745/745/745
f 760/760/760 745/745/745 759/759/759
f 745/745/745 760/760/760 746/746/746
f 761/761/761 746/746/746 760/760/760
f 746/746/746 761/761/761 747/747/747
f 762/762/762 747/747/747 761/761/761
f 747/747/747 762/762/762 748/748/748
f 763/763/763 748/748/748 762/762/762
f 748/748/748 763/763/763 749/749/749
f 764/764/764 749/749/749 763/763/763
f 749/749/749 764/764/764 750/750/750
f 765/765/765 750/750/750 764/764/764
f 751/751/751 766/766/766 752/752/752
f 767/767/767 752/752/752 766/766/766
f 752/752/752 767/767/767 753/753/753
f 768/768/768 753/753/753 767/767/767
f 753/753/753 768/768/768 754/754/754
f 769/769/769 754/754/754 768/768/768
f 754/754/754 769/769/769 755/755/755
f 770/770/770 755/755/755 769/769/769
f 755/755/755 770/770/770 756/756/756
f 771/771/771 756/756/756 770/770/770
f 756/756/756 771/771/771 757/757/757
f 772/772/772 757/757/757 771/771/771
f 757/757/757 772/772/772 758/758/758
f 773/773/773 758/758/758 772/772/772
f 758/758/758 773/773/773 759/759/759
f 774/774/774 759/759/759 773/773/773
f 759/759/759 774/774/774 760/760/760
f 775/775/775 760/760/760 774/774/774
f 760/760/760 775/775/775 761/761/761
f 776/776/776 761/761/761 775/775/775
f 761/761/761 776/776/776 762/762/762
f 777/777/777 762/762/762 776/776/776
f 762/762/762 777/777/777 763/763/763
f 778/778/778 763/763/763 777/777/777
f 763/763/763 778/778/778 764/764/764
f 779/779/779 764/764/764 778/778/778
f 764/764/764 779/779/779 765/765/765
f 780/780/780 765/765/765 779/779/779
f 766/766/766 781/781/781 767/767/767
f 782/782/782 767/767/767 781/781/781
f 767/767/767 782/782/782 768/768/768
f 783/783/783 768/768/768 782/782/782
f 768/768/768 783/783/783 769/769/769
f 784/784/784 769/769/769 783/783/783
f 769/769/769 784/784/784 770/770/770
f 785/785/785 770/770/770 784/784/784
f 770/770/770 785/785/785 771/771/771
f 786/786/786 771/771/771 785/785/785
f 771/771/771 786/786/786 772/772/772
f 787/787/787 772/772/772 786/786/786
f 772/772/772 787/787/787 773/773/773
f 788/788/788 773/773/773 787/787/787
f 773/773/773 788/788/788 774/774/774
f 789/789/789 774/774/774 788/788/788
f 774/774/774 789/789/789 775/775/775
f 790/790/790 775/775/775 789/789/789
f 775/775/775 790/790/790 776/776/776
f 791/791/791 776/776/776 790/790/790
f 776/776/776 791/791/791 777/777/777
f 792/792/792 777/777/777 791/791/791
f 777/777/777 792/792/792 778/778/778
f 793/793/793 778/778/778 792/792/792
f 778/778/778 793/793/793 779/779/779
f 794/794/794 779/779/779 793/793/793
f 779/779/779 794/794/794 780/780/780
f 795/795/795 780/780/780 794/794/794
f 781/781/781 796/796/796 782/782/782
f 797/797/797 782/782/782 796/796/796
f 782/782/782 797/797/797 783/783/783
f 798/798/798 783/783/783 797/797/797
f 783/783/783 798/798/798 784/784/784
f 799/799/799 784/784/784 798/798/798
f 784/784/784 799/799/799 785/785/785
f 800/800/800 785/785/785 799/799/799
f 785/785/785 800/800/800 786/786/786
f 801/801/801 786/786/786 800/800/800
f 786/786/786 801/801/801 787/787/787
f 802/802/802 787/787/787 801/801/801
f 787/787/787 802/802/802 788/788/788
f 803/803/803 788/788/788 802/802/802
f 788/788/788 803/803/803 789/789/789
f 804/804/804 789/789/789 803/803/803
f 789/789/789 804/804/804 790/790/790
f 805/805/805 790/790/790 804/804/804
f 790/790/790 805/805/805 791/791/791
f 806/806/806 791/791/791 805/805/805
f 791/791/791 806/806/806 792/792/792
f 807/807/807 792/792/792 806/806/806
f 792/792/792 807/807/807 793/793/793
f 808/808/808 793/793/793 807/807/807
f 793/793/793 808/808/808 794/794/794
f 809/809/809 794/794/794 808/808/808
f 794/794/794 809/809/809 795/795/795
f 810/810/810 795/795/795 809/809/809
f 796/796/796 811/811/811 797/797/797
f 812/812/812 797/797/797 811/811/811
f 797/797/797 812/812/812 798/798/798
f 813/813/813 798/798/798 812/812/812
f 798/798/798 813/813/813 799/799/799
f 814/814/814 799/799/799 813/813/813
f 799/799/799 814/814/814 800/800/800
f 815/815/815 800/800/800 814/814/814
f 800/800/800 815/815/815 801/801/801
f 816/816/816 801/801/801 815/815/815
f 801/801/801 816/816/816 802/802/802
f 817/817/817 802/802/802 816/816/816
f 802/802/802 817/817/817 803/803/803
f 818/818/818 803/803/803 817/817/817
f 803/803/803 818/818/818 804/804/804
f 819/819/819 804/804/804 818/818/818
f 804/804/804 819/819/819 805/805/805
f 820/820/820 805/805/805 819/819/819
f 805/805/805 820/820/820 806/806/806
f 821/821/821 806/806/806 820/820/820
f 806/806/806 821/821/821 807/807/807
f 822/822/822 807/807/807 821/821/821
f 807/807/807 822/822/822 808/808/808
f 823/823/823 808/808/808 822/822/822
f 808/808/808 823/823/823 809/809/809
f 824/824/824 809/809/809 823/823/823
f 809/809/809 824/824/824 810/810/810
f 825/825/825 810/810/810 824/824/824
f 811/811/811 826/826/826 812/812/812
f 827/827/827 812/812/812 826/826/826
f 812/812/812 827/827/827 813/813/813
f 828/828/828 813/813/813 827/827/827
f 813/813/813 828/828/828 814/814/814
f 829/829/829 814/814/814 828/828/828
f 814/814/814 829/829/829 815/815/815
f 830/830/830 815/815/815 829/829/829
f 815/815/815 830/830/830 816/816/816
f 831/831/831 816/816/816 830/830/830
f 816/816/816 831/831/831 817/817/817
f 832/832/832 817/817/817 831/831/831
f 817/817/817 832/832/832 818/818/818
f 833/833/833 818/818/818 832/832/832
f 818/818/818 833/833/833 819/819/819
f 834/834/834 819/819/819 833/833/833
f 819/819/819 834/834/834 820/820/820
f 835/835/835 820/820/820 834/834/834
f 820/820/820 835/835/835 821/821/821
f 836/836/836 821/821/821 835/835/835
f 821/821/821 836/836/836 822/822/822
f 837/837/837 822/822/822 836/836/836
f 822/822/822 837/837/837 823/823/823
f 838/838/838 823/823/823 837/837/837
f 823/823/823 838/838/838 824/824/824
f 839/839/839 824/824/824 838/838/838
f 824/824/824 839/839/839 825/825/825
f 840/840/840 825/825/825 839/839/839
f 826/826/826 841/841/841 827/827/827
f 842/842/842 827/827/827 841/841/841
f 827/827/827 842/842/842 828/828/828
f 843/843/843 828/828/828 842/842/842
f 828/828/828 843/843/843 829/829/829
f 844/844/844 829/829/829 843/843/843
f 829/829/829 844/844/844 830/830/830
f 845/845/845 830/830/830 844/844/844
f 830/830/830 845/845/845 831/831/831
f 846/846/846 831/831/831 845/845/845
f 831/831/831 846/846/846 832/832/832
f 847/847/847 832/832/832 846/846/846
f 832/832/832 847/847/847 833/833/833
f 848/848/848 833/833/833 847/847/847
f 833/833/833 848/848/848 834/834/834
f 849/849/849 834/834/834 848/848/848
f 834/834/834 849/849/849 835/835/835
f 850/850/850 835/835/835 849/849/849
f 835/835/835 850/850/850 836/836/836
f 851/851/851 836/836/836 850/850/850
f 836/836/836 851/851/851 837/837/837
f 852/852/852 837/837/837 851/851/851
f 837/837/837 852/852/852 838/838/838
f 853/853/853 838/838/838 852/852/852
f 838/838/838 853/853/853 839/839/839
f 854/854/854 839/839/839 853/853/853
f 839/839/839 854/854/854 840/840/840
f 855/855/855 840/840/840 854/854/854
f 841/841/841 856/856/856 842/842/842
f 857/857/857 842/842/842 856/856/856
f 842/842/842 857/857/857 843/843/843
f 858/858/858 843/843/843 857/857/857
f 843/843/843 858/858/858 844/844/844
f 859/859/859 844/844/844 858/858/858
f 844/844/844 859/859/859 845/845/845
f 860/860/860 845/845/845 859/859/859
f 845/845/845 860/860/860 846/846/846
f 861/861/861 846/846/846 860/860/860
f 846/846/846 861/861/861 847/847/847
f 862/862/862 847/847/847 861/861/861
f 847/847/847 862/862/862 848/848/848
f 863/863/863 848/848/848 862/862/862
f 848/848/848 863/863/863 849/849/849
f 864/864/864 849/849/849 863/863/863
f 849/849/849 864/864/864 850/850/850
f 865/865/865 850/850/850 864/864/864
f 850/850/850 865/865/865 851/851/851
f 866/866/866 851/851/851 865/865/865
f 851/851/851 866/866/866 852/852/852
f 867/867/867 852/852/852 866/866/866
f 852/852/852 867/867/867 853/853/853
f 868/868/868 853/853/853 867/867/867
f 853/853/853 868/868/868 854/854/854
f 869/869/869 854/854/854 868/868/868
f 854/854/854 869/869/869 855/855/855
f 870/870/870 855/855/855 869/869/869
f 856/856/856 871/871/871 857/857/857
f 872/872/872 857/857/857 871/871/871
f 857/857/857 872/872/872 858/858/858
f 873/873/873 858/858/858 872/872/872
f 858/858/858 873/873/873 859/859/859
f 874/874/874 859/859/859 873/873/873
f 859/859/859 874/874/874 860/860/860
f 875/875/875 860/860/860 874/874/874
f 860/860/860 875/875/875 861/861/861
f 876/876/876 861/861/861 875/875/875
f 861/861/861 876/876/876 862/862/862
f 877/877/877 862/862/862 876/876/876
f 862/862/862 877/877/877 863/863/863
f 878/878/878 863/863/863 877/877/877
f 863/863/863 878/878/878 864/864/864
f 879/879/879 864/864/864 878/878/878
f 864/864/864 879/879/879 865/865/865
f 880/880/880 865/865/865 879/879/879
f 865/865/865 880/880/880 866/866/866
f 881/881/881 866/866/866 880/880/880
f 866/866/866 881/881/881 867/867/867
f 882/882/882 867/867/867 881/881/881
f 867/867/867 882/882/882 868/868/868
f 883/883/883 868/868/868 882/882/882
f 868/868/868 883/883/883 869/869/869
f 884/884/884 869/869/869 883/883/883
f 869/869/869 884/884/884 870/870/870
f 885/885/885 870/870/870 884/884/884
f 871/871/871 886/886/886 872/872/872
f 887/887/887 872/872/872 886/886/886
f 872/872/872 887/887/887 873/873/873
f 888/888/888 873/873/873 887/887/887
f 873/873/873 888/888/888 874/874/874
f 889/889/889 874/874/874 888/888/888
f 874/874/874 889/889/889 875/875/875
f 890/890/890 875/875/875 889/889/889
f 875/875/875 890/890/890 876/876/876
f 891/891/891 876/876/876 890/890/890
f 876/876/876 891/891/891 877/877/877
f 892/892/892 877/877/877 891/891/891
f 877/877/877 892/892/892 878/878/878
f 893/893/893 878/878/878 892/892/892
f 878/878/878 893/893/893 879/879/879
f 894/894/894 879/879/879 893/893/893
f 879/879/879 894/894/894 880/880/880
f 895/895/895 880/880/880 894/894/894
f 880/880/880 895/895/895 881/881/881
f 896/896/896 881/881/881 895/895/895
f 881/881/881 896/896/896 882/882/882
f 897/897/897 882/882/882 896/896/896
f 882/882/882 897/897/897 883/883/883
f 898/898/898 883/883/883 897/897/897
f 883/883/883 898/898/898 884/884/884
f 899/899/899 884/884/884 898/898/898
f 884/884/884 899/899/899 885/885/885
f 900/900/900 885/885/885 899/899/899
f 886/886/886 901/901/901 887/887/887
f 902/902/902 887/887/887 901/901/901
f 887/887/887 902/902/902 888/888/888
f 903/903/903 888/888/888 902/902/902
f 888/888/888 903/903/903 889/889/889
f 904/904/904 889/889/889 903/903/903
f 889/889/889 904/904/904 890/890/890
f 905/905/905 890/890/890 904/904/904
f 890/890/890 905/905/905 891/891/891
f 906/906/906 891/891/891 905/905/905
f 891/891/891 906/906/906 892/892/892
f 907/907/907 892/892/892 906/906/906
f 892/892/892 907/907/907 893/893/893
f 908/908/908 893/893/893 907/907/907
f 893/893/893 908/908/908 894/894/894
f 909/909/909 894/894/894 908/908/908
f 894/894/894 909/909/909 895/895/895
f 910/910/910 895/895/895 909/909/909
f 895/895/895 910/910/910 896/896/896
f 911/911/911 896/896/896 910/910/910
f 896/896/896 911/911/911 897/897/897
f 912/912/912 897/897/897 911/911/911
f 897/897/897 912/912/912 898/898/898
f 913/913/913 898/898/898 912/912/912
f 898/898/898 913/913/913 899/899/899
f 914/914/914 899/899/899 913/913/913
f 899/899/899 914/914/914 900/900/900
f 915/915/915 900/900/900 914/914/914
f 901/901/901 916/916/916 902/902/902
f 917/917/917 902/902/902 916/916/916
f 902/902/902 917/917/917 903/903/903
f 918/918/918 903/903/903 917/917/917
f 903/903/903 918/918/918 904/904/904
f 919/919/919 904/904/904 918/918/918
f 904/904/904 919/919/919 905/905/905
f 920/920/920 905/905/905 919/919/919
f 905/905/905 920/920/920 906/906/906
f 921/921/921 906/906/906 920/920/920
f 906/906/906 921/921/921 907/907/907
f 922/922/922 907/907/907 921/921/921
f 907/907/907 922/922/922 908/908/908
f 923/923/923 908/908/908 922/922/922
f 908/908/908 923/923/923 909/909/909
f 924/924/924 909/909/909 923/923/923
f 909/909/909 924/924/924 910/910/910
f 925/925/925 910/910/910 924/924/924
f 910/910/910 925/925/925 911/911/911
f 926/926/926 911/911/911 925/925/925
f 911/911/911 926/926/926 912/912/912
f 927/927/927 912/912/912 926/926/926
f 912/912/912 927/927/927 913/913/913
f 928/928/928 913/913/913 927/927/927
f 913/913/913 928/928/928 914/914/914
f 929/929/929 914/914/914 928/928/928
f 914/914/914 929/929/929 915/915/915
f 930/930/930 915/915/915 929/929/929
f 916/916/916 931/931/931 917/917/917
f 932/932/932 917/917/917 931/931/931
f 917/917/917 932/932/932 918/918/918
f 933/933/933 918/918/918 932/932/932
f 918/918/918 933/933/933 919/919/919
f 934/934/934 919/919/919 933/933/933
f 919/919/919 934/934/934 920/920/920
f 935/935/935 920/920/920 934/934/934
f 920/920/920 935/935/935 921/921/921
f 936/936/936 921/921/921 935/935/935
f 921/921/921 936/936/936 922/922/922
f 937/937/937 922/922/922 936/936/936
f 922/922/922 937/937/937 923/923/923
f 938/938/938 923/923/923 937/937/937
f 923/923/923 938/938/938 924/924/924
f 939/939/939 924/924/924 938/938/938
f 924/924/924 939/939/939 925/925/925
f 940/940/940 925/925/925 939/939/939
f 925/925/925 940/940/940 926/926/926
f 941/941/941 926/926/926 940/940/940
f 926/926/926 941/941/941 927/927/927
f 942/942/942 927/927/927 941/941/941
f 927/927/927 942/942/942 928/928/928
f 943/943/943 928/928/928 942/942/942
f 928/928/928 943/943/943 929/929/929
f 944/944/944 929/929/929 943/943/943
f 929/929/929 944/944/944 930/930/930
f 945/945/945 930/930/930 944/944/944
f 931/931/931 946/946/946 932/932/932
f 947/947/947 932/932/932 946/946/946
f 932/932/932 947/947/947 933/933/933
f 948/948/948 933/933/933 947/947/947
f 933/933/933 948/948/948 934/934/934
f 949/949/949 934/934/934 948/948/948
f 934/934/934 949/949/949 935/935/935
f 950/950/950 935/935/935 949/949/949
f 935/935/935 950/950/950 936/936/936
f 951/951/951 936/936/936 950/950/950
f 936/936/936 951/951/951 937/937/937
f 952/952/952 937/937/937 951/951/951
f 937/937/937 952/952/952 938/938/938
f 953/953/953 938/938/938 952/952/952
f 938/938/938 953/953/953 939/939/939
f 954/954/954 939/939/939 953/953/953
f 939/939/939 954/954/954 940/940/940
f 955/955/955 940/940/940 954/954/954
f 940/940/940 955/955/955 941/941/941
f 956/956/956 941/941/941 955/955/955
f 941/941/941 956/956/956 942/942/942
f 957/957/957 942/942/942 956/956/956
f 942/942/942 957/957/957 943/943/943
f 958/958/958 943/943/943 957/957/957
f 943/943/943 958/958/958 944/944/944
f 959/959/959 944/944/944 958/958/958
f 944/944/944 959/959/959 945/945/945
f 960/960/960 945/945/945 959/959/959
f 946/946/946 961/961/961 947/947/947
f 962/962/962 947/947/947 961/961/961
f 947/947/947 962/962/962 948/948/948
f 963/963/963 948/948/948 962/962/962
f 948/948/948 963/963/963 949/949/949
f 964/964/964 949/949/949 963/963/963
f 949/949/949 964/964/964 950/950/950
f 965/965/965 950/950/950 964/964/964
f 950/950/950 965/965/965 951/951/951
f 966/966/966 951/951/951 965/965/965
f 951/951/951 966/966/966 952/952/952
f 967/967/967 952/952/952 966/966/966
f 952/952/952 967/967/967 953/953/953
f 968/968/968 953/953/953 967/967/967
f 953/953/953 968/968/968 954/954/954
f 969/969/969 954/954/954 968/968/968
f 954/954/954 969/969/969 955/955/955
f 970/970/970 955/955/955 969/969/969
f 955/955/955 970/970/970 956/956/956
f 971/971/971 956/956/956 970/970/970
f 956/956/956 971/971/971 957/957/957
f 972/972/972 957/957/957 971/971/971
f 957/957/957 972/972/972 958/958/958
f 973/973/973 958/958/958 972/972/972
f 958/958/958 973/973/973 959/959/959
f 974/974/974 959/959/959 973/973/973
f 959/959/959 974/974/974 960/960/960
f 975/975/975 960/960/960 974/974/974
o Knot
g Knot
usemtl Knot
v 0.010144696570932865 0.6775000095367432 0.05100083723664284
v 0.043236423283815384 0.6775000095367432 0.028889652341604233
v 0.05100083723664284 0.6775000095367432 -0.010144696570932865
v 0.028889652341604233 0.6775000095367432 -0.043236423283815384
v -0.010144696570932865 0.6775000095367432 -0.05100083723664284
v -0.043236423283815384 0.6775000095367432 -0.028889652341604233
v -0.05100083723664284 0.6775000095367432 0.010144696570932865
v -0.028889652341604233 0.6775000095367432 0.043236423283815384
v 0.010144696570932865 0.6775000095367432 0.05100083723664284
v 0.017167948186397552 0.6025000214576721 0.08630910515785217
v 0.07316932827234268 0.6025000214576721 0.04889018088579178
v 0.08630910515785217 0.6025000214576721 -0.017167948186397552
v 0.04889018088579178 0.6025000214576721 -0.07316932827234268
v -0.017167948186397552 0.6025000214576721 -0.08630910515785217
v -0.07316932827234268 0.6025000214576721 -0.04889018088579178
v -0.08630910515785217 0.6025000214576721 0.017167948186397552
v -0.04889018088579178 0.6025000214576721 0.07316932827234268
v 0.017167948186397552 0.6025000214576721 0.08630910515785217
v 0 0.6775000095367432 0
v 0 0.6775000095367432 0
v 0 0.6775000095367432 0
v 0 0.6775000095367432 0
v 0 0.6775000095367432 0
v 0 0.6775000095367432 0
v 0 0.6775000095367432 0
v 0 0.6775000095367432 0
v 0.010144696570932865 0.6775000095367432 0.05100083723664284
v 0.043236423283815384 0.6775000095367432 0.028889652341604233
v 0.05100083723664284 0.6775000095367432 -0.010144696570932865
v 0.028889652341604233 0.6775000095367432 -0.043236423283815384
v -0.010144696570932865 0.6775000095367432 -0.05100083723664284
v -0.043236423283815384 0.6775000095367432 -0.028889652341604233
v -0.05100083723664284 0.6775000095367432 0.010144696570932865
v -0.028889652341604233 0.6775000095367432 0.043236423283815384
v 0.010144696570932865 0.6775000095367432 0.05100083723664284
v 0 0.6025000214576721 0
v 0 0.6025000214576721 0
v 0 0.6025000214576721 0
v 0 0.6025000214576721 0
v 0 0.6025000214576721 0
v 0 0.6025000214576721 0
v 0 0.6025000214576721 0
v 0 0.6025000214576721 0
v 0.017167948186397552 0.6025000214576721 0.08630910515785217
v 0.07316932827234268 0.6025000214576721 0.04889018088579178
v 0.08630910515785217 0.6025000214576721 -0.017167948186397552
v 0.04889018088579178 0.6025000214576721 -0.07316932827234268
v -0.017167948186397552 0.6025000214576721 -0.08630910515785217
v -0.07316932827234268 0.6025000214576721 -0.04889018088579178
v -0.08630910515785217 0.6025000214576721 0.017167948186397552
v -0.04889018088579178 0.6025000214576721 0.07316932827234268
v 0.017167948186397552 0.6025000214576721 0.08630910515785217
v 0 0.7056000232696533 0
v 0 0.7056000232696533 0
v 0 0.7056000232696533 0
v 0 0.7056000232696533 0
v 0 0.7056000232696533 0
v 0 0.7056000232696533 0
v 0 0.7056000232696533 0
v 0 0.7056000232696533 0
v 0 0.7056000232696533 0
v -0.01606888324022293 0.7042002081871033 0
v -0.011362416669726372 0.7042002081871033 0.011362416669726372
v -9.839353711373126e-19 0.7042002081871033 0.01606888324022293
v 0.011362416669726372 0.7042002081871033 0.011362416669726372
v 0.01606888324022293 0.7042002081871033 1.9678707422746252e-18
v 0.011362416669726372 0.7042002081871033 -0.011362416669726372
v 2.9518060100143613e-18 0.7042002081871033 -0.01606888324022293
v -0.011362416669726372 0.7042002081871033 -0.011362416669726372
v -0.01606888324022293 0.7042002081871033 -3.9357414845492505e-18
v -0.03056483343243599 0.7001379132270813 0
v -0.02161260135471821 0.7001379132270813 0.02161260135471821
v -1.8715563132907883e-18 0.7001379132270813 0.03056483343243599
v 0.02161260135471821 0.7001379132270813 0.02161260135471821
v 0.03056483343243599 0.7001379132270813 3.743112626581577e-18
v 0.02161260135471821 0.7001379132270813 -0.02161260135471821
v 5.614668733077212e-18 0.7001379132270813 -0.03056483343243599
v -0.02161260135471821 0.7001379132270813 -0.02161260135471821
v -0.03056483343243599 0.7001379132270813 -7.486225253163153e-18
v -0.042068883776664734 0.6938106417655945 0
v -0.029747193679213524 0.6938106417655945 0.029747193679213524
v -2.57597629190574e-18 0.6938106417655945 0.042068883776664734
v 0.029747193679213524 0.6938106417655945 0.029747193679213524
v 0.042068883776664734 0.6938106417655945 5.15195258381148e-18
v 0.029747193679213524 0.6938106417655945 -0.029747193679213524
v 7.72792825533176e-18 0.6938106417655945 -0.042068883776664734
v -0.029747193679213524 0.6938106417655945 -0.029747193679213524
v -0.042068883776664734 0.6938106417655945 -1.030390516762296e-17
v -0.0494549386203289 0.6858378648757935 0
v -0.03496992215514183 0.6858378648757935 0.03496992215514183
v -3.0282416345173238e-18 0.6858378648757935 0.0494549386203289
v 0.03496992215514183 0.6858378648757935 0.03496992215514183
v 0.0494549386203289 0.6858378648757935 6.0564832690346476e-18
v 0.03496992215514183 0.6858378648757935 -0.03496992215514183
v 9.084724489961665e-18 0.6858378648757935 -0.0494549386203289
v -0.03496992215514183 0.6858378648757935 -0.03496992215514183
v -0.0494549386203289 0.6858378648757935 -1.2112966538069295e-17
v -0.052000001072883606 0.6769999861717224 0
v -0.036769554018974304 0.6769999861717224 0.036769554018974304
v -3.1840816347417017e-18 0.6769999861717224 0.052000001072883606
v 0.036769554018974304 0.6769999861717224 0.036769554018974304
v 0.052000001072883606 0.6769999861717224 6.368163269483403e-18
v 0.036769554018974304 0.6769999861717224 -0.036769554018974304
v 9.552245317815411e-18 0.6769999861717224 -0.052000001072883606
v -0.036769554018974304 0.6769999861717224 -0.036769554018974304
v -0.052000001072883606 0.6769999861717224 -1.2736326538966807e-17
vt 0 1
vt 0.125 1
vt 0.25 1
vt 0.375 1
vt 0.5 1
vt 0.625 1
vt 0.75 1
vt 0.875 1
vt 1 1
vt 0 0
vt 0.125 0
vt 0.25 0
vt 0.375 0
vt 0.5 0
vt 0.625 0
vt 0.75 0
vt 0.875 0
vt 1 0
vt 0.5 0.5
vt 0.5 0.5
vt 0.5 0.5
vt 0.5 0.5
vt 0.5 0.5
vt 0.5 0.5
vt 0.5 0.5
vt 0.5 0.5
vt 1 0.5
vt 0.8535534143447876 0.8535534143447876
vt 0.5 1
vt 0.1464466154575348 0.8535534143447876
vt 0 0.5
vt 0.1464466154575348 0.1464466154575348
vt 0.5 0
vt 0.8535534143447876 0.1464466154575348
vt 1 0.5
vt 0.5 0.5
vt 0.5 0.5
vt 0.5 0.5
vt 0.5 0.5
vt 0.5 0.5
vt 0.5 0.5
vt 0.5 0.5
vt 0.5 0.5
vt 1 0.5
vt 0.8535534143447876 0.1464466154575348
vt 0.5 0
vt 0.1464466154575348 0.1464466154575348
vt 0 0.5
vt 0.1464466154575348 0.8535534143447876
vt 0.5 1
vt 0.8535534143447876 0.8535534143447876
vt 1 0.5
vt 0.0625 1
vt 0.1875 1
vt 0.3125 1
vt 0.4375 1
vt 0.5625 1
vt 0.6875 1
vt 0.8125 1
vt 0.9375 1
vt 1.0625 1
vt 0 0.800000011920929
vt 0.125 0.800000011920929
vt 0.25 0.800000011920929
vt 0.375 0.800000011920929
vt 0.5 0.800000011920929
vt 0.625 0.800000011920929
vt 0.75 0.800000011920929
vt 0.875 0.800000011920929
vt 1 0.800000011920929
vt 0 0.6000000238418579
vt 0.125 0.6000000238418579
vt 0.25 0.6000000238418579
vt 0.375 0.6000000238418579
vt 0.5 0.6000000238418579
vt 0.625 0.6000000238418579
vt 0.75 0.6000000238418579
vt 0.875 0.6000000238418579
vt 1 0.6000000238418579
vt 0 0.4000000059604645
vt 0.125 0.4000000059604645
vt 0.25 0.4000000059604645
vt 0.375 0.4000000059604645
vt 0.5 0.4000000059604645
vt 0.625 0.4000000059604645
vt 0.75 0.4000000059604645
vt 0.875 0.4000000059604645
vt 1 0.4000000059604645
vt 0 0.20000000298023224
vt 0.125 0.20000000298023224
vt 0.25 0.20000000298023224
vt 0.375 0.20000000298023224
vt 0.5 0.20000000298023224
vt 0.625 0.20000000298023224
vt 0.75 0.20000000298023224
vt 0.875 0.20000000298023224
vt 1 0.20000000298023224
vt 0 0
vt 0.125 0
vt 0.25 0
vt 0.375 0
vt 0.5 0
vt 0.625 0
vt 0.75 0
vt 0.875 0
vt 1 0
vn 0.17587841658576095 0.43273105261178835 0.8842005534293559
vn 0.7495890265990108 0.43273106253449856 0.5008593801858076
vn 0.8842005534293559 0.43273105261178835 -0.17587841658576095
vn 0.5008593801858076 0.43273106253449856 -0.7495890265990108
vn -0.17587841658576095 0.43273105261178835 -0.8842005534293559
vn -0.7495890265990108 0.43273106253449856 -0.5008593801858076
vn -0.8842005534293559 0.43273105261178835 0.17587841658576095
vn -0.5008593801858076 0.43273106253449856 0.7495890265990108
vn 0.17587841658576095 0.43273105261178835 0.8842005534293559
vn 0.17587841658576095 0.43273105261178835 0.8842005534293559
vn 0.7495890265990108 0.43273106253449856 0.5008593801858076
vn 0.8842005534293559 0.43273105261178835 -0.17587841658576095
vn 0.5008593801858076 0.43273106253449856 -0.7495890265990108
vn -0.17587841658576095 0.43273105261178835 -0.8842005534293559
vn -0.7495890265990108 0.43273106253449856 -0.5008593801858076
vn -0.8842005534293559 0.43273105261178835 0.17587841658576095
vn -0.5008593801858076 0.43273106253449856 0.7495890265990108
vn 0.17587841658576095 0.43273105261178835 0.8842005534293559
vn 0 1 0
vn 0 1 0
vn 0 1 0
vn 0 1 0
vn 0 1 0
vn 0 1 0
vn 0 1 0
vn 0 1 0
vn 0 1 0
vn 0 1 0
vn 0 1 0
vn 0 1 0
vn 0 1 0
vn 0 1 0
vn 0 1 0
vn 0 1 0
vn 0 1 0
vn 0 -1 0
vn 0 -1 0
vn 0 -1 0
vn 0 -1 0
vn 0 -1 0
vn 0 -1 0
vn 0 -1 0
vn 0 -1 0
vn 0 -1 0
vn 0 -1 0
vn 0 -1 0
vn 0 -1 0
vn 0 -1 0
vn 0 -1 0
vn 0 -1 0
vn 0 -1 0
vn 0 -1 0
vn 0 1 0
vn 0 1 0
vn 0 1 0
vn 0 1 0
vn 0 1 0
vn 0 1 0
vn 0 1 0
vn 0 1 0
vn 0 1 0
vn -0.17591885991723624 0.9844046702070343 0
vn -0.12439340964186597 0.9844046725180361 0.12439340964186597
vn -1.0771922989799266e-17 0.9844046702070343 0.17591885991723624
vn 0.12439340964186597 0.9844046725180361 0.12439340964186597
vn 0.17591885991723624 0.9844046702070343 2.1543845979598532e-17
vn 0.12439340964186597 0.9844046725180361 -0.12439340964186597
vn 3.2315768969397796e-17 0.9844046702070343 -0.17591885991723624
vn -0.12439340964186597 0.9844046725180361 -0.12439340964186597
vn -0.17591885991723624 0.9844046702070343 -4.3087691959197063e-17
vn -0.37106915383691547 0.9286052353237922 0
vn -0.2623855113911138 0.9286052373447219 0.2623855113911138
vn -2.2721431596386322e-17 0.9286052353237922 0.37106915383691547
vn 0.2623855113911138 0.9286052373447219 0.2623855113911138
vn 0.37106915383691547 0.9286052353237922 4.5442863192772644e-17
vn 0.2623855113911138 0.9286052373447219 -0.2623855113911138
vn 6.816429975224251e-17 0.9286052353237922 -0.37106915383691547
vn -0.2623855113911138 0.9286052373447219 -0.2623855113911138
vn -0.37106915383691547 0.9286052353237922 -9.088572638554529e-17
vn -0.603571119889041 0.7973091641489447 0
vn -0.4267892282688561 0.797309167931329 0.4267892282688561
vn -3.695806929966108e-17 0.7973091641489447 0.603571119889041
vn 0.4267892282688561 0.797309167931329 0.4267892282688561
vn 0.603571119889041 0.7973091641489447 7.391613859932216e-17
vn 0.4267892282688561 0.797309167931329 -0.4267892282688561
vn 1.1087420459026077e-16 0.7973091641489447 -0.603571119889041
vn -0.4267892282688561 0.797309167931329 -0.4267892282688561
vn -0.603571119889041 0.7973091641489447 -1.4783227719864432e-16
vn -0.860981589282811 0.5086361203414921 0
vn -0.6088059147260488 0.5086361335858454 0.6088059147260488
vn -5.271991332051995e-17 0.5086361203414921 0.860981589282811
vn 0.6088059147260488 0.5086361335858454 0.6088059147260488
vn 0.860981589282811 0.5086361203414921 1.054398266410399e-16
vn 0.6088059147260488 0.5086361335858454 -0.6088059147260488
vn 1.5815975319644973e-16 0.5086361203414921 -0.860981589282811
vn -0.6088059147260488 0.5086361335858454 -0.6088059147260488
vn -0.860981589282811 0.5086361203414921 -2.108796532820798e-16
vn -1 1.1133153566271248e-16 0
vn -0.7071067811865476 1.1133153756807058e-16 0.7071067811865476
vn -6.123234262925839e-17 1.1133153566271248e-16 1
vn 0.7071067811865476 1.1133153756807058e-16 0.7071067811865476
vn 1 1.1133153566271248e-16 1.2246468525851679e-16
vn 0.7071067811865476 1.1133153756807058e-16 -0.7071067811865476
vn 1.8369701465288538e-16 1.1133153566271248e-16 -1
vn -0.7071067811865476 1.1133153756807058e-16 -0.7071067811865476
vn -1 1.1133153566271248e-16 -2.4492937051703357e-16
f 976/976/976 985/985/985 977/977/977
f 985/985/985 986/986/986 977/977/977
f 977/977/977 986/986/986 978/978/978
f 986/986/986 987/987/987 978/978/978
f 978/978/978 987/987/987 979/979/979
f 987/987/987 988/988/988 979/979/979
f 979/979/979 988/988/988 980/980/980
f 988/988/988 989/989/989 980/980/980
f 980/980/980 989/989/989 981/981/981
f 989/989/989 990/990/990 981/981/981
f 981/981/981 990/990/990 982/982/982
f 990/990/990 991/991/991 982/982/982
f 982/982/982 991/991/991 983/983/983
f 991/991/991 992/992/992 983/983/983
f 983/983/983 992/992/992 984/984/984
f 992/992/992 993/993/993 984/984/984
f 1002/1002/1002 1003/1003/1003 994/994/994
f 1003/1003/1003 1004/1004/1004 995/995/995
f 1004/1004/1004 1005/1005/1005 996/996/996
f 1005/1005/1005 1006/1006/1006 997/997/997
f 1006/1006/1006 1007/1007/1007 998/998/998
f 1007/1007/1007 1008/1008/1008 999/999/999
f 1008/1008/1008 1009/1009/1009 1000/1000/1000
f 1009/1009/1009 1010/1010/1010 1001/1001/1001
f 1020/1020/1020 1019/1019/1019 1011/1011/1011
f 1021/1021/1021 1020/1020/1020 1012/1012/1012
f 1022/1022/1022 1021/1021/1021 1013/1013/1013
f 1023/1023/1023 1022/1022/1022 1014/1014/1014
f 1024/1024/1024 1023/1023/1023 1015/1015/1015
f 1025/1025/1025 1024/1024/1024 1016/1016/1016
f 1026/1026/1026 1025/1025/1025 1017/1017/1017
f 1027/1027/1027 1026/1026/1026 1018/1018/1018
f 1028/1028/1028 1037/1037/1037 1038/1038/1038
f 1029/1029/1029 1038/1038/1038 1039/1039/1039
f 1030/1030/1030 1039/1039/1039 1040/1040/1040
f 1031/1031/1031 1040/1040/1040 1041/1041/1041
f 1032/1032/1032 1041/1041/1041 1042/1042/1042
f 1033/1033/1033 1042/1042/1042 1043/1043/1043
f 1034/1034/1034 1043/1043/1043 1044/1044/1044
f 1035/1035/1035 1044/1044/1044 1045/1045/1045
f 1038/1038/1038 1037/1037/1037 1047/1047/1047
f 1037/1037/1037 1046/1046/1046 1047/1047/1047
f 1039/1039/1039 1038/1038/1038 1048/1048/1048
f 1038/1038/1038 1047/1047/1047 1048/1048/1048
f 1040/1040/1040 1039/1039/1039 1049/1049/1049
f 1039/1039/1039 1048/1048/1048 1049/1049/1049
f 1041/1041/1041 1040/1040/1040 1050/1050/1050
f 1040/1040/1040 1049/1049/1049 1050/1050/1050
f 1042/1042/1042 1041/1041/1041 1051/1051/1051
f 1041/1041/1041 1050/1050/1050 1051/1051/1051
f 1043/1043/1043 1042/1042/1042 1052/1052/1052
f 1042/1042/1042 1051/1051/1051 1052/1052/1052
f 1044/1044/1044 1043/1043/1043 1053/1053/1053
f 1043/1043/1043 1052/1052/1052 1053/1053/1053
f 1045/1045/1045 1044/1044/1044 1054/1054/1054
f 1044/1044/1044 1053/1053/1053 1054/1054/1054
f 1047/1047/1047 1046/1046/1046 1056/1056/1056
f 1046/1046/1046 1055/1055/1055 1056/1056/1056
f 1048/1048/1048 1047/1047/1047 1057/1057/1057
f 1047/1047/1047 1056/1056/1056 1057/1057/1057
f 1049/1049/1049 1048/1048/1048 1058/1058/1058
f 1048/1048/1048 1057/1057/1057 1058/1058/1058
f 1050/1050/1050 1049/1049/1049 1059/1059/1059
f 1049/1049/1049 1058/1058/1058 1059/1059/1059
f 1051/1051/1051 1050/1050/1050 1060/1060/1060
f 1050/1050/1050 1059/1059/1059 1060/1060/1060
f 1052/1052/1052 1051/1051/1051 1061/1061/1061
f 1051/1051/1051 1060/1060/1060 1061/1061/1061
f 1053/1053/1053 1052/1052/1052 1062/1062/1062
f 1052/1052/1052 1061/1061/1061 1062/1062/1062
f 1054/1054/1054 1053/1053/1053 1063/1063/1063
f 1053/1053/1053 1062/1062/1062 1063/1063/1063
f 1056/1056/1056 1055/1055/1055 1065/1065/1065
f 1055/1055/1055 1064/1064/1064 1065/1065/1065
f 1057/1057/1057 1056/1056/1056 1066/1066/1066
f 1056/1056/1056 1065/1065/1065 1066/1066/1066
f 1058/1058/1058 1057/1057/1057 1067/1067/1067
f 1057/1057/1057 1066/1066/1066 1067/1067/1067
f 1059/1059/1059 1058/1058/1058 1068/1068/1068
f 1058/1058/1058 1067/1067/1067 1068/1068/1068
f 1060/1060/1060 1059/1059/1059 1069/1069/1069
f 1059/1059/1059 1068/1068/1068 1069/1069/1069
f 1061/1061/1061 1060/1060/1060 1070/1070/1070
f 1060/1060/1060 1069/1069/1069 1070/1070/1070
f 1062/1062/1062 1061/1061/1061 1071/1071/1071
f 1061/1061/1061 1070/1070/1070 1071/1071/1071
f 1063/1063/1063 1062/1062/1062 1072/1072/1072
f 1062/1062/1062 1071/1071/1071 1072/1072/1072
f 1065/1065/1065 1064/1064/1064 1074/1074/1074
f 1064/1064/1064 1073/1073/1073 1074/1074/1074
f 1066/1066/1066 1065/1065/1065 1075/1075/1075
f 1065/1065/1065 1074/1074/1074 1075/1075/1075
f 1067/1067/1067 1066/1066/1066 1076/1076/1076
f 1066/1066/1066 1075/1075/1075 1076/1076/1076
f 1068/1068/1068 1067/1067/1067 1077/1077/1077
f 1067/1067/1067 1076/1076/1076 1077/1077/1077
f 1069/1069/1069 1068/1068/1068 1078/1078/1078
f 1068/1068/1068 1077/1077/1077 1078/1078/1078
f 1070/1070/1070 1069/1069/1069 1079/1079/1079
f 1069/1069/1069 1078/1078/1078 1079/1079/1079
f 1071/1071/1071 1070/1070/1070 1080/1080/1080
f 1070/1070/1070 1079/1079/1079 1080/1080/1080
f 1072/1072/1072 1071/1071/1071 1081/1081/1081
f 1071/1071/1071 1080/1080/1080 1081/1081/1081
o Eyes
g Eyes
usemtl Eyes
v -0.1378999948501587 0.40700000524520874 0.4386657774448395
v -0.1378999948501587 0.40700000524520874 0.4386657774448395
v -0.1378999948501587 0.40700000524520874 0.4386657774448395
v -0.1378999948501587 0.40700000524520874 0.4386657774448395
v -0.1378999948501587 0.40700000524520874 0.4386657774448395
v -0.1378999948501587 0.40700000524520874 0.4386657774448395
v -0.1378999948501587 0.40700000524520874 0.4386657774448395
v -0.1378999948501587 0.40700000524520874 0.4386657774448395
v -0.1378999948501587 0.40700000524520874 0.4386657774448395
v -0.1378999948501587 0.40700000524520874 0.4386657774448395
v -0.1378999948501587 0.40700000524520874 0.4386657774448395
v -0.1378999948501587 0.40700000524520874 0.4386657774448395
v -0.1378999948501587 0.40700000524520874 0.4386657774448395
v -0.1378999948501587 0.40700000524520874 0.4386657774448395
v -0.1378999948501587 0.40700000524520874 0.4386657774448395
v -0.1378999948501587 0.40700000524520874 0.4386657774448395
v -0.1378999948501587 0.40700000524520874 0.4386657774448395
v -0.15912316739559174 0.40420591831207275 0.4386657774448395
v -0.15750764310359955 0.40420591831207275 0.4467875361442566
v -0.15290704369544983 0.40420591831207275 0.4536728262901306
v -0.1460217535495758 0.40420591831207275 0.45827344059944153
v -0.1378999948501587 0.40420591831207275 0.4598889648914337
v -0.12977825105190277 0.40420591831207275 0.45827344059944153
v -0.12289296090602875 0.40420591831207275 0.4536728262901306
v -0.11829235404729843 0.40420591831207275 0.4467875361442566
v -0.11667683720588684 0.40420591831207275 0.4386657774448395
v -0.11829235404729843 0.40420591831207275 0.43054404854774475
v -0.12289296090602875 0.40420591831207275 0.4236587584018707
v -0.12977825105190277 0.40420591831207275 0.4190581440925598
v -0.1378999948501587 0.40420591831207275 0.4174426198005676
v -0.1460217535495758 0.40420591831207275 0.4190581440925598
v -0.15290704369544983 0.40420591831207275 0.4236587584018707
v -0.15750764310359955 0.40420591831207275 0.43054404854774475
v -0.15912316739559174 0.40420591831207275 0.4386657774448395
v -0.17890000343322754 0.39601409435272217 0.4386657774448395
v -0.1757790595293045 0.39601409435272217 0.45435580611228943
v -0.16689138114452362 0.39601409435272217 0.4676571786403656
v -0.15359002351760864 0.39601409435272217 0.4765448570251465
v -0.1378999948501587 0.39601409435272217 0.4796657860279083
v -0.12220998108386993 0.39601409435272217 0.4765448570251465
v -0.10890862345695496 0.39601409435272217 0.4676571786403656
v -0.10002093762159348 0.39601409435272217 0.45435580611228943
v -0.09690000116825104 0.39601409435272217 0.4386657774448395
v -0.10002093762159348 0.39601409435272217 0.4229757785797119
v -0.10890862345695496 0.39601409435272217 0.40967440605163574
v -0.12220998108386993 0.39601409435272217 0.40078672766685486
v -0.1378999948501587 0.39601409435272217 0.397665798664093
v -0.15359002351760864 0.39601409435272217 0.40078672766685486
v -0.16689138114452362 0.39601409435272217 0.40967440605163574
v -0.1757790595293045 0.39601409435272217 0.4229757785797119
v -0.17890000343322754 0.39601409435272217 0.4386657774448395
v -0.19588275253772736 0.3829827606678009 0.4386657774448395
v -0.19146908819675446 0.3829827606678009 0.46085482835769653
v -0.17890000343322754 0.3829827606678009 0.4796657860279083
v -0.16008904576301575 0.3829827606678009 0.49223488569259644
v -0.1378999948501587 0.3829827606678009 0.49664855003356934
v -0.11571095883846283 0.3829827606678009 0.49223488569259644
v -0.09690000116825104 0.3829827606678009 0.4796657860279083
v -0.08433091640472412 0.3829827606678009 0.46085482835769653
v -0.07991724461317062 0.3829827606678009 0.4386657774448395
v -0.08433091640472412 0.3829827606678009 0.4164767563343048
v -0.09690000116825104 0.3829827606678009 0.397665798664093
v -0.11571095883846283 0.3829827606678009 0.3850966989994049
v -0.1378999948501587 0.3829827606678009 0.380683034658432
v -0.16008904576301575 0.3829827606678009 0.3850966989994049
v -0.17890000343322754 0.3829827606678009 0.397665798664093
v -0.19146908819675446 0.3829827606678009 0.4164767563343048
v -0.19588275253772736 0.3829827606678009 0.4386657774448395
v -0.20891408622264862 0.3659999966621399 0.4386657774448395
v -0.20350845158100128 0.3659999966621399 0.46584171056747437
v -0.18811453878879547 0.3659999966621399 0.48888033628463745
v -0.16507591307163239 0.3659999966621399 0.5042742490768433
v -0.1378999948501587 0.3659999966621399 0.5096798539161682
v -0.1107240840792656 0.3659999966621399 0.5042742490768433
v -0.08768545836210251 0.3659999966621399 0.48888033628463745
v -0.0722915455698967 0.3659999966621399 0.46584171056747437
v -0.06688591837882996 0.3659999966621399 0.4386657774448395
v -0.0722915455698967 0.3659999966621399 0.411489874124527
v -0.08768545836210251 0.3659999966621399 0.3884512484073639
v -0.1107240840792656 0.3659999966621399 0.3730573356151581
v -0.1378999948501587 0.3659999966621399 0.36765170097351074
v -0.16507591307163239 0.3659999966621399 0.3730573356151581
v -0.18811453878879547 0.3659999966621399 0.3884512484073639
v -0.20350845158100128 0.3659999966621399 0.411489874124527
v -0.20891408622264862 0.3659999966621399 0.4386657774448395
v -0.2171059101819992 0.3462231755256653 0.4386657774448395
v -0.21107672154903412 0.3462231755256653 0.46897658705711365
v -0.19390703737735748 0.3462231755256653 0.49467283487319946
v -0.16821078956127167 0.3462231755256653 0.5118424892425537
v -0.1378999948501587 0.3462231755256653 0.5178716778755188
v -0.10758920758962631 0.3462231755256653 0.5118424892425537
v -0.0818929597735405 0.3462231755256653 0.49467283487319946
v -0.06472327560186386 0.3462231755256653 0.46897658705711365
v -0.058694083243608475 0.3462231755256653 0.4386657774448395
v -0.06472327560186386 0.3462231755256653 0.4083549976348877
v -0.0818929597735405 0.3462231755256653 0.3826587498188019
v -0.10758920758962631 0.3462231755256653 0.36548906564712524
v -0.1378999948501587 0.3462231755256653 0.35945987701416016
v -0.16821078956127167 0.3462231755256653 0.36548906564712524
v -0.19390703737735748 0.3462231755256653 0.3826587498188019
v -0.21107672154903412 0.3462231755256653 0.4083549976348877
v -0.2171059101819992 0.3462231755256653 0.4386657774448395
v -0.2198999971151352 0.32499998807907104 0.4386657774448395
v -0.21365812420845032 0.32499998807907104 0.4700458347797394
v -0.19588275253772736 0.32499998807907104 0.49664855003356934
v -0.1692800372838974 0.32499998807907104 0.5144239068031311
v -0.1378999948501587 0.32499998807907104 0.5206657648086548
v -0.10651995986700058 0.32499998807907104 0.5144239068031311
v -0.07991724461317062 0.32499998807907104 0.49664855003356934
v -0.06214187666773796 0.32499998807907104 0.4700458347797394
v -0.05589999631047249 0.32499998807907104 0.4386657774448395
v -0.06214187666773796 0.32499998807907104 0.40728574991226196
v -0.07991724461317062 0.32499998807907104 0.380683034658432
v -0.10651995986700058 0.32499998807907104 0.36290767788887024
v -0.1378999948501587 0.32499998807907104 0.35666579008102417
v -0.1692800372838974 0.32499998807907104 0.36290767788887024
v -0.19588275253772736 0.32499998807907104 0.380683034658432
v -0.21365812420845032 0.32499998807907104 0.40728574991226196
v -0.2198999971151352 0.32499998807907104 0.4386657774448395
v -0.2171059101819992 0.3037768304347992 0.4386657774448395
v -0.21107672154903412 0.3037768304347992 0.46897658705711365
v -0.19390703737735748 0.3037768304347992 0.49467283487319946
v -0.16821078956127167 0.3037768304347992 0.5118424892425537
v -0.1378999948501587 0.3037768304347992 0.5178716778755188
v -0.10758920758962631 0.3037768304347992 0.5118424892425537
v -0.0818929597735405 0.3037768304347992 0.49467283487319946
v -0.06472327560186386 0.3037768304347992 0.46897658705711365
v -0.058694083243608475 0.3037768304347992 0.4386657774448395
v -0.06472327560186386 0.3037768304347992 0.4083549976348877
v -0.0818929597735405 0.3037768304347992 0.3826587498188019
v -0.10758920758962631 0.3037768304347992 0.36548906564712524
v -0.1378999948501587 0.3037768304347992 0.35945987701416016
v -0.16821078956127167 0.3037768304347992 0.36548906564712524
v -0.19390703737735748 0.3037768304347992 0.3826587498188019
v -0.21107672154903412 0.3037768304347992 0.4083549976348877
v -0.2171059101819992 0.3037768304347992 0.4386657774448395
v -0.20891408622264862 0.2840000092983246 0.4386657774448395
v -0.20350845158100128 0.2840000092983246 0.46584171056747437
v -0.18811453878879547 0.2840000092983246 0.48888033628463745
v -0.16507591307163239 0.2840000092983246 0.5042742490768433
v -0.1378999948501587 0.2840000092983246 0.5096798539161682
v -0.1107240840792656 0.2840000092983246 0.5042742490768433
v -0.08768545836210251 0.2840000092983246 0.48888033628463745
v -0.0722915455698967 0.2840000092983246 0.46584171056747437
v -0.06688591837882996 0.2840000092983246 0.4386657774448395
v -0.0722915455698967 0.2840000092983246 0.411489874124527
v -0.08768545836210251 0.2840000092983246 0.3884512484073639
v -0.1107240840792656 0.2840000092983246 0.3730573356151581
v -0.1378999948501587 0.2840000092983246 0.36765170097351074
v -0.16507591307163239 0.2840000092983246 0.3730573356151581
v -0.18811453878879547 0.2840000092983246 0.3884512484073639
v -0.20350845158100128 0.2840000092983246 0.411489874124527
v -0.20891408622264862 0.2840000092983246 0.4386657774448395
v -0.19588275253772736 0.2670172452926636 0.4386657774448395
v -0.19146908819675446 0.2670172452926636 0.46085482835769653
v -0.17890000343322754 0.2670172452926636 0.4796657860279083
v -0.16008904576301575 0.2670172452926636 0.49223488569259644
v -0.1378999948501587 0.2670172452926636 0.49664855003356934
v -0.11571095883846283 0.2670172452926636 0.49223488569259644
v -0.09690000116825104 0.2670172452926636 0.4796657860279083
v -0.08433091640472412 0.2670172452926636 0.46085482835769653
v -0.07991724461317062 0.2670172452926636 0.4386657774448395
v -0.08433091640472412 0.2670172452926636 0.4164767563343048
v -0.09690000116825104 0.2670172452926636 0.397665798664093
v -0.11571095883846283 0.2670172452926636 0.3850966989994049
v -0.1378999948501587 0.2670172452926636 0.380683034658432
v -0.16008904576301575 0.2670172452926636 0.3850966989994049
v -0.17890000343322754 0.2670172452926636 0.397665798664093
v -0.19146908819675446 0.2670172452926636 0.4164767563343048
v -0.19588275253772736 0.2670172452926636 0.4386657774448395
v -0.17890000343322754 0.2539859116077423 0.4386657774448395
v -0.1757790595293045 0.2539859116077423 0.45435580611228943
v -0.16689138114452362 0.2539859116077423 0.4676571786403656
v -0.15359002351760864 0.2539859116077423 0.4765448570251465
v -0.1378999948501587 0.2539859116077423 0.4796657860279083
v -0.12220998108386993 0.2539859116077423 0.4765448570251465
v -0.10890862345695496 0.2539859116077423 0.4676571786403656
v -0.10002093762159348 0.2539859116077423 0.45435580611228943
v -0.09690000116825104 0.2539859116077423 0.4386657774448395
v -0.10002093762159348 0.2539859116077423 0.4229757785797119
v -0.10890862345695496 0.2539859116077423 0.40967440605163574
v -0.12220998108386993 0.2539859116077423 0.40078672766685486
v -0.1378999948501587 0.2539859116077423 0.397665798664093
v -0.15359002351760864 0.2539859116077423 0.40078672766685486
v -0.16689138114452362 0.2539859116077423 0.40967440605163574
v -0.1757790595293045 0.2539859116077423 0.4229757785797119
v -0.17890000343322754 0.2539859116077423 0.4386657774448395
v -0.15912316739559174 0.24579408764839172 0.4386657774448395
v -0.15750764310359955 0.24579408764839172 0.4467875361442566
v -0.15290704369544983 0.24579408764839172 0.4536728262901306
v -0.1460217535495758 0.24579408764839172 0.45827344059944153
v -0.1378999948501587 0.24579408764839172 0.4598889648914337
v -0.12977825105190277 0.24579408764839172 0.45827344059944153
v -0.12289296090602875 0.24579408764839172 0.4536728262901306
v -0.11829235404729843 0.24579408764839172 0.4467875361442566
v -0.11667683720588684 0.24579408764839172 0.4386657774448395
v -0.11829235404729843 0.24579408764839172 0.43054404854774475
v -0.12289296090602875 0.24579408764839172 0.4236587584018707
v -0.12977825105190277 0.24579408764839172 0.4190581440925598
v -0.1378999948501587 0.24579408764839172 0.4174426198005676
v -0.1460217535495758 0.24579408764839172 0.4190581440925598
v -0.15290704369544983 0.24579408764839172 0.4236587584018707
v -0.15750764310359955 0.24579408764839172 0.43054404854774475
v -0.15912316739559174 0.24579408764839172 0.4386657774448395
v -0.1378999948501587 0.24300000071525574 0.4386657774448395
v -0.1378999948501587 0.24300000071525574 0.4386657774448395
v -0.1378999948501587 0.24300000071525574 0.4386657774448395
v -0.1378999948501587 0.24300000071525574 0.4386657774448395
v -0.1378999948501587 0.24300000071525574 0.4386657774448395
v -0.1378999948501587 0.24300000071525574 0.4386657774448395
v -0.1378999948501587 0.24300000071525574 0.4386657774448395
v -0.1378999948501587 0.24300000071525574 0.4386657774448395
v -0.1378999948501587 0.24300000071525574 0.4386657774448395
v -0.1378999948501587 0.24300000071525574 0.4386657774448395
v -0.1378999948501587 0.24300000071525574 0.4386657774448395
v -0.1378999948501587 0.24300000071525574 0.4386657774448395
v -0.1378999948501587 0.24300000071525574 0.4386657774448395
v -0.1378999948501587 0.24300000071525574 0.4386657774448395
v -0.1378999948501587 0.24300000071525574 0.4386657774448395
v -0.1378999948501587 0.24300000071525574 0.4386657774448395
v -0.1378999948501587 0.24300000071525574 0.4386657774448395
v 0.1378999948501587 0.40700000524520874 0.4386657774448395
v 0.1378999948501587 0.40700000524520874 0.4386657774448395
v 0.1378999948501587 0.40700000524520874 0.4386657774448395
v 0.1378999948501587 0.40700000524520874 0.4386657774448395
v 0.1378999948501587 0.40700000524520874 0.4386657774448395
v 0.1378999948501587 0.40700000524520874 0.4386657774448395
v 0.1378999948501587 0.40700000524520874 0.4386657774448395
v 0.1378999948501587 0.40700000524520874 0.4386657774448395
v 0.1378999948501587 0.40700000524520874 0.4386657774448395
v 0.1378999948501587 0.40700000524520874 0.4386657774448395
v 0.1378999948501587 0.40700000524520874 0.4386657774448395
v 0.1378999948501587 0.40700000524520874 0.4386657774448395
v 0.1378999948501587 0.40700000524520874 0.4386657774448395
v 0.1378999948501587 0.40700000524520874 0.4386657774448395
v 0.1378999948501587 0.40700000524520874 0.4386657774448395
v 0.1378999948501587 0.40700000524520874 0.4386657774448395
v 0.1378999948501587 0.40700000524520874 0.4386657774448395
v 0.11667683720588684 0.40420591831207275 0.4386657774448395
v 0.11829235404729843 0.40420591831207275 0.4467875361442566
v 0.12289296090602875 0.40420591831207275 0.4536728262901306
v 0.12977825105190277 0.40420591831207275 0.45827344059944153
v 0.1378999948501587 0.40420591831207275 0.4598889648914337
v 0.1460217535495758 0.40420591831207275 0.45827344059944153
v 0.15290704369544983 0.40420591831207275 0.4536728262901306
v 0.15750764310359955 0.40420591831207275 0.4467875361442566
v 0.15912316739559174 0.40420591831207275 0.4386657774448395
v 0.15750764310359955 0.40420591831207275 0.43054404854774475
v 0.15290704369544983 0.40420591831207275 0.4236587584018707
v 0.1460217535495758 0.40420591831207275 0.4190581440925598
v 0.1378999948501587 0.40420591831207275 0.4174426198005676
v 0.12977825105190277 0.40420591831207275 0.4190581440925598
v 0.12289296090602875 0.40420591831207275 0.4236587584018707
v 0.11829235404729843 0.40420591831207275 0.43054404854774475
v 0.11667683720588684 0.40420591831207275 0.4386657774448395
v 0.09690000116825104 0.39601409435272217 0.4386657774448395
v 0.10002093762159348 0.39601409435272217 0.45435580611228943
v 0.10890862345695496 0.39601409435272217 0.4676571786403656
v 0.12220998108386993 0.39601409435272217 0.4765448570251465
v 0.1378999948501587 0.39601409435272217 0.4796657860279083
v 0.15359002351760864 0.39601409435272217 0.4765448570251465
v 0.16689138114452362 0.39601409435272217 0.4676571786403656
v 0.1757790595293045 0.39601409435272217 0.45435580611228943
v 0.17890000343322754 0.39601409435272217 0.4386657774448395
v 0.1757790595293045 0.39601409435272217 0.4229757785797119
v 0.16689138114452362 0.39601409435272217 0.40967440605163574
v 0.15359002351760864 0.39601409435272217 0.40078672766685486
v 0.1378999948501587 0.39601409435272217 0.397665798664093
v 0.12220998108386993 0.39601409435272217 0.40078672766685486
v 0.10890862345695496 0.39601409435272217 0.40967440605163574
v 0.10002093762159348 0.39601409435272217 0.4229757785797119
v 0.09690000116825104 0.39601409435272217 0.4386657774448395
v 0.07991724461317062 0.3829827606678009 0.4386657774448395
v 0.08433091640472412 0.3829827606678009 0.46085482835769653
v 0.09690000116825104 0.3829827606678009 0.4796657860279083
v 0.11571095883846283 0.3829827606678009 0.49223488569259644
v 0.1378999948501587 0.3829827606678009 0.49664855003356934
v 0.16008904576301575 0.3829827606678009 0.49223488569259644
v 0.17890000343322754 0.3829827606678009 0.4796657860279083
v 0.19146908819675446 0.3829827606678009 0.46085482835769653
v 0.19588275253772736 0.3829827606678009 0.4386657774448395
v 0.19146908819675446 0.3829827606678009 0.4164767563343048
v 0.17890000343322754 0.3829827606678009 0.397665798664093
v 0.16008904576301575 0.3829827606678009 0.3850966989994049
v 0.1378999948501587 0.3829827606678009 0.380683034658432
v 0.11571095883846283 0.3829827606678009 0.3850966989994049
v 0.09690000116825104 0.3829827606678009 0.397665798664093
v 0.08433091640472412 0.3829827606678009 0.4164767563343048
v 0.07991724461317062 0.3829827606678009 0.4386657774448395
v 0.06688591837882996 0.3659999966621399 0.4386657774448395
v 0.0722915455698967 0.3659999966621399 0.46584171056747437
v 0.08768545836210251 0.3659999966621399 0.48888033628463745
v 0.1107240840792656 0.3659999966621399 0.5042742490768433
v 0.1378999948501587 0.3659999966621399 0.5096798539161682
v 0.16507591307163239 0.3659999966621399 0.5042742490768433
v 0.18811453878879547 0.3659999966621399 0.48888033628463745
v 0.20350845158100128 0.3659999966621399 0.46584171056747437
v 0.20891408622264862 0.3659999966621399 0.4386657774448395
v 0.20350845158100128 0.3659999966621399 0.411489874124527
v 0.18811453878879547 0.3659999966621399 0.3884512484073639
v 0.16507591307163239 0.3659999966621399 0.3730573356151581
v 0.1378999948501587 0.3659999966621399 0.36765170097351074
v 0.1107240840792656 0.3659999966621399 0.3730573356151581
v 0.08768545836210251 0.3659999966621399 0.3884512484073639
v 0.0722915455698967 0.3659999966621399 0.411489874124527
v 0.06688591837882996 0.3659999966621399 0.4386657774448395
v 0.058694083243608475 0.3462231755256653 0.4386657774448395
v 0.06472327560186386 0.3462231755256653 0.46897658705711365
v 0.0818929597735405 0.3462231755256653 0.49467283487319946
v 0.10758920758962631 0.3462231755256653 0.5118424892425537
v 0.1378999948501587 0.3462231755256653 0.5178716778755188
v 0.16821078956127167 0.3462231755256653 0.5118424892425537
v 0.19390703737735748 0.3462231755256653 0.49467283487319946
v 0.21107672154903412 0.3462231755256653 0.46897658705711365
v 0.2171059101819992 0.3462231755256653 0.4386657774448395
v 0.21107672154903412 0.3462231755256653 0.4083549976348877
v 0.19390703737735748 0.3462231755256653 0.3826587498188019
v 0.16821078956127167 0.3462231755256653 0.36548906564712524
v 0.1378999948501587 0.3462231755256653 0.35945987701416016
v 0.10758920758962631 0.3462231755256653 0.36548906564712524
v 0.0818929597735405 0.3462231755256653 0.3826587498188019
v 0.06472327560186386 0.3462231755256653 0.4083549976348877
v 0.058694083243608475 0.3462231755256653 0.4386657774448395
v 0.05589999631047249 0.32499998807907104 0.4386657774448395
v 0.06214187666773796 0.32499998807907104 0.4700458347797394
v 0.07991724461317062 0.32499998807907104 0.49664855003356934
v 0.10651995986700058 0.32499998807907104 0.5144239068031311
v 0.1378999948501587 0.32499998807907104 0.5206657648086548
v 0.1692800372838974 0.32499998807907104 0.5144239068031311
v 0.19588275253772736 0.32499998807907104 0.49664855003356934
v 0.21365812420845032 0.32499998807907104 0.4700458347797394
v 0.2198999971151352 0.32499998807907104 0.4386657774448395
v 0.21365812420845032 0.32499998807907104 0.40728574991226196
v 0.19588275253772736 0.32499998807907104 0.380683034658432
v 0.1692800372838974 0.32499998807907104 0.36290767788887024
v 0.1378999948501587 0.32499998807907104 0.35666579008102417
v 0.10651995986700058 0.32499998807907104 0.36290767788887024
v 0.07991724461317062 0.32499998807907104 0.380683034658432
v 0.06214187666773796 0.32499998807907104 0.40728574991226196
v 0.05589999631047249 0.32499998807907104 0.4386657774448395
v 0.058694083243608475 0.3037768304347992 0.4386657774448395
v 0.06472327560186386 0.3037768304347992 0.46897658705711365
v 0.0818929597735405 0.3037768304347992 0.49467283487319946
v 0.10758920758962631 0.3037768304347992 0.5118424892425537
v 0.1378999948501587 0.3037768304347992 0.5178716778755188
v 0.16821078956127167 0.3037768304347992 0.5118424892425537
v 0.19390703737735748 0.3037768304347992 0.49467283487319946
v 0.21107672154903412 0.3037768304347992 0.46897658705711365
v 0.2171059101819992 0.3037768304347992 0.4386657774448395
v 0.21107672154903412 0.3037768304347992 0.4083549976348877
v 0.19390703737735748 0.3037768304347992 0.3826587498188019
v 0.16821078956127167 0.3037768304347992 0.36548906564712524
v 0.1378999948501587 0.3037768304347992 0.35945987701416016
v 0.10758920758962631 0.3037768304347992 0.36548906564712524
v 0.0818929597735405 0.3037768304347992 0.3826587498188019
v 0.06472327560186386 0.3037768304347992 0.4083549976348877
v 0.058694083243608475 0.3037768304347992 0.4386657774448395
v 0.06688591837882996 0.2840000092983246 0.4386657774448395
v 0.0722915455698967 0.2840000092983246 0.46584171056747437
v 0.08768545836210251 0.2840000092983246 0.48888033628463745
v 0.1107240840792656 0.2840000092983246 0.5042742490768433
v 0.1378999948501587 0.2840000092983246 0.5096798539161682
v 0.16507591307163239 0.2840000092983246 0.5042742490768433
v 0.18811453878879547 0.2840000092983246 0.48888033628463745
v 0.20350845158100128 0.2840000092983246 0.46584171056747437
v 0.20891408622264862 0.2840000092983246 0.4386657774448395
v 0.20350845158100128 0.2840000092983246 0.411489874124527
v 0.18811453878879547 0.2840000092983246 0.3884512484073639
v 0.16507591307163239 0.2840000092983246 0.3730573356151581
v 0.1378999948501587 0.2840000092983246 0.36765170097351074
v 0.1107240840792656 0.2840000092983246 0.3730573356151581
v 0.08768545836210251 0.2840000092983246 0.3884512484073639
v 0.0722915455698967 0.2840000092983246 0.411489874124527
v 0.06688591837882996 0.2840000092983246 0.4386657774448395
v 0.07991724461317062 0.2670172452926636 0.4386657774448395
v 0.08433091640472412 0.2670172452926636 0.46085482835769653
v 0.09690000116825104 0.2670172452926636 0.4796657860279083
v 0.11571095883846283 0.2670172452926636 0.49223488569259644
v 0.1378999948501587 0.2670172452926636 0.49664855003356934
v 0.16008904576301575 0.2670172452926636 0.49223488569259644
v 0.17890000343322754 0.2670172452926636 0.4796657860279083
v 0.19146908819675446 0.2670172452926636 0.46085482835769653
v 0.19588275253772736 0.2670172452926636 0.4386657774448395
v 0.19146908819675446 0.2670172452926636 0.4164767563343048
v 0.17890000343322754 0.2670172452926636 0.397665798664093
v 0.16008904576301575 0.2670172452926636 0.3850966989994049
v 0.1378999948501587 0.2670172452926636 0.380683034658432
v 0.11571095883846283 0.2670172452926636 0.3850966989994049
v 0.09690000116825104 0.2670172452926636 0.397665798664093
v 0.08433091640472412 0.2670172452926636 0.4164767563343048
v 0.07991724461317062 0.2670172452926636 0.4386657774448395
v 0.09690000116825104 0.2539859116077423 0.4386657774448395
v 0.10002093762159348 0.2539859116077423 0.45435580611228943
v 0.10890862345695496 0.2539859116077423 0.4676571786403656
v 0.12220998108386993 0.2539859116077423 0.4765448570251465
v 0.1378999948501587 0.2539859116077423 0.4796657860279083
v 0.15359002351760864 0.2539859116077423 0.4765448570251465
v 0.16689138114452362 0.2539859116077423 0.4676571786403656
v 0.1757790595293045 0.2539859116077423 0.45435580611228943
v 0.17890000343322754 0.2539859116077423 0.4386657774448395
v 0.1757790595293045 0.2539859116077423 0.4229757785797119
v 0.16689138114452362 0.2539859116077423 0.40967440605163574
v 0.15359002351760864 0.2539859116077423 0.40078672766685486
v 0.1378999948501587 0.2539859116077423 0.397665798664093
v 0.12220998108386993 0.2539859116077423 0.40078672766685486
v 0.10890862345695496 0.2539859116077423 0.40967440605163574
v 0.10002093762159348 0.2539859116077423 0.4229757785797119
v 0.09690000116825104 0.2539859116077423 0.4386657774448395
v 0.11667683720588684 0.24579408764839172 0.4386657774448395
v 0.11829235404729843 0.24579408764839172 0.4467875361442566
v 0.12289296090602875 0.24579408764839172 0.4536728262901306
v 0.12977825105190277 0.24579408764839172 0.45827344059944153
v 0.1378999948501587 0.24579408764839172 0.4598889648914337
v 0.1460217535495758 0.24579408764839172 0.45827344059944153
v 0.15290704369544983 0.24579408764839172 0.4536728262901306
v 0.15750764310359955 0.24579408764839172 0.4467875361442566
v 0.15912316739559174 0.24579408764839172 0.4386657774448395
v 0.15750764310359955 0.24579408764839172 0.43054404854774475
v 0.15290704369544983 0.24579408764839172 0.4236587584018707
v 0.1460217535495758 0.24579408764839172 0.4190581440925598
v 0.1378999948501587 0.24579408764839172 0.4174426198005676
v 0.12977825105190277 0.24579408764839172 0.4190581440925598
v 0.12289296090602875 0.24579408764839172 0.4236587584018707
v 0.11829235404729843 0.24579408764839172 0.43054404854774475
v 0.11667683720588684 0.24579408764839172 0.4386657774448395
v 0.1378999948501587 0.24300000071525574 0.4386657774448395
v 0.1378999948501587 0.24300000071525574 0.4386657774448395
v 0.1378999948501587 0.24300000071525574 0.4386657774448395
v 0.1378999948501587 0.24300000071525574 0.4386657774448395
v 0.1378999948501587 0.24300000071525574 0.4386657774448395
v 0.1378999948501587 0.24300000071525574 0.4386657774448395
v 0.1378999948501587 0.24300000071525574 0.4386657774448395
v 0.1378999948501587 0.24300000071525574 0.4386657774448395
v 0.1378999948501587 0.24300000071525574 0.4386657774448395
v 0.1378999948501587 0.24300000071525574 0.4386657774448395
v 0.1378999948501587 0.24300000071525574 0.4386657774448395
v 0.1378999948501587 0.24300000071525574 0.4386657774448395
v 0.1378999948501587 0.24300000071525574 0.4386657774448395
v 0.1378999948501587 0.24300000071525574 0.4386657774448395
v 0.1378999948501587 0.24300000071525574 0.4386657774448395
v 0.1378999948501587 0.24300000071525574 0.4386657774448395
v 0.1378999948501587 0.24300000071525574 0.4386657774448395
vt 0.03125 1
vt 0.09375 1
vt 0.15625 1
vt 0.21875 1
vt 0.28125 1
vt 0.34375 1
vt 0.40625 1
vt 0.46875 1
vt 0.53125 1
vt 0.59375 1
vt 0.65625 1
vt 0.71875 1
vt 0.78125 1
vt 0.84375 1
vt 0.90625 1
vt 0.96875 1
vt 1.03125 1
vt 0 0.9166666865348816
vt 0.0625 0.9166666865348816
vt 0.125 0.9166666865348816
vt 0.1875 0.9166666865348816
vt 0.25 0.9166666865348816
vt 0.3125 0.9166666865348816
vt 0.375 0.9166666865348816
vt 0.4375 0.9166666865348816
vt 0.5 0.9166666865348816
vt 0.5625 0.9166666865348816
vt 0.625 0.9166666865348816
vt 0.6875 0.9166666865348816
vt 0.75 0.9166666865348816
vt 0.8125 0.9166666865348816
vt 0.875 0.9166666865348816
vt 0.9375 0.9166666865348816
vt 1 0.9166666865348816
vt 0 0.8333333134651184
vt 0.0625 0.8333333134651184
vt 0.125 0.8333333134651184
vt 0.1875 0.8333333134651184
vt 0.25 0.8333333134651184
vt 0.3125 0.8333333134651184
vt 0.375 0.8333333134651184
vt 0.4375 0.8333333134651184
vt 0.5 0.8333333134651184
vt 0.5625 0.8333333134651184
vt 0.625 0.8333333134651184
vt 0.6875 0.8333333134651184
vt 0.75 0.8333333134651184
vt 0.8125 0.8333333134651184
vt 0.875 0.8333333134651184
vt 0.9375 0.8333333134651184
vt 1 0.8333333134651184
vt 0 0.75
vt 0.0625 0.75
vt 0.125 0.75
vt 0.1875 0.75
vt 0.25 0.75
vt 0.3125 0.75
vt 0.375 0.75
vt 0.4375 0.75
vt 0.5 0.75
vt 0.5625 0.75
vt 0.625 0.75
vt 0.6875 0.75
vt 0.75 0.75
vt 0.8125 0.75
vt 0.875 0.75
vt 0.9375 0.75
vt 1 0.75
vt 0 0.6666666865348816
vt 0.0625 0.6666666865348816
vt 0.125 0.6666666865348816
vt 0.1875 0.6666666865348816
vt 0.25 0.6666666865348816
vt 0.3125 0.6666666865348816
vt 0.375 0.6666666865348816
vt 0.4375 0.6666666865348816
vt 0.5 0.6666666865348816
vt 0.5625 0.6666666865348816
vt 0.625 0.6666666865348816
vt 0.6875 0.6666666865348816
vt 0.75 0.6666666865348816
vt 0.8125 0.6666666865348816
vt 0.875 0.6666666865348816
vt 0.9375 0.6666666865348816
vt 1 0.6666666865348816
vt 0 0.5833333134651184
vt 0.0625 0.5833333134651184
vt 0.125 0.5833333134651184
vt 0.1875 0.5833333134651184
vt 0.25 0.5833333134651184
vt 0.3125 0.5833333134651184
vt 0.375 0.5833333134651184
vt 0.4375 0.5833333134651184
vt 0.5 0.5833333134651184
vt 0.5625 0.5833333134651184
vt 0.625 0.5833333134651184
vt 0.6875 0.5833333134651184
vt 0.75 0.5833333134651184
vt 0.8125 0.5833333134651184
vt 0.875 0.5833333134651184
vt 0.9375 0.5833333134651184
vt 1 0.5833333134651184
vt 0 0.5
vt 0.0625 0.5
vt 0.125 0.5
vt 0.1875 0.5
vt 0.25 0.5
vt 0.3125 0.5
vt 0.375 0.5
vt 0.4375 0.5
vt 0.5 0.5
vt 0.5625 0.5
vt 0.625 0.5
vt 0.6875 0.5
vt 0.75 0.5
vt 0.8125 0.5
vt 0.875 0.5
vt 0.9375 0.5
vt 1 0.5
vt 0 0.4166666567325592
vt 0.0625 0.4166666567325592
vt 0.125 0.4166666567325592
vt 0.1875 0.4166666567325592
vt 0.25 0.4166666567325592
vt 0.3125 0.4166666567325592
vt 0.375 0.4166666567325592
vt 0.4375 0.4166666567325592
vt 0.5 0.4166666567325592
vt 0.5625 0.4166666567325592
vt 0.625 0.4166666567325592
vt 0.6875 0.4166666567325592
vt 0.75 0.4166666567325592
vt 0.8125 0.4166666567325592
vt 0.875 0.4166666567325592
vt 0.9375 0.4166666567325592
vt 1 0.4166666567325592
vt 0 0.3333333432674408
vt 0.0625 0.3333333432674408
vt 0.125 0.3333333432674408
vt 0.1875 0.3333333432674408
vt 0.25 0.3333333432674408
vt 0.3125 0.3333333432674408
vt 0.375 0.3333333432674408
vt 0.4375 0.3333333432674408
vt 0.5 0.3333333432674408
vt 0.5625 0.3333333432674408
vt 0.625 0.3333333432674408
vt 0.6875 0.3333333432674408
vt 0.75 0.3333333432674408
vt 0.8125 0.3333333432674408
vt 0.875 0.3333333432674408
vt 0.9375 0.3333333432674408
vt 1 0.3333333432674408
vt 0 0.25
vt 0.0625 0.25
vt 0.125 0.25
vt 0.1875 0.25
vt 0.25 0.25
vt 0.3125 0.25
vt 0.375 0.25
vt 0.4375 0.25
vt 0.5 0.25
vt 0.5625 0.25
vt 0.625 0.25
vt 0.6875 0.25
vt 0.75 0.25
vt 0.8125 0.25
vt 0.875 0.25
vt 0.9375 0.25
vt 1 0.25
vt 0 0.1666666716337204
vt 0.0625 0.1666666716337204
vt 0.125 0.1666666716337204
vt 0.1875 0.1666666716337204
vt 0.25 0.1666666716337204
vt 0.3125 0.1666666716337204
vt 0.375 0.1666666716337204
vt 0.4375 0.1666666716337204
vt 0.5 0.1666666716337204
vt 0.5625 0.1666666716337204
vt 0.625 0.1666666716337204
vt 0.6875 0.1666666716337204
vt 0.75 0.1666666716337204
vt 0.8125 0.1666666716337204
vt 0.875 0.1666666716337204
vt 0.9375 0.1666666716337204
vt 1 0.1666666716337204
vt 0 0.0833333358168602
vt 0.0625 0.0833333358168602
vt 0.125 0.0833333358168602
vt 0.1875 0.0833333358168602
vt 0.25 0.0833333358168602
vt 0.3125 0.0833333358168602
vt 0.375 0.0833333358168602
vt 0.4375 0.0833333358168602
vt 0.5 0.0833333358168602
vt 0.5625 0.0833333358168602
vt 0.625 0.0833333358168602
vt 0.6875 0.0833333358168602
vt 0.75 0.0833333358168602
vt 0.8125 0.0833333358168602
vt 0.875 0.0833333358168602
vt 0.9375 0.0833333358168602
vt 1 0.0833333358168602
vt -0.03125 0
vt 0.03125 0
vt 0.09375 0
vt 0.15625 0
vt 0.21875 0
vt 0.28125 0
vt 0.34375 0
vt 0.40625 0
vt 0.46875 0
vt 0.53125 0
vt 0.59375 0
vt 0.65625 0
vt 0.71875 0
vt 0.78125 0
vt 0.84375 0
vt 0.90625 0
vt 0.96875 0
vt 0.03125 1
vt 0.09375 1
vt 0.15625 1
vt 0.21875 1
vt 0.28125 1
vt 0.34375 1
vt 0.40625 1
vt 0.46875 1
vt 0.53125 1
vt 0.59375 1
vt 0.65625 1
vt 0.71875 1
vt 0.78125 1
vt 0.84375 1
vt 0.90625 1
vt 0.96875 1
vt 1.03125 1
vt 0 0.9166666865348816
vt 0.0625 0.9166666865348816
vt 0.125 0.9166666865348816
vt 0.1875 0.9166666865348816
vt 0.25 0.9166666865348816
vt 0.3125 0.9166666865348816
vt 0.375 0.9166666865348816
vt 0.4375 0.9166666865348816
vt 0.5 0.9166666865348816
vt 0.5625 0.9166666865348816
vt 0.625 0.9166666865348816
vt 0.6875 0.9166666865348816
vt 0.75 0.9166666865348816
vt 0.8125 0.9166666865348816
vt 0.875 0.9166666865348816
vt 0.9375 0.9166666865348816
vt 1 0.9166666865348816
vt 0 0.8333333134651184
vt 0.0625 0.8333333134651184
vt 0.125 0.8333333134651184
vt 0.1875 0.8333333134651184
vt 0.25 0.8333333134651184
vt 0.3125 0.8333333134651184
vt 0.375 0.8333333134651184
vt 0.4375 0.8333333134651184
vt 0.5 0.8333333134651184
vt 0.5625 0.8333333134651184
vt 0.625 0.8333333134651184
vt 0.6875 0.8333333134651184
vt 0.75 0.8333333134651184
vt 0.8125 0.8333333134651184
vt 0.875 0.8333333134651184
vt 0.9375 0.8333333134651184
vt 1 0.8333333134651184
vt 0 0.75
vt 0.0625 0.75
vt 0.125 0.75
vt 0.1875 0.75
vt 0.25 0.75
vt 0.3125 0.75
vt 0.375 0.75
vt 0.4375 0.75
vt 0.5 0.75
vt 0.5625 0.75
vt 0.625 0.75
vt 0.6875 0.75
vt 0.75 0.75
vt 0.8125 0.75
vt 0.875 0.75
vt 0.9375 0.75
vt 1 0.75
vt 0 0.6666666865348816
vt 0.0625 0.6666666865348816
vt 0.125 0.6666666865348816
vt 0.1875 0.6666666865348816
vt 0.25 0.6666666865348816
vt 0.3125 0.6666666865348816
vt 0.375 0.6666666865348816
vt 0.4375 0.6666666865348816
vt 0.5 0.6666666865348816
vt 0.5625 0.6666666865348816
vt 0.625 0.6666666865348816
vt 0.6875 0.6666666865348816
vt 0.75 0.6666666865348816
vt 0.8125 0.6666666865348816
vt 0.875 0.6666666865348816
vt 0.9375 0.6666666865348816
vt 1 0.6666666865348816
vt 0 0.5833333134651184
vt 0.0625 0.5833333134651184
vt 0.125 0.5833333134651184
vt 0.1875 0.5833333134651184
vt 0.25 0.5833333134651184
vt 0.3125 0.5833333134651184
vt 0.375 0.5833333134651184
vt 0.4375 0.5833333134651184
vt 0.5 0.5833333134651184
vt 0.5625 0.5833333134651184
vt 0.625 0.5833333134651184
vt 0.6875 0.5833333134651184
vt 0.75 0.5833333134651184
vt 0.8125 0.5833333134651184
vt 0.875 0.5833333134651184
vt 0.9375 0.5833333134651184
vt 1 0.5833333134651184
vt 0 0.5
vt 0.0625 0.5
vt 0.125 0.5
vt 0.1875 0.5
vt 0.25 0.5
vt 0.3125 0.5
vt 0.375 0.5
vt 0.4375 0.5
vt 0.5 0.5
vt 0.5625 0.5
vt 0.625 0.5
vt 0.6875 0.5
vt 0.75 0.5
vt 0.8125 0.5
vt 0.875 0.5
vt 0.9375 0.5
vt 1 0.5
vt 0 0.4166666567325592
vt 0.0625 0.4166666567325592
vt 0.125 0.4166666567325592
vt 0.1875 0.4166666567325592
vt 0.25 0.4166666567325592
vt 0.3125 0.4166666567325592
vt 0.375 0.4166666567325592
vt 0.4375 0.4166666567325592
vt 0.5 0.4166666567325592
vt 0.5625 0.4166666567325592
vt 0.625 0.4166666567325592
vt 0.6875 0.4166666567325592
vt 0.75 0.4166666567325592
vt 0.8125 0.4166666567325592
vt 0.875 0.4166666567325592
vt 0.9375 0.4166666567325592
vt 1 0.4166666567325592
vt 0 0.3333333432674408
vt 0.0625 0.3333333432674408
vt 0.125 0.3333333432674408
vt 0.1875 0.3333333432674408
vt 0.25 0.3333333432674408
vt 0.3125 0.3333333432674408
vt 0.375 0.3333333432674408
vt 0.4375 0.3333333432674408
vt 0.5 0.3333333432674408
vt 0.5625 0.3333333432674408
vt 0.625 0.3333333432674408
vt 0.6875 0.3333333432674408
vt 0.75 0.3333333432674408
vt 0.8125 0.3333333432674408
vt 0.875 0.3333333432674408
vt 0.9375 0.3333333432674408
vt 1 0.3333333432674408
vt 0 0.25
vt 0.0625 0.25
vt 0.125 0.25
vt 0.1875 0.25
vt 0.25 0.25
vt 0.3125 0.25
vt 0.375 0.25
vt 0.4375 0.25
vt 0.5 0.25
vt 0.5625 0.25
vt 0.625 0.25
vt 0.6875 0.25
vt 0.75 0.25
vt 0.8125 0.25
vt 0.875 0.25
vt 0.9375 0.25
vt 1 0.25
vt 0 0.1666666716337204
vt 0.0625 0.1666666716337204
vt 0.125 0.1666666716337204
vt 0.1875 0.1666666716337204
vt 0.25 0.1666666716337204
vt 0.3125 0.1666666716337204
vt 0.375 0.1666666716337204
vt 0.4375 0.1666666716337204
vt 0.5 0.1666666716337204
vt 0.5625 0.1666666716337204
vt 0.625 0.1666666716337204
vt 0.6875 0.1666666716337204
vt 0.75 0.1666666716337204
vt 0.8125 0.1666666716337204
vt 0.875 0.1666666716337204
vt 0.9375 0.1666666716337204
vt 1 0.1666666716337204
vt 0 0.0833333358168602
vt 0.0625 0.0833333358168602
vt 0.125 0.0833333358168602
vt 0.1875 0.0833333358168602
vt 0.25 0.0833333358168602
vt 0.3125 0.0833333358168602
vt 0.375 0.0833333358168602
vt 0.4375 0.0833333358168602
vt 0.5 0.0833333358168602
vt 0.5625 0.0833333358168602
vt 0.625 0.0833333358168602
vt 0.6875 0.0833333358168602
vt 0.75 0.0833333358168602
vt 0.8125 0.0833333358168602
vt 0.875 0.0833333358168602
vt 0.9375 0.0833333358168602
vt 1 0.0833333358168602
vt -0.03125 0
vt 0.03125 0
vt 0.09375 0
vt 0.15625 0
vt 0.21875 0
vt 0.28125 0
vt 0.34375 0
vt 0.40625 0
vt 0.46875 0
vt 0.53125 0
vt 0.59375 0
vt 0.65625 0
vt 0.71875 0
vt 0.78125 0
vt 0.84375 0
vt 0.90625 0
vt 0.96875 0
vn 0 1 0
vn 0 1 0
vn 0 1 0
vn 0 1 0
vn 0 1 0
vn 0 1 0
vn 0 1 0
vn 0 1 0
vn 0 1 0
vn 0 1 0
vn 0 1 0
vn 0 1 0
vn 0 1 0
vn 0 1 0
vn 0 1 0
vn 0 1 0
vn 0 1 0
vn -0.2588190471264927 0.9659258257467466 0
vn -0.2391176252724176 0.9659258244235216 0.0990457621295319
vn -0.18301271094246616 0.9659258228595912 0.18301271094246616
vn -0.0990457621295319 0.9659258244235216 0.2391176252724176
vn -1.5848095844680132e-17 0.9659258257467466 0.2588190471264927
vn 0.0990457621295319 0.9659258244235216 0.2391176252724176
vn 0.18301271094246616 0.9659258228595912 0.18301271094246616
vn 0.2391176252724176 0.9659258244235216 0.0990457621295319
vn 0.2588190471264927 0.9659258257467466 3.1696191689360264e-17
vn 0.2391176252724176 0.9659258244235216 -0.0990457621295319
vn 0.18301271094246616 0.9659258228595912 -0.18301271094246616
vn 0.0990457621295319 0.9659258244235216 -0.2391176252724176
vn 4.75442875340404e-17 0.9659258257467466 -0.2588190471264927
vn -0.0990457621295319 0.9659258244235216 -0.2391176252724176
vn -0.18301271094246616 0.9659258228595912 -0.18301271094246616
vn -0.2391176252724176 0.9659258244235216 -0.0990457621295319
vn -0.2588190471264927 0.9659258257467466 -6.339238337872053e-17
vn -0.5000000067305869 0.8660253998985324 0
vn -0.4619397616154296 0.8660254060763862 0.19134171701150324
vn -0.3535533908144109 0.8660254036038809 0.3535533908144109
vn -0.19134171701150324 0.8660254060763862 0.4619397616154296
vn -3.06161717267588e-17 0.8660253998985324 0.5000000067305869
vn 0.19134171701150324 0.8660254060763862 0.4619397616154296
vn 0.3535533908144109 0.8660254036038809 0.3535533908144109
vn 0.4619397616154296 0.8660254060763862 0.19134171701150324
vn 0.5000000067305869 0.8660253998985324 6.12323434535176e-17
vn 0.4619397616154296 0.8660254060763862 -0.19134171701150324
vn 0.3535533908144109 0.8660254036038809 -0.3535533908144109
vn 0.19134171701150324 0.8660254060763862 -0.4619397616154296
vn 9.18485085628314e-17 0.8660253998985324 -0.5000000067305869
vn -0.19134171701150324 0.8660254060763862 -0.4619397616154296
vn -0.3535533908144109 0.8660254036038809 -0.3535533908144109
vn -0.4619397616154296 0.8660254060763862 -0.19134171701150324
vn -0.5000000067305869 0.8660253998985324 -1.224646869070352e-16
vn -0.7071067811865476 0.7071067811865476 0
vn -0.6532815030743456 0.7071067617226012 0.2705980511147485
vn -0.5000000042785677 0.7071067751357388 0.5000000042785677
vn -0.2705980511147485 0.7071067617226012 0.6532815030743456
vn -4.329780375814312e-17 0.7071067811865476 0.7071067811865476
vn 0.2705980511147485 0.7071067617226012 0.6532815030743456
vn 0.5000000042785677 0.7071067751357388 0.5000000042785677
vn 0.6532815030743456 0.7071067617226012 0.2705980511147485
vn 0.7071067811865476 0.7071067811865476 8.659560751628624e-17
vn 0.6532815030743456 0.7071067617226012 -0.2705980511147485
vn 0.5000000042785677 0.7071067751357388 -0.5000000042785677
vn 0.2705980511147485 0.7071067617226012 -0.6532815030743456
vn 1.2989340465698435e-16 0.7071067811865476 -0.7071067811865476
vn -0.2705980511147485 0.7071067617226012 -0.6532815030743456
vn -0.5000000042785677 0.7071067751357388 -0.5000000042785677
vn -0.6532815030743456 0.7071067617226012 -0.2705980511147485
vn -0.7071067811865476 0.7071067811865476 -1.7319121503257247e-16
vn -0.8660253998985324 0.5000000067305869 0
vn -0.8001031408375959 0.5000000080497158 0.33141357240176267
vn -0.6123724412671231 0.4999999863530877 0.6123724412671231
vn -0.33141357240176267 0.5000000080497158 0.8001031408375959
vn -5.302876307448087e-17 0.5000000067305869 0.8660253998985324
vn 0.33141357240176267 0.5000000080497158 0.8001031408375959
vn 0.6123724412671231 0.4999999863530877 0.6123724412671231
vn 0.8001031408375959 0.5000000080497158 0.33141357240176267
vn 0.8660253998985324 0.5000000067305869 1.0605752614896174e-16
vn 0.8001031408375959 0.5000000080497158 -0.33141357240176267
vn 0.6123724412671231 0.4999999863530877 -0.6123724412671231
vn 0.33141357240176267 0.5000000080497158 -0.8001031408375959
vn 1.5908628922344263e-16 0.5000000067305869 -0.8660253998985324
vn -0.33141357240176267 0.5000000080497158 -0.8001031408375959
vn -0.6123724412671231 0.4999999863530877 -0.6123724412671231
vn -0.8001031408375959 0.5000000080497158 -0.33141357240176267
vn -0.8660253998985324 0.5000000067305869 -2.1211505229792348e-16
vn -0.9659258257467466 0.2588190471264927 0
vn -0.8923990964885816 0.25881905055097604 0.3696438172866613
vn -0.6830127036271734 0.2588190359455774 0.6830127036271734
vn -0.3696438172866613 0.25881905055097604 0.8923990964885816
vn -5.914589613696059e-17 0.2588190471264927 0.9659258257467466
vn 0.3696438172866613 0.25881905055097604 0.8923990964885816
vn 0.6830127036271734 0.2588190359455774 0.6830127036271734
vn 0.8923990964885816 0.25881905055097604 0.3696438172866613
vn 0.9659258257467466 0.2588190471264927 1.1829179227392118e-16
vn 0.8923990964885816 0.25881905055097604 -0.3696438172866613
vn 0.6830127036271734 0.2588190359455774 -0.6830127036271734
vn 0.3696438172866613 0.25881905055097604 -0.8923990964885816
vn 1.7743769502832676e-16 0.2588190471264927 -0.9659258257467466
vn -0.3696438172866613 0.25881905055097604 -0.8923990964885816
vn -0.6830127036271734 0.2588190359455774 -0.6830127036271734
vn -0.8923990964885816 0.25881905055097604 -0.3696438172866613
vn -0.9659258257467466 0.2588190471264927 -2.3658358454784237e-16
vn -1 6.123234262925839e-17 0
vn -0.9238795305660377 6.123234437647952e-17 0.3826834370613369
vn -0.7071067811865476 6.123234367720532e-17 0.7071067811865476
vn -0.3826834370613369 6.123234437647952e-17 0.9238795305660377
vn -6.123234262925839e-17 6.123234262925839e-17 1
vn 0.3826834370613369 6.123234437647952e-17 0.9238795305660377
vn 0.7071067811865476 6.123234367720532e-17 0.7071067811865476
vn 0.9238795305660377 6.123234437647952e-17 0.3826834370613369
vn 1 6.123234262925839e-17 1.2246468525851679e-16
vn 0.9238795305660377 6.123234437647952e-17 -0.3826834370613369
vn 0.7071067811865476 6.123234367720532e-17 -0.7071067811865476
vn 0.3826834370613369 6.123234437647952e-17 -0.9238795305660377
vn 1.8369701465288538e-16 6.123234262925839e-17 -1
vn -0.3826834370613369 6.123234437647952e-17 -0.9238795305660377
vn -0.7071067811865476 6.123234367720532e-17 -0.7071067811865476
vn -0.9238795305660377 6.123234437647952e-17 -0.3826834370613369
vn -1 6.123234262925839e-17 -2.4492937051703357e-16
vn -0.9659258257467466 -0.2588190471264927 0
vn -0.8923990964885816 -0.25881905055097604 0.3696438172866613
vn -0.6830127036271734 -0.2588190359455774 0.6830127036271734
vn -0.3696438172866613 -0.25881905055097604 0.8923990964885816
vn -5.914589613696059e-17 -0.2588190471264927 0.9659258257467466
vn 0.3696438172866613 -0.25881905055097604 0.8923990964885816
vn 0.6830127036271734 -0.2588190359455774 0.6830127036271734
vn 0.8923990964885816 -0.25881905055097604 0.3696438172866613
vn 0.9659258257467466 -0.2588190471264927 1.1829179227392118e-16
vn 0.8923990964885816 -0.25881905055097604 -0.3696438172866613
vn 0.6830127036271734 -0.2588190359455774 -0.6830127036271734
vn 0.3696438172866613 -0.25881905055097604 -0.8923990964885816
vn 1.7743769502832676e-16 -0.2588190471264927 -0.9659258257467466
vn -0.3696438172866613 -0.25881905055097604 -0.8923990964885816
vn -0.6830127036271734 -0.2588190359455774 -0.6830127036271734
vn -0.8923990964885816 -0.25881905055097604 -0.3696438172866613
vn -0.9659258257467466 -0.2588190471264927 -2.3658358454784237e-16
vn -0.8660253998985324 -0.5000000067305869 0
vn -0.8001031408375959 -0.5000000080497158 0.33141357240176267
vn -0.6123724412671231 -0.4999999863530877 0.6123724412671231
vn -0.33141357240176267 -0.5000000080497158 0.8001031408375959
vn -5.302876307448087e-17 -0.5000000067305869 0.8660253998985324
vn 0.33141357240176267 -0.5000000080497158 0.8001031408375959
vn 0.6123724412671231 -0.4999999863530877 0.6123724412671231
vn 0.8001031408375959 -0.5000000080497158 0.33141357240176267
vn 0.8660253998985324 -0.5000000067305869 1.0605752614896174e-16
vn 0.8001031408375959 -0.5000000080497158 -0.33141357240176267
vn 0.6123724412671231 -0.4999999863530877 -0.6123724412671231
vn 0.33141357240176267 -0.5000000080497158 -0.8001031408375959
vn 1.5908628922344263e-16 -0.5000000067305869 -0.8660253998985324
vn -0.33141357240176267 -0.5000000080497158 -0.8001031408375959
vn -0.6123724412671231 -0.4999999863530877 -0.6123724412671231
vn -0.8001031408375959 -0.5000000080497158 -0.33141357240176267
vn -0.8660253998985324 -0.5000000067305869 -2.1211505229792348e-16
vn -0.7071067811865476 -0.7071067811865476 0
vn -0.6532815030743456 -0.7071067617226012 0.2705980511147485
vn -0.5000000042785677 -0.7071067751357388 0.5000000042785677
vn -0.2705980511147485 -0.7071067617226012 0.6532815030743456
vn -4.329780375814312e-17 -0.7071067811865476 0.7071067811865476
vn 0.2705980511147485 -0.7071067617226012 0.6532815030743456
vn 0.5000000042785677 -0.7071067751357388 0.5000000042785677
vn 0.6532815030743456 -0.7071067617226012 0.2705980511147485
vn 0.7071067811865476 -0.7071067811865476 8.659560751628624e-17
vn 0.6532815030743456 -0.7071067617226012 -0.2705980511147485
vn 0.5000000042785677 -0.7071067751357388 -0.5000000042785677
vn 0.2705980511147485 -0.7071067617226012 -0.6532815030743456
vn 1.2989340465698435e-16 -0.7071067811865476 -0.7071067811865476
vn -0.2705980511147485 -0.7071067617226012 -0.6532815030743456
vn -0.5000000042785677 -0.7071067751357388 -0.5000000042785677
vn -0.6532815030743456 -0.7071067617226012 -0.2705980511147485
vn -0.7071067811865476 -0.7071067811865476 -1.7319121503257247e-16
vn -0.5000000067305869 -0.8660253998985324 0
vn -0.4619397616154296 -0.8660254060763862 0.19134171701150324
vn -0.3535533908144109 -0.8660254036038809 0.3535533908144109
vn -0.19134171701150324 -0.8660254060763862 0.4619397616154296
vn -3.06161717267588e-17 -0.8660253998985324 0.5000000067305869
vn 0.19134171701150324 -0.8660254060763862 0.4619397616154296
vn 0.3535533908144109 -0.8660254036038809 0.3535533908144109
vn 0.4619397616154296 -0.8660254060763862 0.19134171701150324
vn 0.5000000067305869 -0.8660253998985324 6.12323434535176e-17
vn 0.4619397616154296 -0.8660254060763862 -0.19134171701150324
vn 0.3535533908144109 -0.8660254036038809 -0.3535533908144109
vn 0.19134171701150324 -0.8660254060763862 -0.4619397616154296
vn 9.18485085628314e-17 -0.8660253998985324 -0.5000000067305869
vn -0.19134171701150324 -0.8660254060763862 -0.4619397616154296
vn -0.3535533908144109 -0.8660254036038809 -0.3535533908144109
vn -0.4619397616154296 -0.8660254060763862 -0.19134171701150324
vn -0.5000000067305869 -0.8660253998985324 -1.224646869070352e-16
vn -0.2588190471264927 -0.9659258257467466 0
vn -0.2391176252724176 -0.9659258244235216 0.0990457621295319
vn -0.18301271094246616 -0.9659258228595912 0.18301271094246616
vn -0.0990457621295319 -0.9659258244235216 0.2391176252724176
vn -1.5848095844680132e-17 -0.9659258257467466 0.2588190471264927
vn 0.0990457621295319 -0.9659258244235216 0.2391176252724176
vn 0.18301271094246616 -0.9659258228595912 0.18301271094246616
vn 0.2391176252724176 -0.9659258244235216 0.0990457621295319
vn 0.2588190471264927 -0.9659258257467466 3.1696191689360264e-17
vn 0.2391176252724176 -0.9659258244235216 -0.0990457621295319
vn 0.18301271094246616 -0.9659258228595912 -0.18301271094246616
vn 0.0990457621295319 -0.9659258244235216 -0.2391176252724176
vn 4.75442875340404e-17 -0.9659258257467466 -0.2588190471264927
vn -0.0990457621295319 -0.9659258244235216 -0.2391176252724176
vn -0.18301271094246616 -0.9659258228595912 -0.18301271094246616
vn -0.2391176252724176 -0.9659258244235216 -0.0990457621295319
vn -0.2588190471264927 -0.9659258257467466 -6.339238337872053e-17
vn -1.2246468525851679e-16 -1 0
vn -1.1314261121795038e-16 -1 4.6865204697224915e-17
vn -8.659560603426554e-17 -1 8.659560603426554e-17
vn -4.6865204697224915e-17 -1 1.1314261121795038e-16
vn -7.498798786105971e-33 -1 1.2246468525851679e-16
vn 4.6865204697224915e-17 -1 1.1314261121795038e-16
vn 8.659560603426554e-17 -1 8.659560603426554e-17
vn 1.1314261121795038e-16 -1 4.6865204697224915e-17
vn 1.2246468525851679e-16 -1 1.4997597572211942e-32
vn 1.1314261121795038e-16 -1 -4.6865204697224915e-17
vn 8.659560603426554e-17 -1 -8.659560603426554e-17
vn 4.6865204697224915e-17 -1 -1.1314261121795038e-16
vn 2.2496396358317913e-32 -1 -1.2246468525851679e-16
vn -4.6865204697224915e-17 -1 -1.1314261121795038e-16
vn -8.659560603426554e-17 -1 -8.659560603426554e-17
vn -1.1314261121795038e-16 -1 -4.6865204697224915e-17
vn -1.2246468525851679e-16 -1 -2.9995195144423884e-32
vn 0 1 0
vn 0 1 0
vn 0 1 0
vn 0 1 0
vn 0 1 0
vn 0 1 0
vn 0 1 0
vn 0 1 0
vn 0 1 0
vn 0 1 0
vn 0 1 0
vn 0 1 0
vn 0 1 0
vn 0 1 0
vn 0 1 0
vn 0 1 0
vn 0 1 0
vn -0.2588190471264927 0.9659258257467466 0
vn -0.2391176252724176 0.9659258244235216 0.0990457621295319
vn -0.18301271094246616 0.9659258228595912 0.18301271094246616
vn -0.0990457621295319 0.9659258244235216 0.2391176252724176
vn -1.5848095844680132e-17 0.9659258257467466 0.2588190471264927
vn 0.0990457621295319 0.9659258244235216 0.2391176252724176
vn 0.18301271094246616 0.9659258228595912 0.18301271094246616
vn 0.2391176252724176 0.9659258244235216 0.0990457621295319
vn 0.2588190471264927 0.9659258257467466 3.1696191689360264e-17
vn 0.2391176252724176 0.9659258244235216 -0.0990457621295319
vn 0.18301271094246616 0.9659258228595912 -0.18301271094246616
vn 0.0990457621295319 0.9659258244235216 -0.2391176252724176
vn 4.75442875340404e-17 0.9659258257467466 -0.2588190471264927
vn -0.0990457621295319 0.9659258244235216 -0.2391176252724176
vn -0.18301271094246616 0.9659258228595912 -0.18301271094246616
vn -0.2391176252724176 0.9659258244235216 -0.0990457621295319
vn -0.2588190471264927 0.9659258257467466 -6.339238337872053e-17
vn -0.5000000067305869 0.8660253998985324 0
vn -0.4619397616154296 0.8660254060763862 0.19134171701150324
vn -0.3535533908144109 0.8660254036038809 0.3535533908144109
vn -0.19134171701150324 0.8660254060763862 0.4619397616154296
vn -3.06161717267588e-17 0.8660253998985324 0.5000000067305869
vn 0.19134171701150324 0.8660254060763862 0.4619397616154296
vn 0.3535533908144109 0.8660254036038809 0.3535533908144109
vn 0.4619397616154296 0.8660254060763862 0.19134171701150324
vn 0.5000000067305869 0.8660253998985324 6.12323434535176e-17
vn 0.4619397616154296 0.8660254060763862 -0.19134171701150324
vn 0.3535533908144109 0.8660254036038809 -0.3535533908144109
vn 0.19134171701150324 0.8660254060763862 -0.4619397616154296
vn 9.18485085628314e-17 0.8660253998985324 -0.5000000067305869
vn -0.19134171701150324 0.8660254060763862 -0.4619397616154296
vn -0.3535533908144109 0.8660254036038809 -0.3535533908144109
vn -0.4619397616154296 0.8660254060763862 -0.19134171701150324
vn -0.5000000067305869 0.8660253998985324 -1.224646869070352e-16
vn -0.7071067811865476 0.7071067811865476 0
vn -0.6532815030743456 0.7071067617226012 0.2705980511147485
vn -0.5000000042785677 0.7071067751357388 0.5000000042785677
vn -0.2705980511147485 0.7071067617226012 0.6532815030743456
vn -4.329780375814312e-17 0.7071067811865476 0.7071067811865476
vn 0.2705980511147485 0.7071067617226012 0.6532815030743456
vn 0.5000000042785677 0.7071067751357388 0.5000000042785677
vn 0.6532815030743456 0.7071067617226012 0.2705980511147485
vn 0.7071067811865476 0.7071067811865476 8.659560751628624e-17
vn 0.6532815030743456 0.7071067617226012 -0.2705980511147485
vn 0.5000000042785677 0.7071067751357388 -0.5000000042785677
vn 0.2705980511147485 0.7071067617226012 -0.6532815030743456
vn 1.2989340465698435e-16 0.7071067811865476 -0.7071067811865476
vn -0.2705980511147485 0.7071067617226012 -0.6532815030743456
vn -0.5000000042785677 0.7071067751357388 -0.5000000042785677
vn -0.6532815030743456 0.7071067617226012 -0.2705980511147485
vn -0.7071067811865476 0.7071067811865476 -1.7319121503257247e-16
vn -0.8660253998985324 0.5000000067305869 0
vn -0.8001031408375959 0.5000000080497158 0.33141357240176267
vn -0.6123724412671231 0.4999999863530877 0.6123724412671231
vn -0.33141357240176267 0.5000000080497158 0.8001031408375959
vn -5.302876307448087e-17 0.5000000067305869 0.8660253998985324
vn 0.33141357240176267 0.5000000080497158 0.8001031408375959
vn 0.6123724412671231 0.4999999863530877 0.6123724412671231
vn 0.8001031408375959 0.5000000080497158 0.33141357240176267
vn 0.8660253998985324 0.5000000067305869 1.0605752614896174e-16
vn 0.8001031408375959 0.5000000080497158 -0.33141357240176267
vn 0.6123724412671231 0.4999999863530877 -0.6123724412671231
vn 0.33141357240176267 0.5000000080497158 -0.8001031408375959
vn 1.5908628922344263e-16 0.5000000067305869 -0.8660253998985324
vn -0.33141357240176267 0.5000000080497158 -0.8001031408375959
vn -0.6123724412671231 0.4999999863530877 -0.6123724412671231
vn -0.8001031408375959 0.5000000080497158 -0.33141357240176267
vn -0.8660253998985324 0.5000000067305869 -2.1211505229792348e-16
vn -0.9659258257467466 0.2588190471264927 0
vn -0.8923990964885816 0.25881905055097604 0.3696438172866613
vn -0.6830127036271734 0.2588190359455774 0.6830127036271734
vn -0.3696438172866613 0.25881905055097604 0.8923990964885816
vn -5.914589613696059e-17 0.2588190471264927 0.9659258257467466
vn 0.3696438172866613 0.25881905055097604 0.8923990964885816
vn 0.6830127036271734 0.2588190359455774 0.6830127036271734
vn 0.8923990964885816 0.25881905055097604 0.3696438172866613
vn 0.9659258257467466 0.2588190471264927 1.1829179227392118e-16
vn 0.8923990964885816 0.25881905055097604 -0.3696438172866613
vn 0.6830127036271734 0.2588190359455774 -0.6830127036271734
vn 0.3696438172866613 0.25881905055097604 -0.8923990964885816
vn 1.7743769502832676e-16 0.2588190471264927 -0.9659258257467466
vn -0.3696438172866613 0.25881905055097604 -0.8923990964885816
vn -0.6830127036271734 0.2588190359455774 -0.6830127036271734
vn -0.8923990964885816 0.25881905055097604 -0.3696438172866613
vn -0.9659258257467466 0.2588190471264927 -2.3658358454784237e-16
vn -1 6.123234262925839e-17 0
vn -0.9238795305660377 6.123234437647952e-17 0.3826834370613369
vn -0.7071067811865476 6.123234367720532e-17 0.7071067811865476
vn -0.3826834370613369 6.123234437647952e-17 0.9238795305660377
vn -6.123234262925839e-17 6.123234262925839e-17 1
vn 0.3826834370613369 6.123234437647952e-17 0.9238795305660377
vn 0.7071067811865476 6.123234367720532e-17 0.7071067811865476
vn 0.9238795305660377 6.123234437647952e-17 0.3826834370613369
vn 1 6.123234262925839e-17 1.2246468525851679e-16
vn 0.9238795305660377 6.123234437647952e-17 -0.3826834370613369
vn 0.7071067811865476 6.123234367720532e-17 -0.7071067811865476
vn 0.3826834370613369 6.123234437647952e-17 -0.9238795305660377
vn 1.8369701465288538e-16 6.123234262925839e-17 -1
vn -0.3826834370613369 6.123234437647952e-17 -0.9238795305660377
vn -0.7071067811865476 6.123234367720532e-17 -0.7071067811865476
vn -0.9238795305660377 6.123234437647952e-17 -0.3826834370613369
vn -1 6.123234262925839e-17 -2.4492937051703357e-16
vn -0.9659258257467466 -0.2588190471264927 0
vn -0.8923990964885816 -0.25881905055097604 0.3696438172866613
vn -0.6830127036271734 -0.2588190359455774 0.6830127036271734
vn -0.3696438172866613 -0.25881905055097604 0.8923990964885816
vn -5.914589613696059e-17 -0.2588190471264927 0.9659258257467466
vn 0.3696438172866613 -0.25881905055097604 0.8923990964885816
vn 0.6830127036271734 -0.2588190359455774 0.6830127036271734
vn 0.8923990964885816 -0.25881905055097604 0.3696438172866613
vn 0.9659258257467466 -0.2588190471264927 1.1829179227392118e-16
vn 0.8923990964885816 -0.25881905055097604 -0.3696438172866613
vn 0.6830127036271734 -0.2588190359455774 -0.6830127036271734
vn 0.3696438172866613 -0.25881905055097604 -0.8923990964885816
vn 1.7743769502832676e-16 -0.2588190471264927 -0.9659258257467466
vn -0.3696438172866613 -0.25881905055097604 -0.8923990964885816
vn -0.6830127036271734 -0.2588190359455774 -0.6830127036271734
vn -0.8923990964885816 -0.25881905055097604 -0.3696438172866613
vn -0.9659258257467466 -0.2588190471264927 -2.3658358454784237e-16
vn -0.8660253998985324 -0.5000000067305869 0
vn -0.8001031408375959 -0.5000000080497158 0.33141357240176267
vn -0.6123724412671231 -0.4999999863530877 0.6123724412671231
vn -0.33141357240176267 -0.5000000080497158 0.8001031408375959
vn -5.302876307448087e-17 -0.5000000067305869 0.8660253998985324
vn 0.33141357240176267 -0.5000000080497158 0.8001031408375959
vn 0.6123724412671231 -0.4999999863530877 0.6123724412671231
vn 0.8001031408375959 -0.5000000080497158 0.33141357240176267
vn 0.8660253998985324 -0.5000000067305869 1.0605752614896174e-16
vn 0.8001031408375959 -0.5000000080497158 -0.33141357240176267
vn 0.6123724412671231 -0.4999999863530877 -0.6123724412671231
vn 0.33141357240176267 -0.5000000080497158 -0.8001031408375959
vn 1.5908628922344263e-16 -0.5000000067305869 -0.8660253998985324
vn -0.33141357240176267 -0.5000000080497158 -0.8001031408375959
vn -0.6123724412671231 -0.4999999863530877 -0.6123724412671231
vn -0.8001031408375959 -0.5000000080497158 -0.33141357240176267
vn -0.8660253998985324 -0.5000000067305869 -2.1211505229792348e-16
vn -0.7071067811865476 -0.7071067811865476 0
vn -0.6532815030743456 -0.7071067617226012 0.2705980511147485
vn -0.5000000042785677 -0.7071067751357388 0.5000000042785677
vn -0.2705980511147485 -0.7071067617226012 0.6532815030743456
vn -4.329780375814312e-17 -0.7071067811865476 0.7071067811865476
vn 0.2705980511147485 -0.7071067617226012 0.6532815030743456
vn 0.5000000042785677 -0.7071067751357388 0.5000000042785677
vn 0.6532815030743456 -0.7071067617226012 0.2705980511147485
vn 0.7071067811865476 -0.7071067811865476 8.659560751628624e-17
vn 0.6532815030743456 -0.7071067617226012 -0.2705980511147485
vn 0.5000000042785677 -0.7071067751357388 -0.5000000042785677
vn 0.2705980511147485 -0.7071067617226012 -0.6532815030743456
vn 1.2989340465698435e-16 -0.7071067811865476 -0.7071067811865476
vn -0.2705980511147485 -0.7071067617226012 -0.6532815030743456
vn -0.5000000042785677 -0.7071067751357388 -0.5000000042785677
vn -0.6532815030743456 -0.7071067617226012 -0.2705980511147485
vn -0.7071067811865476 -0.7071067811865476 -1.7319121503257247e-16
vn -0.5000000067305869 -0.8660253998985324 0
vn -0.4619397616154296 -0.8660254060763862 0.19134171701150324
vn -0.3535533908144109 -0.8660254036038809 0.3535533908144109
vn -0.19134171701150324 -0.8660254060763862 0.4619397616154296
vn -3.06161717267588e-17 -0.8660253998985324 0.5000000067305869
vn 0.19134171701150324 -0.8660254060763862 0.4619397616154296
vn 0.3535533908144109 -0.8660254036038809 0.3535533908144109
vn 0.4619397616154296 -0.8660254060763862 0.19134171701150324
vn 0.5000000067305869 -0.8660253998985324 6.12323434535176e-17
vn 0.4619397616154296 -0.8660254060763862 -0.19134171701150324
vn 0.3535533908144109 -0.8660254036038809 -0.3535533908144109
vn 0.19134171701150324 -0.8660254060763862 -0.4619397616154296
vn 9.18485085628314e-17 -0.8660253998985324 -0.5000000067305869
vn -0.19134171701150324 -0.8660254060763862 -0.4619397616154296
vn -0.3535533908144109 -0.8660254036038809 -0.3535533908144109
vn -0.4619397616154296 -0.8660254060763862 -0.19134171701150324
vn -0.5000000067305869 -0.8660253998985324 -1.224646869070352e-16
vn -0.2588190471264927 -0.9659258257467466 0
vn -0.2391176252724176 -0.9659258244235216 0.0990457621295319
vn -0.18301271094246616 -0.9659258228595912 0.18301271094246616
vn -0.0990457621295319 -0.9659258244235216 0.2391176252724176
vn -1.5848095844680132e-17 -0.9659258257467466 0.2588190471264927
vn 0.0990457621295319 -0.9659258244235216 0.2391176252724176
vn 0.18301271094246616 -0.9659258228595912 0.18301271094246616
vn 0.2391176252724176 -0.9659258244235216 0.0990457621295319
vn 0.2588190471264927 -0.9659258257467466 3.1696191689360264e-17
vn 0.2391176252724176 -0.9659258244235216 -0.0990457621295319
vn 0.18301271094246616 -0.9659258228595912 -0.18301271094246616
vn 0.0990457621295319 -0.9659258244235216 -0.2391176252724176
vn 4.75442875340404e-17 -0.9659258257467466 -0.2588190471264927
vn -0.0990457621295319 -0.9659258244235216 -0.2391176252724176
vn -0.18301271094246616 -0.9659258228595912 -0.18301271094246616
vn -0.2391176252724176 -0.9659258244235216 -0.0990457621295319
vn -0.2588190471264927 -0.9659258257467466 -6.339238337872053e-17
vn -1.2246468525851679e-16 -1 0
vn -1.1314261121795038e-16 -1 4.6865204697224915e-17
vn -8.659560603426554e-17 -1 8.659560603426554e-17
vn -4.6865204697224915e-17 -1 1.1314261121795038e-16
vn -7.498798786105971e-33 -1 1.2246468525851679e-16
vn 4.6865204697224915e-17 -1 1.1314261121795038e-16
vn 8.659560603426554e-17 -1 8.659560603426554e-17
vn 1.1314261121795038e-16 -1 4.6865204697224915e-17
vn 1.2246468525851679e-16 -1 1.4997597572211942e-32
vn 1.1314261121795038e-16 -1 -4.6865204697224915e-17
vn 8.659560603426554e-17 -1 -8.659560603426554e-17
vn 4.6865204697224915e-17 -1 -1.1314261121795038e-16
vn 2.2496396358317913e-32 -1 -1.2246468525851679e-16
vn -4.6865204697224915e-17 -1 -1.1314261121795038e-16
vn -8.659560603426554e-17 -1 -8.659560603426554e-17
vn -1.1314261121795038e-16 -1 -4.6865204697224915e-17
vn -1.2246468525851679e-16 -1 -2.9995195144423884e-32
f 1082/1082/1082 1099/1099/1099 1100/1100/1100
f 1083/1083/1083 1100/1100/1100 1101/1101/1101
f 1084/1084/1084 1101/1101/1101 1102/1102/1102
f 1085/1085/1085 1102/1102/1102 1103/1103/1103
f 1086/1086/1086 1103/1103/1103 1104/1104/1104
f 1087/1087/1087 1104/1104/1104 1105/1105/1105
f 1088/1088/1088 1105/1105/1105 1106/1106/1106
f 1089/1089/1089 1106/1106/1106 1107/1107/1107
f 1090/1090/1090 1107/1107/1107 1108/1108/1108
f 1091/1091/1091 1108/1108/1108 1109/1109/1109
f 1092/1092/1092 1109/1109/1109 1110/1110/1110
f 1093/1093/1093 1110/1110/1110 1111/1111/1111
f 1094/1094/1094 1111/1111/1111 1112/1112/1112
f 1095/1095/1095 1112/1112/1112 1113/1113/1113
f 1096/1096/1096 1113/1113/1113 1114/1114/1114
f 1097/1097/1097 1114/1114/1114 1115/1115/1115
f 1100/1100/1100 1099/1099/1099 1117/1117/1117
f 1099/1099/1099 1116/1116/1116 1117/1117/1117
f 1101/1101/1101 1100/1100/1100 1118/1118/1118
f 1100/1100/1100 1117/1117/1117 1118/1118/1118
f 1102/1102/1102 1101/1101/1101 1119/1119/1119
f 1101/1101/1101 1118/1118/1118 1119/1119/1119
f 1103/1103/1103 1102/1102/1102 1120/1120/1120
f 1102/1102/1102 1119/1119/1119 1120/1120/1120
f 1104/1104/1104 1103/1103/1103 1121/1121/1121
f 1103/1103/1103 1120/1120/1120 1121/1121/1121
f 1105/1105/1105 1104/1104/1104 1122/1122/1122
f 1104/1104/1104 1121/1121/1121 1122/1122/1122
f 1106/1106/1106 1105/1105/1105 1123/1123/1123
f 1105/1105/1105 1122/1122/1122 1123/1123/1123
f 1107/1107/1107 1106/1106/1106 1124/1124/1124
f 1106/1106/1106 1123/1123/1123 1124/1124/1124
f 1108/1108/1108 1107/1107/1107 1125/1125/1125
f 1107/1107/1107 1124/1124/1124 1125/1125/1125
f 1109/1109/1109 1108/1108/1108 1126/1126/1126
f 1108/1108/1108 1125/1125/1125 1126/1126/1126
f 1110/1110/1110 1109/1109/1109 1127/1127/1127
f 1109/1109/1109 1126/1126/1126 1127/1127/1127
f 1111/1111/1111 1110/1110/1110 1128/1128/1128
f 1110/1110/1110 1127/1127/1127 1128/1128/1128
f 1112/1112/1112 1111/1111/1111 1129/1129/1129
f 1111/1111/1111 1128/1128/1128 1129/1129/1129
f 1113/1113/1113 1112/1112/1112 1130/1130/1130
f 1112/1112/1112 1129/1129/1129 1130/1130/1130
f 1114/1114/1114 1113/1113/1113 1131/1131/1131
f 1113/1113/1113 1130/1130/1130 1131/1131/1131
f 1115/1115/1115 1114/1114/1114 1132/1132/1132
f 1114/1114/1114 1131/1131/1131 1132/1132/1132
f 1117/1117/1117 1116/1116/1116 1134/1134/1134
f 1116/1116/1116 1133/1133/1133 1134/1134/1134
f 1118/1118/1118 1117/1117/1117 1135/1135/1135
f 1117/1117/1117 1134/1134/1134 1135/1135/1135
f 1119/1119/1119 1118/1118/1118 1136/1136/1136
f 1118/1118/1118 1135/1135/1135 1136/1136/1136
f 1120/1120/1120 1119/1119/1119 1137/1137/1137
f 1119/1119/1119 1136/1136/1136 1137/1137/1137
f 1121/1121/1121 1120/1120/1120 1138/1138/1138
f 1120/1120/1120 1137/1137/1137 1138/1138/1138
f 1122/1122/1122 1121/1121/1121 1139/1139/1139
f 1121/1121/1121 1138/1138/1138 1139/1139/1139
f 1123/1123/1123 1122/1122/1122 1140/1140/1140
f 1122/1122/1122 1139/1139/1139 1140/1140/1140
f 1124/1124/1124 1123/1123/1123 1141/1141/1141
f 1123/1123/1123 1140/1140/1140 1141/1141/1141
f 1125/1125/1125 1124/1124/1124 1142/1142/1142
f 1124/1124/1124 1141/1141/1141 1142/1142/1142
f 1126/1126/1126 1125/1125/1125 1143/1143/1143
f 1125/1125/1125 1142/1142/1142 1143/1143/1143
f 1127/1127/1127 1126/1126/1126 1144/1144/1144
f 1126/1126/1126 1143/1143/1143 1144/1144/1144
f 1128/1128/1128 1127/1127/1127 1145/1145/1145
f 1127/1127/1127 1144/1144/1144 1145/1145/1145
f 1129/1129/1129 1128/1128/1128 1146/1146/1146
f 1128/1128/1128 1145/1145/1145 1146/1146/1146
f 1130/1130/1130 1129/1129/1129 1147/1147/1147
f 1129/1129/1129 1146/1146/1146 1147/1147/1147
f 1131/1131/1131 1130/1130/1130 1148/1148/1148
f 1130/1130/1130 1147/1147/1147 1148/1148/1148
f 1132/1132/1132 1131/1131/1131 1149/1149/1149
f 1131/1131/1131 1148/1148/1148 1149/1149/1149
f 1134/1134/1134 1133/1133/1133 1151/1151/1151
f 1133/1133/1133 1150/1150/1150 1151/1151/1151
f 1135/1135/1135 1134/1134/1134 1152/1152/1152
f 1134/1134/1134 1151/1151/1151 1152/1152/1152
f 1136/1136/1136 1135/1135/1135 1153/1153/1153
f 1135/1135/1135 1152/1152/1152 1153/1153/1153
f 1137/1137/1137 1136/1136/1136 1154/1154/1154
f 1136/1136/1136 1153/1153/1153 1154/1154/1154
f 1138/1138/1138 1137/1137/1137 1155/1155/1155
f 1137/1137/1137 1154/1154/1154 1155/1155/1155
f 1139/1139/1139 1138/1138/1138 1156/1156/1156
f 1138/1138/1138 1155/1155/1155 1156/1156/1156
f 1140/1140/1140 1139/1139/1139 1157/1157/1157
f 1139/1139/1139 1156/1156/1156 1157/1157/1157
f 1141/1141/1141 1140/1140/1140 1158/1158/1158
f 1140/1140/1140 1157/1157/1157 1158/1158/1158
f 1142/1142/1142 1141/1141/1141 1159/1159/1159
f 1141/1141/1141 1158/1158/1158 1159/1159/1159
f 1143/1143/1143 1142/1142/1142 1160/1160/1160
f 1142/1142/1142 1159/1159/1159 1160/1160/1160
f 1144/1144/1144 1143/1143/1143 1161/1161/1161
f 1143/1143/1143 1160/1160/1160 1161/1161/1161
f 1145/1145/1145 1144/1144/1144 1162/1162/1162
f 1144/1144/1144 1161/1161/1161 1162/1162/1162
f 1146/1146/1146 1145/1145/1145 1163/1163/1163
f 1145/1145/1145 1162/1162/1162 1163/1163/1163
f 1147/1147/1147 1146/1146/1146 1164/1164/1164
f 1146/1146/1146 1163/1163/1163 1164/1164/1164
f 1148/1148/1148 1147/1147/1147 1165/1165/1165
f 1147/1147/1147 1164/1164/1164 1165/1165/1165
f 1149/1149/1149 1148/1148/1148 1166/1166/1166
f 1148/1148/1148 1165/1165/1165 1166/1166/1166
f 1151/1151/1151 1150/1150/1150 1168/1168/1168
f 1150/1150/1150 1167/1167/1167 1168/1168/1168
f 1152/1152/1152 1151/1151/1151 1169/1169/1169
f 1151/1151/1151 1168/1168/1168 1169/1169/1169
f 1153/1153/1153 1152/1152/1152 1170/1170/1170
f 1152/1152/1152 1169/1169/1169 1170/1170/1170
f 1154/1154/1154 1153/1153/1153 1171/1171/1171
f 1153/1153/1153 1170/1170/1170 1171/1171/1171
f 1155/1155/1155 1154/1154/1154 1172/1172/1172
f 1154/1154/1154 1171/1171/1171 1172/1172/1172
f 1156/1156/1156 1155/1155/1155 1173/1173/1173
f 1155/1155/1155 1172/1172/1172 1173/1173/1173
f 1157/1157/1157 1156/1156/1156 1174/1174/1174
f 1156/1156/1156 1173/1173/1173 1174/1174/1174
f 1158/1158/1158 1157/1157/1157 1175/1175/1175
f 1157/1157/1157 1174/1174/1174 1175/1175/1175
f 1159/1159/1159 1158/1158/1158 1176/1176/1176
f 1158/1158/1158 1175/1175/1175 1176/1176/1176
f 1160/1160/1160 1159/1159/1159 1177/1177/1177
f 1159/1159/1159 1176/1176/1176 1177/1177/1177
f 1161/1161/1161 1160/1160/1160 1178/1178/1178
f 1160/1160/1160 1177/1177/1177 1178/1178/1178
f 1162/1162/1162 1161/1161/1161 1179/1179/1179
f 1161/1161/1161 1178/1178/1178 1179/1179/1179
f 1163/1163/1163 1162/1162/1162 1180/1180/1180
f 1162/1162/1162 1179/1179/1179 1180/1180/1180
f 1164/1164/1164 1163/1163/1163 1181/1181/1181
f 1163/1163/1163 1180/1180/1180 1181/1181/1181
f 1165/1165/1165 1164/1164/1164 1182/1182/1182
f 1164/1164/1164 1181/1181/1181 1182/1182/1182
f 1166/1166/1166 1165/1165/1165 1183/1183/1183
f 1165/1165/1165 1182/1182/1182 1183/1183/1183
f 1168/1168/1168 1167/1167/1167 1185/1185/1185
f 1167/1167/1167 1184/1184/1184 1185/1185/1185
f 1169/1169/1169 1168/1168/1168 1186/1186/1186
f 1168/1168/1168 1185/1185/1185 1186/1186/1186
f 1170/1170/1170 1169/1169/1169 1187/1187/1187
f 1169/1169/1169 1186/1186/1186 1187/1187/1187
f 1171/1171/1171 1170/1170/1170 1188/1188/1188
f 1170/1170/1170 1187/1187/1187 1188/1188/1188
f 1172/1172/1172 1171/1171/1171 1189/1189/1189
f 1171/1171/1171 1188/1188/1188 1189/1189/1189
f 1173/1173/1173 1172/1172/1172 1190/1190/1190
f 1172/1172/1172 1189/1189/1189 1190/1190/1190
f 1174/1174/1174 1173/1173/1173 1191/1191/1191
f 1173/1173/1173 1190/1190/1190 1191/1191/1191
f 1175/1175/1175 1174/1174/1174 1192/1192/1192
f 1174/1174/1174 1191/1191/1191 1192/1192/1192
f 1176/1176/1176 1175/1175/1175 1193/1193/1193
f 1175/1175/1175 1192/1192/1192 1193/1193/1193
f 1177/1177/1177 1176/1176/1176 1194/1194/1194
f 1176/1176/1176 1193/1193/1193 1194/1194/1194
f 1178/1178/1178 1177/1177/1177 1195/1195/1195
f 1177/1177/1177 1194/1194/1194 1195/1195/1195
f 1179/1179/1179 1178/1178/1178 1196/1196/1196
f 1178/1178/1178 1195/1195/1195 1196/1196/1196
f 1180/1180/1180 1179/1179/1179 1197/1197/1197
f 1179/1179/1179 1196/1196/1196 1197/1197/1197
f 1181/1181/1181 1180/1180/1180 1198/1198/1198
f 1180/1180/1180 1197/1197/1197 1198/1198/1198
f 1182/1182/1182 1181/1181/1181 1199/1199/1199
f 1181/1181/1181 1198/1198/1198 1199/1199/1199
f 1183/1183/1183 1182/1182/1182 1200/1200/1200
f 1182/1182/1182 1199/1199/1199 1200/1200/1200
f 1185/1185/1185 1184/1184/1184 1202/1202/1202
f 1184/1184/1184 1201/1201/1201 1202/1202/1202
f 1186/1186/1186 1185/1185/1185 1203/1203/1203
f 1185/1185/1185 1202/1202/1202 1203/1203/1203
f 1187/1187/1187 1186/1186/1186 1204/1204/1204
f 1186/1186/1186 1203/1203/1203 1204/1204/1204
f 1188/1188/1188 1187/1187/1187 1205/1205/1205
f 1187/1187/1187 1204/1204/1204 1205/1205/1205
f 1189/1189/1189 1188/1188/1188 1206/1206/1206
f 1188/1188/1188 1205/1205/1205 1206/1206/1206
f 1190/1190/1190 1189/1189/1189 1207/1207/1207
f 1189/1189/1189 1206/1206/1206 1207/1207/1207
f 1191/1191/1191 1190/1190/1190 1208/1208/1208
f 1190/1190/1190 1207/1207/1207 1208/1208/1208
f 1192/1192/1192 1191/1191/1191 1209/1209/1209
f 1191/1191/1191 1208/1208/1208 1209/1209/1209
f 1193/1193/1193 1192/1192/1192 1210/1210/1210
f 1192/1192/1192 1209/1209/1209 1210/1210/1210
f 1194/1194/1194 1193/1193/1193 1211/1211/1211
f 1193/1193/1193 1210/1210/1210 1211/1211/1211
f 1195/1195/1195 1194/1194/1194 1212/1212/1212
f 1194/1194/1194 1211/1211/1211 1212/1212/1212
f 1196/1196/1196 1195/1195/1195 1213/1213/1213
f 1195/1195/1195 1212/1212/1212 1213/1213/1213
f 1197/1197/1197 1196/1196/1196 1214/1214/1214
f 1196/1196/1196 1213/1213/1213 1214/1214/1214
f 1198/1198/1198 1197/1197/1197 1215/1215/1215
f 1197/1197/1197 1214/1214/1214 1215/1215/1215
f 1199/1199/1199 1198/1198/1198 1216/1216/1216
f 1198/1198/1198 1215/1215/1215 1216/1216/1216
f 1200/1200/1200 1199/1199/1199 1217/1217/1217
f 1199/1199/1199 1216/1216/1216 1217/1217/1217
f 1202/1202/1202 1201/1201/1201 1219/1219/1219
f 1201/1201/1201 1218/1218/1218 1219/1219/1219
f 1203/1203/1203 1202/1202/1202 1220/1220/1220
f 1202/1202/1202 1219/1219/1219 1220/1220/1220
f 1204/1204/1204 1203/1203/1203 1221/1221/1221
f 1203/1203/1203 1220/1220/1220 1221/1221/1221
f 1205/1205/1205 1204/1204/1204 1222/1222/1222
f 1204/1204/1204 1221/1221/1221 1222/1222/1222
f 1206/1206/1206 1205/1205/1205 1223/1223/1223
f 1205/1205/1205 1222/1222/1222 1223/1223/1223
f 1207/1207/1207 1206/1206/1206 1224/1224/1224
f 1206/1206/1206 1223/1223/1223 1224/1224/1224
f 1208/1208/1208 1207/1207/1207 1225/1225/1225
f 1207/1207/1207 1224/1224/1224 1225/1225/1225
f 1209/1209/1209 1208/1208/1208 1226/1226/1226
f 1208/1208/1208 1225/1225/1225 1226/1226/1226
f 1210/1210/1210 1209/1209/1209 1227/1227/1227
f 1209/1209/1209 1226/1226/1226 1227/1227/1227
f 1211/1211/1211 1210/1210/1210 1228/1228/1228
f 1210/1210/1210 1227/1227/1227 1228/1228/1228
f 1212/1212/1212 1211/1211/1211 1229/1229/1229
f 1211/1211/1211 1228/1228/1228 1229/1229/1229
f 1213/1213/1213 1212/1212/1212 1230/1230/1230
f 1212/1212/1212 1229/1229/1229 1230/1230/1230
f 1214/1214/1214 1213/1213/1213 1231/1231/1231
f 1213/1213/1213 1230/1230/1230 1231/1231/1231
f 1215/1215/1215 1214/1214/1214 1232/1232/1232
f 1214/1214/1214 1231/1231/1231 1232/1232/1232
f 1216/1216/1216 1215/1215/1215 1233/1233/1233
f 1215/1215/1215 1232/1232/1232 1233/1233/1233
f 1217/1217/1217 1216/1216/1216 1234/1234/1234
f 1216/1216/1216 1233/1233/1233 1234/1234/1234
f 1219/1219/1219 1218/1218/1218 1236/1236/1236
f 1218/1218/1218 1235/1235/1235 1236/1236/1236
f 1220/1220/1220 1219/1219/1219 1237/1237/1237
f 1219/1219/1219 1236/1236/1236 1237/1237/1237
f 1221/1221/1221 1220/1220/1220 1238/1238/1238
f 1220/1220/1220 1237/1237/1237 1238/1238/1238
f 1222/1222/1222 1221/1221/1221 1239/1239/1239
f 1221/1221/1221 1238/1238/1238 1239/1239/1239
f 1223/1223/1223 1222/1222/1222 1240/1240/1240
f 1222/1222/1222 1239/1239/1239 1240/1240/1240
f 1224/1224/1224 1223/1223/1223 1241/1241/1241
f 1223/1223/1223 1240/1240/1240 1241/1241/1241
f 1225/1225/1225 1224/1224/1224 1242/1242/1242
f 1224/1224/1224 1241/1241/1241 1242/1242/1242
f 1226/1226/1226 1225/1225/1225 1243/1243/1243
f 1225/1225/1225 1242/1242/1242 1243/1243/1243
f 1227/1227/1227 1226/1226/1226 1244/1244/1244
f 1226/1226/1226 1243/1243/1243 1244/1244/1244
f 1228/1228/1228 1227/1227/1227 1245/1245/1245
f 1227/1227/1227 1244/1244/1244 1245/1245/1245
f 1229/1229/1229 1228/1228/1228 1246/1246/1246
f 1228/1228/1228 1245/1245/1245 1246/1246/1246
f 1230/1230/1230 1229/1229/1229 1247/1247/1247
f 1229/1229/1229 1246/1246/1246 1247/1247/1247
f 1231/1231/1231 1230/1230/1230 1248/1248/1248
f 1230/1230/1230 1247/1247/1247 1248/1248/1248
f 1232/1232/1232 1231/1231/1231 1249/1249/1249
f 1231/1231/1231 1248/1248/1248 1249/1249/1249
f 1233/1233/1233 1232/1232/1232 1250/1250/1250
f 1232/1232/1232 1249/1249/1249 1250/1250/1250
f 1234/1234/1234 1233/1233/1233 1251/1251/1251
f 1233/1233/1233 1250/1250/1250 1251/1251/1251
f 1236/1236/1236 1235/1235/1235 1253/1253/1253
f 1235/1235/1235 1252/1252/1252 1253/1253/1253
f 1237/1237/1237 1236/1236/1236 1254/1254/1254
f 1236/1236/1236 1253/1253/1253 1254/1254/1254
f 1238/1238/1238 1237/1237/1237 1255/1255/1255
f 1237/1237/1237 1254/1254/1254 1255/1255/1255
f 1239/1239/1239 1238/1238/1238 1256/1256/1256
f 1238/1238/1238 1255/1255/1255 1256/1256/1256
f 1240/1240/1240 1239/1239/1239 1257/1257/1257
f 1239/1239/1239 1256/1256/1256 1257/1257/1257
f 1241/1241/1241 1240/1240/1240 1258/1258/1258
f 1240/1240/1240 1257/1257/1257 1258/1258/1258
f 1242/1242/1242 1241/1241/1241 1259/1259/1259
f 1241/1241/1241 1258/1258/1258 1259/1259/1259
f 1243/1243/1243 1242/1242/1242 1260/1260/1260
f 1242/1242/1242 1259/1259/1259 1260/1260/1260
f 1244/1244/1244 1243/1243/1243 1261/1261/1261
f 1243/1243/1243 1260/1260/1260 1261/1261/1261
f 1245/1245/1245 1244/1244/1244 1262/1262/1262
f 1244/1244/1244 1261/1261/1261 1262/1262/1262
f 1246/1246/1246 1245/1245/1245 1263/1263/1263
f 1245/1245/1245 1262/1262/1262 1263/1263/1263
f 1247/1247/1247 1246/1246/1246 1264/1264/1264
f 1246/1246/1246 1263/1263/1263 1264/1264/1264
f 1248/1248/1248 1247/1247/1247 1265/1265/1265
f 1247/1247/1247 1264/1264/1264 1265/1265/1265
f 1249/1249/1249 1248/1248/1248 1266/1266/1266
f 1248/1248/1248 1265/1265/1265 1266/1266/1266
f 1250/1250/1250 1249/1249/1249 1267/1267/1267
f 1249/1249/1249 1266/1266/1266 1267/1267/1267
f 1251/1251/1251 1250/1250/1250 1268/1268/1268
f 1250/1250/1250 1267/1267/1267 1268/1268/1268
f 1253/1253/1253 1252/1252/1252 1270/1270/1270
f 1252/1252/1252 1269/1269/1269 1270/1270/1270
f 1254/1254/1254 1253/1253/1253 1271/1271/1271
f 1253/1253/1253 1270/1270/1270 1271/1271/1271
f 1255/1255/1255 1254/1254/1254 1272/1272/1272
f 1254/1254/1254 1271/1271/1271 1272/1272/1272
f 1256/1256/1256 1255/1255/1255 1273/1273/1273
f 1255/1255/1255 1272/1272/1272 1273/1273/1273
f 1257/1257/1257 1256/1256/1256 1274/1274/1274
f 1256/1256/1256 1273/1273/1273 1274/1274/1274
f 1258/1258/1258 1257/1257/1257 1275/1275/1275
f 1257/1257/1257 1274/1274/1274 1275/1275/1275
f 1259/1259/1259 1258/1258/1258 1276/1276/1276
f 1258/1258/1258 1275/1275/1275 1276/1276/1276
f 1260/1260/1260 1259/1259/1259 1277/1277/1277
f 1259/1259/1259 1276/1276/1276 1277/1277/1277
f 1261/1261/1261 1260/1260/1260 1278/1278/1278
f 1260/1260/1260 1277/1277/1277 1278/1278/1278
f 1262/1262/1262 1261/1261/1261 1279/1279/1279
f 1261/1261/1261 1278/1278/1278 1279/1279/1279
f 1263/1263/1263 1262/1262/1262 1280/1280/1280
f 1262/1262/1262 1279/1279/1279 1280/1280/1280
f 1264/1264/1264 1263/1263/1263 1281/1281/1281
f 1263/1263/1263 1280/1280/1280 1281/1281/1281
f 1265/1265/1265 1264/1264/1264 1282/1282/1282
f 1264/1264/1264 1281/1281/1281 1282/1282/1282
f 1266/1266/1266 1265/1265/1265 1283/1283/1283
f 1265/1265/1265 1282/1282/1282 1283/1283/1283
f 1267/1267/1267 1266/1266/1266 1284/1284/1284
f 1266/1266/1266 1283/1283/1283 1284/1284/1284
f 1268/1268/1268 1267/1267/1267 1285/1285/1285
f 1267/1267/1267 1284/1284/1284 1285/1285/1285
f 1270/1270/1270 1269/1269/1269 1287/1287/1287
f 1271/1271/1271 1270/1270/1270 1288/1288/1288
f 1272/1272/1272 1271/1271/1271 1289/1289/1289
f 1273/1273/1273 1272/1272/1272 1290/1290/1290
f 1274/1274/1274 1273/1273/1273 1291/1291/1291
f 1275/1275/1275 1274/1274/1274 1292/1292/1292
f 1276/1276/1276 1275/1275/1275 1293/1293/1293
f 1277/1277/1277 1276/1276/1276 1294/1294/1294
f 1278/1278/1278 1277/1277/1277 1295/1295/1295
f 1279/1279/1279 1278/1278/1278 1296/1296/1296
f 1280/1280/1280 1279/1279/1279 1297/1297/1297
f 1281/1281/1281 1280/1280/1280 1298/1298/1298
f 1282/1282/1282 1281/1281/1281 1299/1299/1299
f 1283/1283/1283 1282/1282/1282 1300/1300/1300
f 1284/1284/1284 1283/1283/1283 1301/1301/1301
f 1285/1285/1285 1284/1284/1284 1302/1302/1302
f 1303/1303/1303 1320/1320/1320 1321/1321/1321
f 1304/1304/1304 1321/1321/1321 1322/1322/1322
f 1305/1305/1305 1322/1322/1322 1323/1323/1323
f 1306/1306/1306 1323/1323/1323 1324/1324/1324
f 1307/1307/1307 1324/1324/1324 1325/1325/1325
f 1308/1308/1308 1325/1325/1325 1326/1326/1326
f 1309/1309/1309 1326/1326/1326 1327/1327/1327
f 1310/1310/1310 1327/1327/1327 1328/1328/1328
f 1311/1311/1311 1328/1328/1328 1329/1329/1329
f 1312/1312/1312 1329/1329/1329 1330/1330/1330
f 1313/1313/1313 1330/1330/1330 1331/1331/1331
f 1314/1314/1314 1331/1331/1331 1332/1332/1332
f 1315/1315/1315 1332/1332/1332 1333/1333/1333
f 1316/1316/1316 1333/1333/1333 1334/1334/1334
f 1317/1317/1317 1334/1334/1334 1335/1335/1335
f 1318/1318/1318 1335/1335/1335 1336/1336/1336
f 1321/1321/1321 1320/1320/1320 1338/1338/1338
f 1320/1320/1320 1337/1337/1337 1338/1338/1338
f 1322/1322/1322 1321/1321/1321 1339/1339/1339
f 1321/1321/1321 1338/1338/1338 1339/1339/1339
f 1323/1323/1323 1322/1322/1322 1340/1340/1340
f 1322/1322/1322 1339/1339/1339 1340/1340/1340
f 1324/1324/1324 1323/1323/1323 1341/1341/1341
f 1323/1323/1323 1340/1340/1340 1341/1341/1341
f 1325/1325/1325 1324/1324/1324 1342/1342/1342
f 1324/1324/1324 1341/1341/1341 1342/1342/1342
f 1326/1326/1326 1325/1325/1325 1343/1343/1343
f 1325/1325/1325 1342/1342/1342 1343/1343/1343
f 1327/1327/1327 1326/1326/1326 1344/1344/1344
f 1326/1326/1326 1343/1343/1343 1344/1344/1344
f 1328/1328/1328 1327/1327/1327 1345/1345/1345
f 1327/1327/1327 1344/1344/1344 1345/1345/1345
f 1329/1329/1329 1328/1328/1328 1346/1346/1346
f 1328/1328/1328 1345/1345/1345 1346/1346/1346
f 1330/1330/1330 1329/1329/1329 1347/1347/1347
f 1329/1329/1329 1346/1346/1346 1347/1347/1347
f 1331/1331/1331 1330/1330/1330 1348/1348/1348
f 1330/1330/1330 1347/1347/1347 1348/1348/1348
f 1332/1332/1332 1331/1331/1331 1349/1349/1349
f 1331/1331/1331 1348/1348/1348 1349/1349/1349
f 1333/1333/1333 1332/1332/1332 1350/1350/1350
f 1332/1332/1332 1349/1349/1349 1350/1350/1350
f 1334/1334/1334 1333/1333/1333 1351/1351/1351
f 1333/1333/1333 1350/1350/1350 1351/1351/1351
f 1335/1335/1335 1334/1334/1334 1352/1352/1352
f 1334/1334/1334 1351/1351/1351 1352/1352/1352
f 1336/1336/1336 1335/1335/1335 1353/1353/1353
f 1335/1335/1335 1352/1352/1352 1353/1353/1353
f 1338/1338/1338 1337/1337/1337 1355/1355/1355
f 1337/1337/1337 1354/1354/1354 1355/1355/1355
f 1339/1339/1339 1338/1338/1338 1356/1356/1356
f 1338/1338/1338 1355/1355/1355 1356/1356/1356
f 1340/1340/1340 1339/1339/1339 1357/1357/1357
f 1339/1339/1339 1356/1356/1356 1357/1357/1357
f 1341/1341/1341 1340/1340/1340 1358/1358/1358
f 1340/1340/1340 1357/1357/1357 1358/1358/1358
f 1342/1342/1342 1341/1341/1341 1359/1359/1359
f 1341/1341/1341 1358/1358/1358 1359/1359/1359
f 1343/1343/1343 1342/1342/1342 1360/1360/1360
f 1342/1342/1342 1359/1359/1359 1360/1360/1360
f 1344/1344/1344 1343/1343/1343 1361/1361/1361
f 1343/1343/1343 1360/1360/1360 1361/1361/1361
f 1345/1345/1345 1344/1344/1344 1362/1362/1362
f 1344/1344/1344 1361/1361/1361 1362/1362/1362
f 1346/1346/1346 1345/1345/1345 1363/1363/1363
f 1345/1345/1345 1362/1362/1362 1363/1363/1363
f 1347/1347/1347 1346/1346/1346 1364/1364/1364
f 1346/1346/1346 1363/1363/1363 1364/1364/1364
f 1348/1348/1348 1347/1347/1347 1365/1365/1365
f 1347/1347/1347 1364/1364/1364 1365/1365/1365
f 1349/1349/1349 1348/1348/1348 1366/1366/1366
f 1348/1348/1348 1365/1365/1365 1366/1366/1366
f 1350/1350/1350 1349/1349/1349 1367/1367/1367
f 1349/1349/1349 1366/1366/1366 1367/1367/1367
f 1351/1351/1351 1350/1350/1350 1368/1368/1368
f 1350/1350/1350 1367/1367/1367 1368/1368/1368
f 1352/1352/1352 1351/1351/1351 1369/1369/1369
f 1351/1351/1351 1368/1368/1368 1369/1369/1369
f 1353/1353/1353 1352/1352/1352 1370/1370/1370
f 1352/1352/1352 1369/1369/1369 1370/1370/1370
f 1355/1355/1355 1354/1354/1354 1372/1372/1372
f 1354/1354/1354 1371/1371/1371 1372/1372/1372
f 1356/1356/1356 1355/1355/1355 1373/1373/1373
f 1355/1355/1355 1372/1372/1372 1373/1373/1373
f 1357/1357/1357 1356/1356/1356 1374/1374/1374
f 1356/1356/1356 1373/1373/1373 1374/1374/1374
f 1358/1358/1358 1357/1357/1357 1375/1375/1375
f 1357/1357/1357 1374/1374/1374 1375/1375/1375
f 1359/1359/1359 1358/1358/1358 1376/1376/1376
f 1358/1358/1358 1375/1375/1375 1376/1376/1376
f 1360/1360/1360 1359/1359/1359 1377/1377/1377
f 1359/1359/1359 1376/1376/1376 1377/1377/1377
f 1361/1361/1361 1360/1360/1360 1378/1378/1378
f 1360/1360/1360 1377/1377/1377 1378/1378/1378
f 1362/1362/1362 1361/1361/1361 1379/1379/1379
f 1361/1361/1361 1378/1378/1378 1379/1379/1379
f 1363/1363/1363 1362/1362/1362 1380/1380/1380
f 1362/1362/1362 1379/1379/1379 1380/1380/1380
f 1364/1364/1364 1363/1363/1363 1381/1381/1381
f 1363/1363/1363 1380/1380/1380 1381/1381/1381
f 1365/1365/1365 1364/1364/1364 1382/1382/1382
f 1364/1364/1364 1381/1381/1381 1382/1382/1382
f 1366/1366/1366 1365/1365/1365 1383/1383/1383
f 1365/1365/1365 1382/1382/1382 1383/1383/1383
f 1367/1367/1367 1366/1366/1366 1384/1384/1384
f 1366/1366/1366 1383/1383/1383 1384/1384/1384
f 1368/1368/1368 1367/1367/1367 1385/1385/1385
f 1367/1367/1367 1384/1384/1384 1385/1385/1385
f 1369/1369/1369 1368/1368/1368 1386/1386/1386
f 1368/1368/1368 1385/1385/1385 1386/1386/1386
f 1370/1370/1370 1369/1369/1369 1387/1387/1387
f 1369/1369/1369 1386/1386/1386 1387/1387/1387
f 1372/1372/1372 1371/1371/1371 1389/1389/1389
f 1371/1371/1371 1388/1388/1388 1389/1389/1389
f 1373/1373/1373 1372/1372/1372 1390/1390/1390
f 1372/1372/1372 1389/1389/1389 1390/1390/1390
f 1374/1374/1374 1373/1373/1373 1391/1391/1391
f 1373/1373/1373 1390/1390/1390 1391/1391/1391
f 1375/1375/1375 1374/1374/1374 1392/1392/1392
f 1374/1374/1374 1391/1391/1391 1392/1392/1392
f 1376/1376/1376 1375/1375/1375 1393/1393/1393
f 1375/1375/1375 1392/1392/1392 1393/1393/1393
f 1377/1377/1377 1376/1376/1376 1394/1394/1394
f 1376/1376/1376 1393/1393/1393 1394/1394/1394
f 1378/1378/1378 1377/1377/1377 1395/1395/1395
f 1377/1377/1377 1394/1394/1394 1395/1395/1395
f 1379/1379/1379 1378/1378/1378 1396/1396/1396
f 1378/1378/1378 1395/1395/1395 1396/1396/1396
f 1380/1380/1380 1379/1379/1379 1397/1397/1397
f 1379/1379/1379 1396/1396/1396 1397/1397/1397
f 1381/1381/1381 1380/1380/1380 1398/1398/1398
f 1380/1380/1380 1397/1397/1397 1398/1398/1398
f 1382/1382/1382 1381/1381/1381 1399/1399/1399
f 1381/1381/1381 1398/1398/1398 1399/1399/1399
f 1383/1383/1383 1382/1382/1382 1400/1400/1400
f 1382/1382/1382 1399/1399/1399 1400/1400/1400
f 1384/1384/1384 1383/1383/1383 1401/1401/1401
f 1383/1383/1383 1400/1400/1400 1401/1401/1401
f 1385/1385/1385 1384/1384/1384 1402/1402/1402
f 1384/1384/1384 1401/1401/1401 1402/1402/1402
f 1386/1386/1386 1385/1385/1385 1403/1403/1403
f 1385/1385/1385 1402/1402/1402 1403/1403/1403
f 1387/1387/1387 1386/1386/1386 1404/1404/1404
f 1386/1386/1386 1403/1403/1403 1404/1404/1404
f 1389/1389/1389 1388/1388/1388 1406/1406/1406
f 1388/1388/1388 1405/1405/1405 1406/1406/1406
f 1390/1390/1390 1389/1389/1389 1407/1407/1407
f 1389/1389/1389 1406/1406/1406 1407/1407/1407
f 1391/1391/1391 1390/1390/1390 1408/1408/1408
f 1390/1390/1390 1407/1407/1407 1408/1408/1408
f 1392/1392/1392 1391/1391/1391 1409/1409/1409
f 1391/1391/1391 1408/1408/1408 1409/1409/1409
f 1393/1393/1393 1392/1392/1392 1410/1410/1410
f 1392/1392/1392 1409/1409/1409 1410/1410/1410
f 1394/1394/1394 1393/1393/1393 1411/1411/1411
f 1393/1393/1393 1410/1410/1410 1411/1411/1411
f 1395/1395/1395 1394/1394/1394 1412/1412/1412
f 1394/1394/1394 1411/1411/1411 1412/1412/1412
f 1396/1396/1396 1395/1395/1395 1413/1413/1413
f 1395/1395/1395 1412/1412/1412 1413/1413/1413
f 1397/1397/1397 1396/1396/1396 1414/1414/1414
f 1396/1396/1396 1413/1413/1413 1414/1414/1414
f 1398/1398/1398 1397/1397/1397 1415/1415/1415
f 1397/1397/1397 1414/1414/1414 1415/1415/1415
f 1399/1399/1399 1398/1398/1398 1416/1416/1416
f 1398/1398/1398 1415/1415/1415 1416/1416/1416
f 1400/1400/1400 1399/1399/1399 1417/1417/1417
f 1399/1399/1399 1416/1416/1416 1417/1417/1417
f 1401/1401/1401 1400/1400/1400 1418/1418/1418
f 1400/1400/1400 1417/1417/1417 1418/1418/1418
f 1402/1402/1402 1401/1401/1401 1419/1419/1419
f 1401/1401/1401 1418/1418/1418 1419/1419/1419
f 1403/1403/1403 1402/1402/1402 1420/1420/1420
f 1402/1402/1402 1419/1419/1419 1420/1420/1420
f 1404/1404/1404 1403/1403/1403 1421/1421/1421
f 1403/1403/1403 1420/1420/1420 1421/1421/1421
f 1406/1406/1406 1405/1405/1405 1423/1423/1423
f 1405/1405/1405 1422/1422/1422 1423/1423/1423
f 1407/1407/1407 1406/1406/1406 1424/1424/1424
f 1406/1406/1406 1423/1423/1423 1424/1424/1424
f 1408/1408/1408 1407/1407/1407 1425/1425/1425
f 1407/1407/1407 1424/1424/1424 1425/1425/1425
f 1409/1409/1409 1408/1408/1408 1426/1426/1426
f 1408/1408/1408 1425/1425/1425 1426/1426/1426
f 1410/1410/1410 1409/1409/1409 1427/1427/1427
f 1409/1409/1409 1426/1426/1426 1427/1427/1427
f 1411/1411/1411 1410/1410/1410 1428/1428/1428
f 1410/1410/1410 1427/1427/1427 1428/1428/1428
f 1412/1412/1412 1411/1411/1411 1429/1429/1429
f 1411/1411/1411 1428/1428/1428 1429/1429/1429
f 1413/1413/1413 1412/1412/1412 1430/1430/1430
f 1412/1412/1412 1429/1429/1429 1430/1430/1430
f 1414/1414/1414 1413/1413/1413 1431/1431/1431
f 1413/1413/1413 1430/1430/1430 1431/1431/1431
f 1415/1415/1415 1414/1414/1414 1432/1432/1432
f 1414/1414/1414 1431/1431/1431 1432/1432/1432
f 1416/1416/1416 1415/1415/1415 1433/1433/1433
f 1415/1415/1415 1432/1432/1432 1433/1433/1433
f 1417/1417/1417 1416/1416/1416 1434/1434/1434
f 1416/1416/1416 1433/1433/1433 1434/1434/1434
f 1418/1418/1418 1417/1417/1417 1435/1435/1435
f 1417/1417/1417 1434/1434/1434 1435/1435/1435
f 1419/1419/1419 1418/1418/1418 1436/1436/1436
f 1418/1418/1418 1435/1435/1435 1436/1436/1436
f 1420/1420/1420 1419/1419/1419 1437/1437/1437
f 1419/1419/1419 1436/1436/1436 1437/1437/1437
f 1421/1421/1421 1420/1420/1420 1438/1438/1438
f 1420/1420/1420 1437/1437/1437 1438/1438/1438
f 1423/1423/1423 1422/1422/1422 1440/1440/1440
f 1422/1422/1422 1439/1439/1439 1440/1440/1440
f 1424/1424/1424 1423/1423/1423 1441/1441/1441
f 1423/1423/1423 1440/1440/1440 1441/1441/1441
f 1425/1425/1425 1424/1424/1424 1442/1442/1442
f 1424/1424/1424 1441/1441/1441 1442/1442/1442
f 1426/1426/1426 1425/1425/1425 1443/1443/1443
f 1425/1425/1425 1442/1442/1442 1443/1443/1443
f 1427/1427/1427 1426/1426/1426 1444/1444/1444
f 1426/1426/1426 1443/1443/1443 1444/1444/1444
f 1428/1428/1428 1427/1427/1427 1445/1445/1445
f 1427/1427/1427 1444/1444/1444 1445/1445/1445
f 1429/1429/1429 1428/1428/1428 1446/1446/1446
f 1428/1428/1428 1445/1445/1445 1446/1446/1446
f 1430/1430/1430 1429/1429/1429 1447/1447/1447
f 1429/1429/1429 1446/1446/1446 1447/1447/1447
f 1431/1431/1431 1430/1430/1430 1448/1448/1448
f 1430/1430/1430 1447/1447/1447 1448/1448/1448
f 1432/1432/1432 1431/1431/1431 1449/1449/1449
f 1431/1431/1431 1448/1448/1448 1449/1449/1449
f 1433/1433/1433 1432/1432/1432 1450/1450/1450
f 1432/1432/1432 1449/1449/1449 1450/1450/1450
f 1434/1434/1434 1433/1433/1433 1451/1451/1451
f 1433/1433/1433 1450/1450/1450 1451/1451/1451
f 1435/1435/1435 1434/1434/1434 1452/1452/1452
f 1434/1434/1434 1451/1451/1451 1452/1452/1452
f 1436/1436/1436 1435/1435/1435 1453/1453/1453
f 1435/1435/1435 1452/1452/1452 1453/1453/1453
f 1437/1437/1437 1436/1436/1436 1454/1454/1454
f 1436/1436/1436 1453/1453/1453 1454/1454/1454
f 1438/1438/1438 1437/1437/1437 1455/1455/1455
f 1437/1437/1437 1454/1454/1454 1455/1455/1455
f 1440/1440/1440 1439/1439/1439 1457/1457/1457
f 1439/1439/1439 1456/1456/1456 1457/1457/1457
f 1441/1441/1441 1440/1440/1440 1458/1458/1458
f 1440/1440/1440 1457/1457/1457 1458/1458/1458
f 1442/1442/1442 1441/1441/1441 1459/1459/1459
f 1441/1441/1441 1458/1458/1458 1459/1459/1459
f 1443/1443/1443 1442/1442/1442 1460/1460/1460
f 1442/1442/1442 1459/1459/1459 1460/1460/1460
f 1444/1444/1444 1443/1443/1443 1461/1461/1461
f 1443/1443/1443 1460/1460/1460 1461/1461/1461
f 1445/1445/1445 1444/1444/1444 1462/1462/1462
f 1444/1444/1444 1461/1461/1461 1462/1462/1462
f 1446/1446/1446 1445/1445/1445 1463/1463/1463
f 1445/1445/1445 1462/1462/1462 1463/1463/1463
f 1447/1447/1447 1446/1446/1446 1464/1464/1464
f 1446/1446/1446 1463/1463/1463 1464/1464/1464
f 1448/1448/1448 1447/1447/1447 1465/1465/1465
f 1447/1447/1447 1464/1464/1464 1465/1465/1465
f 1449/1449/1449 1448/1448/1448 1466/1466/1466
f 1448/1448/1448 1465/1465/1465 1466/1466/1466
f 1450/1450/1450 1449/1449/1449 1467/1467/1467
f 1449/1449/1449 1466/1466/1466 1467/1467/1467
f 1451/1451/1451 1450/1450/1450 1468/1468/1468
f 1450/1450/1450 1467/1467/1467 1468/1468/1468
f 1452/1452/1452 1451/1451/1451 1469/1469/1469
f 1451/1451/1451 1468/1468/1468 1469/1469/1469
f 1453/1453/1453 1452/1452/1452 1470/1470/1470
f 1452/1452/1452 1469/1469/1469 1470/1470/1470
f 1454/1454/1454 1453/1453/1453 1471/1471/1471
f 1453/1453/1453 1470/1470/1470 1471/1471/1471
f 1455/1455/1455 1454/1454/1454 1472/1472/1472
f 1454/1454/1454 1471/1471/1471 1472/1472/1472
f 1457/1457/1457 1456/1456/1456 1474/1474/1474
f 1456/1456/1456 1473/1473/1473 1474/1474/1474
f 1458/1458/1458 1457/1457/1457 1475/1475/1475
f 1457/1457/1457 1474/1474/1474 1475/1475/1475
f 1459/1459/1459 1458/1458/1458 1476/1476/1476
f 1458/1458/1458 1475/1475/1475 1476/1476/1476
f 1460/1460/1460 1459/1459/1459 1477/1477/1477
f 1459/1459/1459 1476/1476/1476 1477/1477/1477
f 1461/1461/1461 1460/1460/1460 1478/1478/1478
f 1460/1460/1460 1477/1477/1477 1478/1478/1478
f 1462/1462/1462 1461/1461/1461 1479/1479/1479
f 1461/1461/1461 1478/1478/1478 1479/1479/1479
f 1463/1463/1463 1462/1462/1462 1480/1480/1480
f 1462/1462/1462 1479/1479/1479 1480/1480/1480
f 1464/1464/1464 1463/1463/1463 1481/1481/1481
f 1463/1463/1463 1480/1480/1480 1481/1481/1481
f 1465/1465/1465 1464/1464/1464 1482/1482/1482
f 1464/1464/1464 1481/1481/1481 1482/1482/1482
f 1466/1466/1466 1465/1465/1465 1483/1483/1483
f 1465/1465/1465 1482/1482/1482 1483/1483/1483
f 1467/1467/1467 1466/1466/1466 1484/1484/1484
f 1466/1466/1466 1483/1483/1483 1484/1484/1484
f 1468/1468/1468 1467/1467/1467 1485/1485/1485
f 1467/1467/1467 1484/1484/1484 1485/1485/1485
f 1469/1469/1469 1468/1468/1468 1486/1486/1486
f 1468/1468/1468 1485/1485/1485 1486/1486/1486
f 1470/1470/1470 1469/1469/1469 1487/1487/1487
f 1469/1469/1469 1486/1486/1486 1487/1487/1487
f 1471/1471/1471 1470/1470/1470 1488/1488/1488
f 1470/1470/1470 1487/1487/1487 1488/1488/1488
f 1472/1472/1472 1471/1471/1471 1489/1489/1489
f 1471/1471/1471 1488/1488/1488 1489/1489/1489
f 1474/1474/1474 1473/1473/1473 1491/1491/1491
f 1473/1473/1473 1490/1490/1490 1491/1491/1491
f 1475/1475/1475 1474/1474/1474 1492/1492/1492
f 1474/1474/1474 1491/1491/1491 1492/1492/1492
f 1476/1476/1476 1475/1475/1475 1493/1493/1493
f 1475/1475/1475 1492/1492/1492 1493/1493/1493
f 1477/1477/1477 1476/1476/1476 1494/1494/1494
f 1476/1476/1476 1493/1493/1493 1494/1494/1494
f 1478/1478/1478 1477/1477/1477 1495/1495/1495
f 1477/1477/1477 1494/1494/1494 1495/1495/1495
f 1479/1479/1479 1478/1478/1478 1496/1496/1496
f 1478/1478/1478 1495/1495/1495 1496/1496/1496
f 1480/1480/1480 1479/1479/1479 1497/1497/1497
f 1479/1479/1479 1496/1496/1496 1497/1497/1497
f 1481/1481/1481 1480/1480/1480 1498/1498/1498
f 1480/1480/1480 1497/1497/1497 1498/1498/1498
f 1482/1482/1482 1481/1481/1481 1499/1499/1499
f 1481/1481/1481 1498/1498/1498 1499/1499/1499
f 1483/1483/1483 1482/1482/1482 1500/1500/1500
f 1482/1482/1482 1499/1499/1499 1500/1500/1500
f 1484/1484/1484 1483/1483/1483 1501/1501/1501
f 1483/1483/1483 1500/1500/1500 1501/1501/1501
f 1485/1485/1485 1484/1484/1484 1502/1502/1502
f 1484/1484/1484 1501/1501/1501 1502/1502/1502
f 1486/1486/1486 1485/1485/1485 1503/1503/1503
f 1485/1485/1485 1502/1502/1502 1503/1503/1503
f 1487/1487/1487 1486/1486/1486 1504/1504/1504
f 1486/1486/1486 1503/1503/1503 1504/1504/1504
f 1488/1488/1488 1487/1487/1487 1505/1505/1505
f 1487/1487/1487 1504/1504/1504 1505/1505/1505
f 1489/1489/1489 1488/1488/1488 1506/1506/1506
f 1488/1488/1488 1505/1505/1505 1506/1506/1506
f 1491/1491/1491 1490/1490/1490 1508/1508/1508
f 1492/1492/1492 1491/1491/1491 1509/1509/1509
f 1493/1493/1493 1492/1492/1492 1510/1510/1510
f 1494/1494/1494 1493/1493/1493 1511/1511/1511
f 1495/1495/1495 1494/1494/1494 1512/1512/1512
f 1496/1496/1496 1495/1495/1495 1513/1513/1513
f 1497/1497/1497 1496/1496/1496 1514/1514/1514
f 1498/1498/1498 1497/1497/1497 1515/1515/1515
f 1499/1499/1499 1498/1498/1498 1516/1516/1516
f 1500/1500/1500 1499/1499/1499 1517/1517/1517
f 1501/1501/1501 1500/1500/1500 1518/1518/1518
f 1502/1502/1502 1501/1501/1501 1519/1519/1519
f 1503/1503/1503 1502/1502/1502 1520/1520/1520
f 1504/1504/1504 1503/1503/1503 1521/1521/1521
f 1505/1505/1505 1504/1504/1504 1522/1522/1522
f 1506/1506/1506 1505/1505/1505 1523/1523/1523
o EyeShine
g EyeShine
usemtl EyeShine
v -0.11250960826873779 0.3837842643260956 0.4869075417518616
v -0.11250960826873779 0.3837842643260956 0.4869075417518616
v -0.11250960826873779 0.3837842643260956 0.4869075417518616
v -0.11250960826873779 0.3837842643260956 0.4869075417518616
v -0.11250960826873779 0.3837842643260956 0.4869075417518616
v -0.11250960826873779 0.3837842643260956 0.4869075417518616
v -0.11250960826873779 0.3837842643260956 0.4869075417518616
v -0.11250960826873779 0.3837842643260956 0.4869075417518616
v -0.11250960826873779 0.3837842643260956 0.4869075417518616
v -0.11250960826873779 0.3837842643260956 0.4869075417518616
v -0.11250960826873779 0.3837842643260956 0.4869075417518616
v -0.11957181245088577 0.3823484778404236 0.49160686135292053
v -0.11729884892702103 0.3834494352340698 0.4924653470516205
v -0.11304190754890442 0.3841298520565033 0.4914948046207428
v -0.10842698812484741 0.3841298520565033 0.48906588554382324
v -0.105216845870018 0.3834494352340698 0.48610639572143555
v -0.10463763028383255 0.3823484778404236 0.4837467670440674
v -0.1069105938076973 0.38124755024909973 0.48288828134536743
v -0.1111675351858139 0.38056713342666626 0.4838588535785675
v -0.11578245460987091 0.38056713342666626 0.4862877428531647
v -0.11899260431528091 0.38124755024909973 0.48924723267555237
v -0.11957181245088577 0.3823484778404236 0.49160686135292053
v -0.1247490867972374 0.37825971841812134 0.49712932109832764
v -0.12054920196533203 0.38029396533966064 0.4987156093120575
v -0.11268339306116104 0.38155123591423035 0.49692225456237793
v -0.10415614396333694 0.38155123591423035 0.49243420362472534
v -0.09822456538677216 0.38029396533966064 0.4869658052921295
v -0.09715431928634644 0.37825971841812134 0.4826057553291321
v -0.1013542115688324 0.37622544169425964 0.4810194969177246
v -0.10922001302242279 0.37496820092201233 0.4828128516674042
v -0.11774726957082748 0.37496820092201233 0.4873008728027344
v -0.12367884814739227 0.37622544169425964 0.4927693009376526
v -0.1247490867972374 0.37825971841812134 0.49712932109832764
v -0.12725324928760529 0.37214040756225586 0.5026341676712036
v -0.12176582217216492 0.37479832768440247 0.5047067999839783
v -0.11148865520954132 0.37644100189208984 0.5023636221885681
v -0.10034725815057755 0.37644100189208984 0.4964997172355652
v -0.09259728342294693 0.37479832768440247 0.4893549084663391
v -0.09119894355535507 0.37214040756225586 0.4836582541465759
v -0.09668636322021484 0.36948251724243164 0.48158565163612366
v -0.10696353018283844 0.36783984303474426 0.4839287996292114
v -0.11810491979122162 0.36783984303474426 0.48979270458221436
v -0.12585490942001343 0.36948251724243164 0.49693751335144043
v -0.12725324928760529 0.37214040756225586 0.5026341676712036
v -0.12670303881168365 0.3649222254753113 0.5072833895683289
v -0.12076350301504135 0.36779913306236267 0.5095267295837402
v -0.10963957011699677 0.3695771396160126 0.5069904923439026
v -0.09758021682500839 0.3695771396160126 0.5006434917449951
v -0.08919169753789902 0.36779913306236267 0.4929099678993225
v -0.08767814934253693 0.3649222254753113 0.4867439568042755
v -0.09361768513917923 0.3620453476905823 0.48450061678886414
v -0.10474161803722382 0.36026731133461 0.4870368242263794
v -0.11680097132921219 0.36026731133461 0.49338385462760925
v -0.12518948316574097 0.3620453476905823 0.5011173486709595
v -0.12670303881168365 0.3649222254753113 0.5072833895683289
v -0.12318224459886551 0.3577040433883667 0.510369062423706
v -0.11769482493400574 0.3603619337081909 0.5124416947364807
v -0.10741765797138214 0.3620046079158783 0.5100985169410706
v -0.09627626091241837 0.3620046079158783 0.5042346119880676
v -0.08852628618478775 0.3603619337081909 0.49708980321884155
v -0.08712794631719589 0.3577040433883667 0.49139314889907837
v -0.09261536598205566 0.3550461232662201 0.4893205463886261
v -0.10289253294467926 0.3534034490585327 0.49166369438171387
v -0.11403392255306244 0.3534034490585327 0.4975275993347168
v -0.12178390473127365 0.3550461232662201 0.5046724081039429
v -0.12318224459886551 0.3577040433883667 0.510369062423706
v -0.11722686141729355 0.3515847623348236 0.5114215612411499
v -0.11302697658538818 0.3536190092563629 0.5130078196525574
v -0.1051611676812172 0.3548762798309326 0.5112144947052002
v -0.0966339185833931 0.3548762798309326 0.5067264437675476
v -0.09070234000682831 0.3536190092563629 0.5012580156326294
v -0.08963209390640259 0.3515847623348236 0.49689799547195435
v -0.09383198618888855 0.3495504856109619 0.4953117072582245
v -0.10169779509305954 0.3482932448387146 0.49710509181022644
v -0.11022504419088364 0.3482932448387146 0.5015931129455566
v -0.11615662276744843 0.3495504856109619 0.5070615410804749
v -0.11722686141729355 0.3515847623348236 0.5114215612411499
v -0.10974355041980743 0.347495973110199 0.5102805495262146
v -0.10747058689594269 0.3485969007015228 0.5111390352249146
v -0.10321364551782608 0.3492773175239563 0.5101684927940369
v -0.09859873354434967 0.3492773175239563 0.5077396035194397
v -0.09538858383893967 0.3485969007015228 0.504780113697052
v -0.09480937570333481 0.347495973110199 0.5024204850196838
v -0.09708233922719955 0.3463950455188751 0.5015619397163391
v -0.10133928060531616 0.34571462869644165 0.5025325417518616
v -0.10595419257879257 0.34571462869644165 0.5049614310264587
v -0.10916434228420258 0.3463950455188751 0.5079209208488464
v -0.10974355041980743 0.347495973110199 0.5102805495262146
v -0.10187157988548279 0.346060186624527 0.5071197748184204
v -0.10187157988548279 0.346060186624527 0.5071197748184204
v -0.10187157988548279 0.346060186624527 0.5071197748184204
v -0.10187157988548279 0.346060186624527 0.5071197748184204
v -0.10187157988548279 0.346060186624527 0.5071197748184204
v -0.10187157988548279 0.346060186624527 0.5071197748184204
v -0.10187157988548279 0.346060186624527 0.5071197748184204
v -0.10187157988548279 0.346060186624527 0.5071197748184204
v -0.10187157988548279 0.346060186624527 0.5071197748184204
v -0.10187157988548279 0.346060186624527 0.5071197748184204
v -0.10187157988548279 0.346060186624527 0.5071197748184204
v 0.11250960826873779 0.3837842643260956 0.4869075417518616
v 0.11250960826873779 0.3837842643260956 0.4869075417518616
v 0.11250960826873779 0.3837842643260956 0.4869075417518616
v 0.11250960826873779 0.3837842643260956 0.4869075417518616
v 0.11250960826873779 0.3837842643260956 0.4869075417518616
v 0.11250960826873779 0.3837842643260956 0.4869075417518616
v 0.11250960826873779 0.3837842643260956 0.4869075417518616
v 0.11250960826873779 0.3837842643260956 0.4869075417518616
v 0.11250960826873779 0.3837842643260956 0.4869075417518616
v 0.11250960826873779 0.3837842643260956 0.4869075417518616
v 0.11250960826873779 0.3837842643260956 0.4869075417518616
v 0.10463763028383255 0.3823484778404236 0.4837467670440674
v 0.105216845870018 0.3834494352340698 0.48610639572143555
v 0.10842698812484741 0.3841298520565033 0.48906588554382324
v 0.11304190754890442 0.3841298520565033 0.4914948046207428
v 0.11729884892702103 0.3834494352340698 0.4924653470516205
v 0.11957181245088577 0.3823484778404236 0.49160686135292053
v 0.11899260431528091 0.38124755024909973 0.48924723267555237
v 0.11578245460987091 0.38056713342666626 0.4862877428531647
v 0.1111675351858139 0.38056713342666626 0.4838588535785675
v 0.1069105938076973 0.38124755024909973 0.48288828134536743
v 0.10463763028383255 0.3823484778404236 0.4837467670440674
v 0.09715431928634644 0.37825971841812134 0.4826057553291321
v 0.09822456538677216 0.38029396533966064 0.4869658052921295
v 0.10415614396333694 0.38155123591423035 0.49243420362472534
v 0.11268339306116104 0.38155123591423035 0.49692225456237793
v 0.12054920196533203 0.38029396533966064 0.4987156093120575
v 0.1247490867972374 0.37825971841812134 0.49712932109832764
v 0.12367884814739227 0.37622544169425964 0.4927693009376526
v 0.11774726957082748 0.37496820092201233 0.4873008728027344
v 0.10922001302242279 0.37496820092201233 0.4828128516674042
v 0.1013542115688324 0.37622544169425964 0.4810194969177246
v 0.09715431928634644 0.37825971841812134 0.4826057553291321
v 0.09119894355535507 0.37214040756225586 0.4836582541465759
v 0.09259728342294693 0.37479832768440247 0.4893549084663391
v 0.10034725815057755 0.37644100189208984 0.4964997172355652
v 0.11148865520954132 0.37644100189208984 0.5023636221885681
v 0.12176582217216492 0.37479832768440247 0.5047067999839783
v 0.12725324928760529 0.37214040756225586 0.5026341676712036
v 0.12585490942001343 0.36948251724243164 0.49693751335144043
v 0.11810491979122162 0.36783984303474426 0.48979270458221436
v 0.10696353018283844 0.36783984303474426 0.4839287996292114
v 0.09668636322021484 0.36948251724243164 0.48158565163612366
v 0.09119894355535507 0.37214040756225586 0.4836582541465759
v 0.08767814934253693 0.3649222254753113 0.4867439568042755
v 0.08919169753789902 0.36779913306236267 0.4929099678993225
v 0.09758021682500839 0.3695771396160126 0.5006434917449951
v 0.10963957011699677 0.3695771396160126 0.5069904923439026
v 0.12076350301504135 0.36779913306236267 0.5095267295837402
v 0.12670303881168365 0.3649222254753113 0.5072833895683289
v 0.12518948316574097 0.3620453476905823 0.5011173486709595
v 0.11680097132921219 0.36026731133461 0.49338385462760925
v 0.10474161803722382 0.36026731133461 0.4870368242263794
v 0.09361768513917923 0.3620453476905823 0.48450061678886414
v 0.08767814934253693 0.3649222254753113 0.4867439568042755
v 0.08712794631719589 0.3577040433883667 0.49139314889907837
v 0.08852628618478775 0.3603619337081909 0.49708980321884155
v 0.09627626091241837 0.3620046079158783 0.5042346119880676
v 0.10741765797138214 0.3620046079158783 0.5100985169410706
v 0.11769482493400574 0.3603619337081909 0.5124416947364807
v 0.12318224459886551 0.3577040433883667 0.510369062423706
v 0.12178390473127365 0.3550461232662201 0.5046724081039429
v 0.11403392255306244 0.3534034490585327 0.4975275993347168
v 0.10289253294467926 0.3534034490585327 0.49166369438171387
v 0.09261536598205566 0.3550461232662201 0.4893205463886261
v 0.08712794631719589 0.3577040433883667 0.49139314889907837
v 0.08963209390640259 0.3515847623348236 0.49689799547195435
v 0.09070234000682831 0.3536190092563629 0.5012580156326294
v 0.0966339185833931 0.3548762798309326 0.5067264437675476
v 0.1051611676812172 0.3548762798309326 0.5112144947052002
v 0.11302697658538818 0.3536190092563629 0.5130078196525574
v 0.11722686141729355 0.3515847623348236 0.5114215612411499
v 0.11615662276744843 0.3495504856109619 0.5070615410804749
v 0.11022504419088364 0.3482932448387146 0.5015931129455566
v 0.10169779509305954 0.3482932448387146 0.49710509181022644
v 0.09383198618888855 0.3495504856109619 0.4953117072582245
v 0.08963209390640259 0.3515847623348236 0.49689799547195435
v 0.09480937570333481 0.347495973110199 0.5024204850196838
v 0.09538858383893967 0.3485969007015228 0.504780113697052
v 0.09859873354434967 0.3492773175239563 0.5077396035194397
v 0.10321364551782608 0.3492773175239563 0.5101684927940369
v 0.10747058689594269 0.3485969007015228 0.5111390352249146
v 0.10974355041980743 0.347495973110199 0.5102805495262146
v 0.10916434228420258 0.3463950455188751 0.5079209208488464
v 0.10595419257879257 0.34571462869644165 0.5049614310264587
v 0.10133928060531616 0.34571462869644165 0.5025325417518616
v 0.09708233922719955 0.3463950455188751 0.5015619397163391
v 0.09480937570333481 0.347495973110199 0.5024204850196838
v 0.10187157988548279 0.346060186624527 0.5071197748184204
v 0.10187157988548279 0.346060186624527 0.5071197748184204
v 0.10187157988548279 0.346060186624527 0.5071197748184204
v 0.10187157988548279 0.346060186624527 0.5071197748184204
v 0.10187157988548279 0.346060186624527 0.5071197748184204
v 0.10187157988548279 0.346060186624527 0.5071197748184204
v 0.10187157988548279 0.346060186624527 0.5071197748184204
v 0.10187157988548279 0.346060186624527 0.5071197748184204
v 0.10187157988548279 0.346060186624527 0.5071197748184204
v 0.10187157988548279 0.346060186624527 0.5071197748184204
v 0.10187157988548279 0.346060186624527 0.5071197748184204
vt 0.05000000074505806 1
vt 0.15000000596046448 1
vt 0.25 1
vt 0.3499999940395355 1
vt 0.44999998807907104 1
vt 0.550000011920929 1
vt 0.6499999761581421 1
vt 0.75 1
vt 0.8500000238418579 1
vt 0.949999988079071 1
vt 1.0499999523162842 1
vt 0 0.875
vt 0.10000000149011612 0.875
vt 0.20000000298023224 0.875
vt 0.30000001192092896 0.875
vt 0.4000000059604645 0.875
vt 0.5 0.875
vt 0.6000000238418579 0.875
vt 0.699999988079071 0.875
vt 0.800000011920929 0.875
vt 0.8999999761581421 0.875
vt 1 0.875
vt 0 0.75
vt 0.10000000149011612 0.75
vt 0.20000000298023224 0.75
vt 0.30000001192092896 0.75
vt 0.4000000059604645 0.75
vt 0.5 0.75
vt 0.6000000238418579 0.75
vt 0.699999988079071 0.75
vt 0.800000011920929 0.75
vt 0.8999999761581421 0.75
vt 1 0.75
vt 0 0.625
vt 0.10000000149011612 0.625
vt 0.20000000298023224 0.625
vt 0.30000001192092896 0.625
vt 0.4000000059604645 0.625
vt 0.5 0.625
vt 0.6000000238418579 0.625
vt 0.699999988079071 0.625
vt 0.800000011920929 0.625
vt 0.8999999761581421 0.625
vt 1 0.625
vt 0 0.5
vt 0.10000000149011612 0.5
vt 0.20000000298023224 0.5
vt 0.30000001192092896 0.5
vt 0.4000000059604645 0.5
vt 0.5 0.5
vt 0.6000000238418579 0.5
vt 0.699999988079071 0.5
vt 0.800000011920929 0.5
vt 0.8999999761581421 0.5
vt 1 0.5
vt 0 0.375
vt 0.10000000149011612 0.375
vt 0.20000000298023224 0.375
vt 0.30000001192092896 0.375
vt 0.4000000059604645 0.375
vt 0.5 0.375
vt 0.6000000238418579 0.375
vt 0.699999988079071 0.375
vt 0.800000011920929 0.375
vt 0.8999999761581421 0.375
vt 1 0.375
vt 0 0.25
vt 0.10000000149011612 0.25
vt 0.20000000298023224 0.25
vt 0.30000001192092896 0.25
vt 0.4000000059604645 0.25
vt 0.5 0.25
vt 0.6000000238418579 0.25
vt 0.699999988079071 0.25
vt 0.800000011920929 0.25
vt 0.8999999761581421 0.25
vt 1 0.25
vt 0 0.125
vt 0.10000000149011612 0.125
vt 0.20000000298023224 0.125
vt 0.30000001192092896 0.125
vt 0.4000000059604645 0.125
vt 0.5 0.125
vt 0.6000000238418579 0.125
vt 0.699999988079071 0.125
vt 0.800000011920929 0.125
vt 0.8999999761581421 0.125
vt 1 0.125
vt -0.05000000074505806 0
vt 0.05000000074505806 0
vt 0.15000000596046448 0
vt 0.25 0
vt 0.3499999940395355 0
vt 0.44999998807907104 0
vt 0.550000011920929 0
vt 0.6499999761581421 0
vt 0.75 0
vt 0.8500000238418579 0
vt 0.949999988079071 0
vt 0.05000000074505806 1
vt 0.15000000596046448 1
vt 0.25 1
vt 0.3499999940395355 1
vt 0.44999998807907104 1
vt 0.550000011920929 1
vt 0.6499999761581421 1
vt 0.75 1
vt 0.8500000238418579 1
vt 0.949999988079071 1
vt 1.0499999523162842 1
vt 0 0.875
vt 0.10000000149011612 0.875
vt 0.20000000298023224 0.875
vt 0.30000001192092896 0.875
vt 0.4000000059604645 0.875
vt 0.5 0.875
vt 0.6000000238418579 0.875
vt 0.699999988079071 0.875
vt 0.800000011920929 0.875
vt 0.8999999761581421 0.875
vt 1 0.875
vt 0 0.75
vt 0.10000000149011612 0.75
vt 0.20000000298023224 0.75
vt 0.30000001192092896 0.75
vt 0.4000000059604645 0.75
vt 0.5 0.75
vt 0.6000000238418579 0.75
vt 0.699999988079071 0.75
vt 0.800000011920929 0.75
vt 0.8999999761581421 0.75
vt 1 0.75
vt 0 0.625
vt 0.10000000149011612 0.625
vt 0.20000000298023224 0.625
vt 0.30000001192092896 0.625
vt 0.4000000059604645 0.625
vt 0.5 0.625
vt 0.6000000238418579 0.625
vt 0.699999988079071 0.625
vt 0.800000011920929 0.625
vt 0.8999999761581421 0.625
vt 1 0.625
vt 0 0.5
vt 0.10000000149011612 0.5
vt 0.20000000298023224 0.5
vt 0.30000001192092896 0.5
vt 0.4000000059604645 0.5
vt 0.5 0.5
vt 0.6000000238418579 0.5
vt 0.699999988079071 0.5
vt 0.800000011920929 0.5
vt 0.8999999761581421 0.5
vt 1 0.5
vt 0 0.375
vt 0.10000000149011612 0.375
vt 0.20000000298023224 0.375
vt 0.30000001192092896 0.375
vt 0.4000000059604645 0.375
vt 0.5 0.375
vt 0.6000000238418579 0.375
vt 0.699999988079071 0.375
vt 0.800000011920929 0.375
vt 0.8999999761581421 0.375
vt 1 0.375
vt 0 0.25
vt 0.10000000149011612 0.25
vt 0.20000000298023224 0.25
vt 0.30000001192092896 0.25
vt 0.4000000059604645 0.25
vt 0.5 0.25
vt 0.6000000238418579 0.25
vt 0.699999988079071 0.25
vt 0.800000011920929 0.25
vt 0.8999999761581421 0.25
vt 1 0.25
vt 0 0.125
vt 0.10000000149011612 0.125
vt 0.20000000298023224 0.125
vt 0.30000001192092896 0.125
vt 0.4000000059604645 0.125
vt 0.5 0.125
vt 0.6000000238418579 0.125
vt 0.699999988079071 0.125
vt 0.800000011920929 0.125
vt 0.8999999761581421 0.125
vt 1 0.125
vt -0.05000000074505806 0
vt 0.05000000074505806 0
vt 0.15000000596046448 0
vt 0.25 0
vt 0.3499999940395355 0
vt 0.44999998807907104 0
vt 0.550000011920929 0
vt 0.6499999761581421 0
vt 0.75 0
vt 0.8500000238418579 0
vt 0.949999988079071 0
vn -0.2412251683780143 0.8554215440755163 -0.45832783034904
vn -0.2412251683780143 0.8554215440755163 -0.45832783034904
vn -0.2412251683780143 0.8554215440755163 -0.45832783034904
vn -0.2412251683780143 0.8554215440755163 -0.45832783034904
vn -0.2412251683780143 0.8554215440755163 -0.45832783034904
vn -0.2412251683780143 0.8554215440755163 -0.45832783034904
vn -0.2412251683780143 0.8554215440755163 -0.45832783034904
vn -0.2412251683780143 0.8554215440755163 -0.45832783034904
vn -0.2412251683780143 0.8554215440755163 -0.45832783034904
vn -0.2412251683780143 0.8554215440755163 -0.45832783034904
vn -0.2412251683780143 0.8554215440755163 -0.45832783034904
vn -0.5615065667805438 0.7903064452700116 -0.24520623570171468
vn -0.259976511669272 0.9597051940365118 0.10666842981697093
vn 0.0085919935193013 0.9759631534208016 0.21776616085216075
vn 0.17463911669111323 0.9759631529046089 0.1303729385027546
vn 0.23511469821882766 0.959705192652614 -0.15390588642764308
vn 0.11578055639664972 0.79030646043695 -0.6016731349762109
vn -0.1427615863630729 0.4684660377837338 -0.8718708051668596
vn -0.36221795834244713 0.278048929175228 -0.8896555196472048
vn -0.5282651047603328 0.27804892526847724 -0.8022622851970542
vn -0.6378527901159998 0.4684660450473039 -0.6112964769888435
vn -0.5615065667805438 0.7903064452700116 -0.24520623570171468
vn -0.7963036317171976 0.604874373881499 0.005245754041736324
vn -0.21843397519486316 0.8327221833118181 0.5087832189655714
vn 0.15057341909102448 0.8170855129247966 0.5565059838237687
vn 0.3734763888988494 0.8170855107202204 0.4391886327150919
vn 0.5430561384380933 0.8327221993536776 0.10799893151453033
vn 0.4551597175888334 0.6048743642829963 -0.6534191877483353
vn -0.03814796713424823 0.0771568414019521 -0.9962888910493773
vn -0.34720486665474126 -0.11980012149944742 -0.9301057528367302
vn -0.5701078397098519 -0.11980012522771755 -0.8127883987218253
vn -0.7996380783952817 0.07715684039223064 -0.5955046310155693
vn -0.7963036317171976 0.604874373881499 0.005245754041736324
vn -0.9098707027300497 0.3273556597334626 0.2548991493787201
vn -0.1637454910268787 0.6470889383129167 0.7446229381918265
vn 0.22415949070358854 0.6599431535652148 0.7170966160775737
vn 0.4641888979624436 0.6599431554223459 0.5907653498806521
vn 0.7064951836381469 0.6470889612273714 0.28660152085043517
vn 0.7252449603827565 0.32735566255144366 -0.6056880530726353
vn 0.04228765772642278 -0.2163808136731392 -0.9753927913810739
vn -0.3118647983428295 -0.34892666904015635 -0.8837366843054143
vn -0.5518942013200682 -0.34892667186614973 -0.757405418656149
vn -0.8279530335304993 -0.216380817830779 -0.5173713520697947
vn -0.9098707027300497 0.3273556597334626 0.2548991493787201
vn -0.8849182204425686 2.300848553821635e-17 0.46574643651750813
vn -0.10644498391271043 0.44610306301356845 0.8886290129011852
vn 0.27255367659009244 0.5129826556943218 0.8139799065910805
vn 0.5166504476955959 0.5129826758127035 0.6855079060171217
vn 0.792757402442515 0.44610307212182587 0.41536459877566023
vn 0.8849182204425686 2.297501185464638e-16 -0.46574643651750813
vn 0.10644498391271043 -0.44610306301356845 -0.8886290129011852
vn -0.27255367659009244 -0.5129826556943218 -0.8139799065910805
vn -0.5166504476955959 -0.5129826758127035 -0.6855079060171217
vn -0.792757402442515 -0.44610307212182587 -0.41536459877566023
vn -0.8849182204425686 -2.729908597052392e-16 0.46574643651750813
vn -0.7252449603827565 -0.32735566255144366 0.6056880530726353
vn -0.04228765772642278 0.2163808136731392 0.9753927913810739
vn 0.3118647983428295 0.34892666904015635 0.8837366843054143
vn 0.5518942013200682 0.34892667186614973 0.757405418656149
vn 0.8279530335304993 0.216380817830779 0.5173713520697947
vn 0.9098707027300497 -0.3273556597334626 -0.2548991493787201
vn 0.1637454910268787 -0.6470889383129167 -0.7446229381918265
vn -0.22415949070358854 -0.6599431535652148 -0.7170966160775737
vn -0.4641888979624436 -0.6599431554223459 -0.5907653498806521
vn -0.7064951836381469 -0.6470889612273714 -0.28660152085043517
vn -0.7252449603827565 -0.32735566255144366 0.6056880530726353
vn -0.4551597175888334 -0.6048743642829963 0.6534191877483353
vn 0.03814796713424823 -0.0771568414019521 0.9962888910493773
vn 0.34720486665474126 0.11980012149944742 0.9301057528367302
vn 0.5701078397098519 0.11980012522771755 0.8127883987218253
vn 0.7996380783952817 -0.07715684039223064 0.5955046310155693
vn 0.7963036317171976 -0.604874373881499 -0.005245754041736324
vn 0.21843397519486316 -0.8327221833118181 -0.5087832189655714
vn -0.15057341909102448 -0.8170855129247966 -0.5565059838237687
vn -0.3734763888988494 -0.8170855107202204 -0.4391886327150919
vn -0.5430561384380933 -0.8327221993536776 -0.10799893151453033
vn -0.4551597175888334 -0.6048743642829963 0.6534191877483353
vn -0.11578055639664972 -0.79030646043695 0.6016731349762109
vn 0.1427615863630729 -0.4684660377837338 0.8718708051668596
vn 0.36221795834244713 -0.278048929175228 0.8896555196472048
vn 0.5282651047603328 -0.27804892526847724 0.8022622851970542
vn 0.6378527901159998 -0.4684660450473039 0.6112964769888435
vn 0.5615065667805438 -0.7903064452700116 0.24520623570171468
vn 0.259976511669272 -0.9597051940365118 -0.10666842981697093
vn -0.0085919935193013 -0.9759631534208016 -0.21776616085216075
vn -0.17463911669111323 -0.9759631529046089 -0.1303729385027546
vn -0.23511469821882766 -0.959705192652614 0.15390588642764308
vn -0.11578055639664972 -0.79030646043695 0.6016731349762109
vn 0.2412251683780143 -0.8554215440755163 0.45832783034904
vn 0.2412251683780143 -0.8554215440755163 0.45832783034904
vn 0.2412251683780143 -0.8554215440755163 0.45832783034904
vn 0.2412251683780143 -0.8554215440755163 0.45832783034904
vn 0.2412251683780143 -0.8554215440755163 0.45832783034904
vn 0.2412251683780143 -0.8554215440755163 0.45832783034904
vn 0.2412251683780143 -0.8554215440755163 0.45832783034904
vn 0.2412251683780143 -0.8554215440755163 0.45832783034904
vn 0.2412251683780143 -0.8554215440755163 0.45832783034904
vn 0.2412251683780143 -0.8554215440755163 0.45832783034904
vn 0.2412251683780143 -0.8554215440755163 0.45832783034904
vn 0.2412251683780143 0.8554215440755163 -0.45832783034904
vn 0.2412251683780143 0.8554215440755163 -0.45832783034904
vn 0.2412251683780143 0.8554215440755163 -0.45832783034904
vn 0.2412251683780143 0.8554215440755163 -0.45832783034904
vn 0.2412251683780143 0.8554215440755163 -0.45832783034904
vn 0.2412251683780143 0.8554215440755163 -0.45832783034904
vn 0.2412251683780143 0.8554215440755163 -0.45832783034904
vn 0.2412251683780143 0.8554215440755163 -0.45832783034904
vn 0.2412251683780143 0.8554215440755163 -0.45832783034904
vn 0.2412251683780143 0.8554215440755163 -0.45832783034904
vn 0.2412251683780143 0.8554215440755163 -0.45832783034904
vn -0.11578055639664972 0.79030646043695 -0.6016731349762109
vn -0.23511469821882766 0.959705192652614 -0.15390588642764308
vn -0.17463911669111323 0.9759631529046089 0.1303729385027546
vn -0.0085919935193013 0.9759631534208016 0.21776616085216075
vn 0.259976511669272 0.9597051940365118 0.10666842981697093
vn 0.5615065667805438 0.7903064452700116 -0.24520623570171468
vn 0.6378527901159998 0.4684660450473039 -0.6112964769888435
vn 0.5282651047603328 0.27804892526847724 -0.8022622851970542
vn 0.36221795834244713 0.278048929175228 -0.8896555196472048
vn 0.1427615863630729 0.4684660377837338 -0.8718708051668596
vn -0.11578055639664972 0.79030646043695 -0.6016731349762109
vn -0.4551597175888334 0.6048743642829963 -0.6534191877483353
vn -0.5430561384380933 0.8327221993536776 0.10799893151453033
vn -0.3734763888988494 0.8170855107202204 0.4391886327150919
vn -0.15057341909102448 0.8170855129247966 0.5565059838237687
vn 0.21843397519486316 0.8327221833118181 0.5087832189655714
vn 0.7963036317171976 0.604874373881499 0.005245754041736324
vn 0.7996380783952817 0.07715684039223064 -0.5955046310155693
vn 0.5701078397098519 -0.11980012522771755 -0.8127883987218253
vn 0.34720486665474126 -0.11980012149944742 -0.9301057528367302
vn 0.03814796713424823 0.0771568414019521 -0.9962888910493773
vn -0.4551597175888334 0.6048743642829963 -0.6534191877483353
vn -0.7252449603827565 0.32735566255144366 -0.6056880530726353
vn -0.7064951836381469 0.6470889612273714 0.28660152085043517
vn -0.4641888979624436 0.6599431554223459 0.5907653498806521
vn -0.22415949070358854 0.6599431535652148 0.7170966160775737
vn 0.1637454910268787 0.6470889383129167 0.7446229381918265
vn 0.9098707027300497 0.3273556597334626 0.2548991493787201
vn 0.8279530335304993 -0.216380817830779 -0.5173713520697947
vn 0.5518942013200682 -0.34892667186614973 -0.757405418656149
vn 0.3118647983428295 -0.34892666904015635 -0.8837366843054143
vn -0.04228765772642278 -0.2163808136731392 -0.9753927913810739
vn -0.7252449603827565 0.32735566255144366 -0.6056880530726353
vn -0.8849182204425686 8.175044592473601e-17 -0.46574643651750813
vn -0.792757402442515 0.44610307212182587 0.41536459877566023
vn -0.5166504476955959 0.5129826758127035 0.6855079060171217
vn -0.27255367659009244 0.5129826556943218 0.8139799065910805
vn 0.10644498391271043 0.44610306301356845 0.8886290129011852
vn 0.8849182204425686 1.7100815815994413e-16 0.46574643651750813
vn 0.792757402442515 -0.44610307212182587 -0.41536459877566023
vn 0.5166504476955959 -0.5129826758127035 -0.6855079060171217
vn 0.27255367659009244 -0.5129826556943218 -0.8139799065910805
vn -0.10644498391271043 -0.44610306301356845 -0.8886290129011852
vn -0.8849182204425686 -2.1424888608382964e-16 -0.46574643651750813
vn -0.9098707027300497 -0.3273556597334626 -0.2548991493787201
vn -0.8279530335304993 0.216380817830779 0.5173713520697947
vn -0.5518942013200682 0.34892667186614973 0.757405418656149
vn -0.3118647983428295 0.34892666904015635 0.8837366843054143
vn 0.04228765772642278 0.2163808136731392 0.9753927913810739
vn 0.7252449603827565 -0.32735566255144366 0.6056880530726353
vn 0.7064951836381469 -0.6470889612273714 -0.28660152085043517
vn 0.4641888979624436 -0.6599431554223459 -0.5907653498806521
vn 0.22415949070358854 -0.6599431535652148 -0.7170966160775737
vn -0.1637454910268787 -0.6470889383129167 -0.7446229381918265
vn -0.9098707027300497 -0.3273556597334626 -0.2548991493787201
vn -0.7963036317171976 -0.604874373881499 -0.005245754041736324
vn -0.7996380783952817 -0.07715684039223064 0.5955046310155693
vn -0.5701078397098519 0.11980012522771755 0.8127883987218253
vn -0.34720486665474126 0.11980012149944742 0.9301057528367302
vn -0.03814796713424823 -0.0771568414019521 0.9962888910493773
vn 0.4551597175888334 -0.6048743642829963 0.6534191877483353
vn 0.5430561384380933 -0.8327221993536776 -0.10799893151453033
vn 0.3734763888988494 -0.8170855107202204 -0.4391886327150919
vn 0.15057341909102448 -0.8170855129247966 -0.5565059838237687
vn -0.21843397519486316 -0.8327221833118181 -0.5087832189655714
vn -0.7963036317171976 -0.604874373881499 -0.005245754041736324
vn -0.5615065667805438 -0.7903064452700116 0.24520623570171468
vn -0.6378527901159998 -0.4684660450473039 0.6112964769888435
vn -0.5282651047603328 -0.27804892526847724 0.8022622851970542
vn -0.36221795834244713 -0.278048929175228 0.8896555196472048
vn -0.1427615863630729 -0.4684660377837338 0.8718708051668596
vn 0.11578055639664972 -0.79030646043695 0.6016731349762109
vn 0.23511469821882766 -0.959705192652614 0.15390588642764308
vn 0.17463911669111323 -0.9759631529046089 -0.1303729385027546
vn 0.0085919935193013 -0.9759631534208016 -0.21776616085216075
vn -0.259976511669272 -0.9597051940365118 -0.10666842981697093
vn -0.5615065667805438 -0.7903064452700116 0.24520623570171468
vn -0.2412251683780143 -0.8554215440755163 0.45832783034904
vn -0.2412251683780143 -0.8554215440755163 0.45832783034904
vn -0.2412251683780143 -0.8554215440755163 0.45832783034904
vn -0.2412251683780143 -0.8554215440755163 0.45832783034904
vn -0.2412251683780143 -0.8554215440755163 0.45832783034904
vn -0.2412251683780143 -0.8554215440755163 0.45832783034904
vn -0.2412251683780143 -0.8554215440755163 0.45832783034904
vn -0.2412251683780143 -0.8554215440755163 0.45832783034904
vn -0.2412251683780143 -0.8554215440755163 0.45832783034904
vn -0.2412251683780143 -0.8554215440755163 0.45832783034904
vn -0.2412251683780143 -0.8554215440755163 0.45832783034904
f 1524/1524/1524 1535/1535/1535 1536/1536/1536
f 1525/1525/1525 1536/1536/1536 1537/1537/1537
f 1526/1526/1526 1537/1537/1537 1538/1538/1538
f 1527/1527/1527 1538/1538/1538 1539/1539/1539
f 1528/1528/1528 1539/1539/1539 1540/1540/1540
f 1529/1529/1529 1540/1540/1540 1541/1541/1541
f 1530/1530/1530 1541/1541/1541 1542/1542/1542
f 1531/1531/1531 1542/1542/1542 1543/1543/1543
f 1532/1532/1532 1543/1543/1543 1544/1544/1544
f 1533/1533/1533 1544/1544/1544 1545/1545/1545
f 1536/1536/1536 1535/1535/1535 1547/1547/1547
f 1535/1535/1535 1546/1546/1546 1547/1547/1547
f 1537/1537/1537 1536/1536/1536 1548/1548/1548
f 1536/1536/1536 1547/1547/1547 1548/1548/1548
f 1538/1538/1538 1537/1537/1537 1549/1549/1549
f 1537/1537/1537 1548/1548/1548 1549/1549/1549
f 1539/1539/1539 1538/1538/1538 1550/1550/1550
f 1538/1538/1538 1549/1549/1549 1550/1550/1550
f 1540/1540/1540 1539/1539/1539 1551/1551/1551
f 1539/1539/1539 1550/1550/1550 1551/1551/1551
f 1541/1541/1541 1540/1540/1540 1552/1552/1552
f 1540/1540/1540 1551/1551/1551 1552/1552/1552
f 1542/1542/1542 1541/1541/1541 1553/1553/1553
f 1541/1541/1541 1552/1552/1552 1553/1553/1553
f 1543/1543/1543 1542/1542/1542 1554/1554/1554
f 1542/1542/1542 1553/1553/1553 1554/1554/1554
f 1544/1544/1544 1543/1543/1543 1555/1555/1555
f 1543/1543/1543 1554/1554/1554 1555/1555/1555
f 1545/1545/1545 1544/1544/1544 1556/1556/1556
f 1544/1544/1544 1555/1555/1555 1556/1556/1556
f 1547/1547/1547 1546/1546/1546 1558/1558/1558
f 1546/1546/1546 1557/1557/1557 1558/1558/1558
f 1548/1548/1548 1547/1547/1547 1559/1559/1559
f 1547/1547/1547 1558/1558/1558 1559/1559/1559
f 1549/1549/1549 1548/1548/1548 1560/1560/1560
f 1548/1548/1548 1559/1559/1559 1560/1560/1560
f 1550/1550/1550 1549/1549/1549 1561/1561/1561
f 1549/1549/1549 1560/1560/1560 1561/1561/1561
f 1551/1551/1551 1550/1550/1550 1562/1562/1562
f 1550/1550/1550 1561/1561/1561 1562/1562/1562
f 1552/1552/1552 1551/1551/1551 1563/1563/1563
f 1551/1551/1551 1562/1562/1562 1563/1563/1563
f 1553/1553/1553 1552/1552/1552 1564/1564/1564
f 1552/1552/1552 1563/1563/1563 1564/1564/1564
f 1554/1554/1554 1553/1553/1553 1565/1565/1565
f 1553/1553/1553 1564/1564/1564 1565/1565/1565
f 1555/1555/1555 1554/1554/1554 1566/1566/1566
f 1554/1554/1554 1565/1565/1565 1566/1566/1566
f 1556/1556/1556 1555/1555/1555 1567/1567/1567
f 1555/1555/1555 1566/1566/1566 1567/1567/1567
f 1558/1558/1558 1557/1557/1557 1569/1569/1569
f 1557/1557/1557 1568/1568/1568 1569/1569/1569
f 1559/1559/1559 1558/1558/1558 1570/1570/1570
f 1558/1558/1558 1569/1569/1569 1570/1570/1570
f 1560/1560/1560 1559/1559/1559 1571/1571/1571
f 1559/1559/1559 1570/1570/1570 1571/1571/1571
f 1561/1561/1561 1560/1560/1560 1572/1572/1572
f 1560/1560/1560 1571/1571/1571 1572/1572/1572
f 1562/1562/1562 1561/1561/1561 1573/1573/1573
f 1561/1561/1561 1572/1572/1572 1573/1573/1573
f 1563/1563/1563 1562/1562/1562 1574/1574/1574
f 1562/1562/1562 1573/1573/1573 1574/1574/1574
f 1564/1564/1564 1563/1563/1563 1575/1575/1575
f 1563/1563/1563 1574/1574/1574 1575/1575/1575
f 1565/1565/1565 1564/1564/1564 1576/1576/1576
f 1564/1564/1564 1575/1575/1575 1576/1576/1576
f 1566/1566/1566 1565/1565/1565 1577/1577/1577
f 1565/1565/1565 1576/1576/1576 1577/1577/1577
f 1567/1567/1567 1566/1566/1566 1578/1578/1578
f 1566/1566/1566 1577/1577/1577 1578/1578/1578
f 1569/1569/1569 1568/1568/1568 1580/1580/1580
f 1568/1568/1568 1579/1579/1579 1580/1580/1580
f 1570/1570/1570 1569/1569/1569 1581/1581/1581
f 1569/1569/1569 1580/1580/1580 1581/1581/1581
f 1571/1571/1571 1570/1570/1570 1582/1582/1582
f 1570/1570/1570 1581/1581/1581 1582/1582/1582
f 1572/1572/1572 1571/1571/1571 1583/1583/1583
f 1571/1571/1571 1582/1582/1582 1583/1583/1583
f 1573/1573/1573 1572/1572/1572 1584/1584/1584
f 1572/1572/1572 1583/1583/1583 1584/1584/1584
f 1574/1574/1574 1573/1573/1573 1585/1585/1585
f 1573/1573/1573 1584/1584/1584 1585/1585/1585
f 1575/1575/1575 1574/1574/1574 1586/1586/1586
f 1574/1574/1574 1585/1585/1585 1586/1586/1586
f 1576/1576/1576 1575/1575/1575 1587/1587/1587
f 1575/1575/1575 1586/1586/1586 1587/1587/1587
f 1577/1577/1577 1576/1576/1576 1588/1588/1588
f 1576/1576/1576 1587/1587/1587 1588/1588/1588
f 1578/1578/1578 1577/1577/1577 1589/1589/1589
f 1577/1577/1577 1588/1588/1588 1589/1589/1589
f 1580/1580/1580 1579/1579/1579 1591/1591/1591
f 1579/1579/1579 1590/1590/1590 1591/1591/1591
f 1581/1581/1581 1580/1580/1580 1592/1592/1592
f 1580/1580/1580 1591/1591/1591 1592/1592/1592
f 1582/1582/1582 1581/1581/1581 1593/1593/1593
f 1581/1581/1581 1592/1592/1592 1593/1593/1593
f 1583/1583/1583 1582/1582/1582 1594/1594/1594
f 1582/1582/1582 1593/1593/1593 1594/1594/1594
f 1584/1584/1584 1583/1583/1583 1595/1595/1595
f 1583/1583/1583 1594/1594/1594 1595/1595/1595
f 1585/1585/1585 1584/1584/1584 1596/1596/1596
f 1584/1584/1584 1595/1595/1595 1596/1596/1596
f 1586/1586/1586 1585/1585/1585 1597/1597/1597
f 1585/1585/1585 1596/1596/1596 1597/1597/1597
f 1587/1587/1587 1586/1586/1586 1598/1598/1598
f 1586/1586/1586 1597/1597/1597 1598/1598/1598
f 1588/1588/1588 1587/1587/1587 1599/1599/1599
f 1587/1587/1587 1598/1598/1598 1599/1599/1599
f 1589/1589/1589 1588/1588/1588 1600/1600/1600
f 1588/1588/1588 1599/1599/1599 1600/1600/1600
f 1591/1591/1591 1590/1590/1590 1602/1602/1602
f 1590/1590/1590 1601/1601/1601 1602/1602/1602
f 1592/1592/1592 1591/1591/1591 1603/1603/1603
f 1591/1591/1591 1602/1602/1602 1603/1603/1603
f 1593/1593/1593 1592/1592/1592 1604/1604/1604
f 1592/1592/1592 1603/1603/1603 1604/1604/1604
f 1594/1594/1594 1593/1593/1593 1605/1605/1605
f 1593/1593/1593 1604/1604/1604 1605/1605/1605
f 1595/1595/1595 1594/1594/1594 1606/1606/1606
f 1594/1594/1594 1605/1605/1605 1606/1606/1606
f 1596/1596/1596 1595/1595/1595 1607/1607/1607
f 1595/1595/1595 1606/1606/1606 1607/1607/1607
f 1597/1597/1597 1596/1596/1596 1608/1608/1608
f 1596/1596/1596 1607/1607/1607 1608/1608/1608
f 1598/1598/1598 1597/1597/1597 1609/1609/1609
f 1597/1597/1597 1608/1608/1608 1609/1609/1609
f 1599/1599/1599 1598/1598/1598 1610/1610/1610
f 1598/1598/1598 1609/1609/1609 1610/1610/1610
f 1600/1600/1600 1599/1599/1599 1611/1611/1611
f 1599/1599/1599 1610/1610/1610 1611/1611/1611
f 1602/1602/1602 1601/1601/1601 1613/1613/1613
f 1603/1603/1603 1602/1602/1602 1614/1614/1614
f 1604/1604/1604 1603/1603/1603 1615/1615/1615
f 1605/1605/1605 1604/1604/1604 1616/1616/1616
f 1606/1606/1606 1605/1605/1605 1617/1617/1617
f 1607/1607/1607 1606/1606/1606 1618/1618/1618
f 1608/1608/1608 1607/1607/1607 1619/1619/1619
f 1609/1609/1609 1608/1608/1608 1620/1620/1620
f 1610/1610/1610 1609/1609/1609 1621/1621/1621
f 1611/1611/1611 1610/1610/1610 1622/1622/1622
f 1623/1623/1623 1634/1634/1634 1635/1635/1635
f 1624/1624/1624 1635/1635/1635 1636/1636/1636
f 1625/1625/1625 1636/1636/1636 1637/1637/1637
f 1626/1626/1626 1637/1637/1637 1638/1638/1638
f 1627/1627/1627 1638/1638/1638 1639/1639/1639
f 1628/1628/1628 1639/1639/1639 1640/1640/1640
f 1629/1629/1629 1640/1640/1640 1641/1641/1641
f 1630/1630/1630 1641/1641/1641 1642/1642/1642
f 1631/1631/1631 1642/1642/1642 1643/1643/1643
f 1632/1632/1632 1643/1643/1643 1644/1644/1644
f 1635/1635/1635 1634/1634/1634 1646/1646/1646
f 1634/1634/1634 1645/1645/1645 1646/1646/1646
f 1636/1636/1636 1635/1635/1635 1647/1647/1647
f 1635/1635/1635 1646/1646/1646 1647/1647/1647
f 1637/1637/1637 1636/1636/1636 1648/1648/1648
f 1636/1636/1636 1647/1647/1647 1648/1648/1648
f 1638/1638/1638 1637/1637/1637 1649/1649/1649
f 1637/1637/1637 1648/1648/1648 1649/1649/1649
f 1639/1639/1639 1638/1638/1638 1650/1650/1650
f 1638/1638/1638 1649/1649/1649 1650/1650/1650
f 1640/1640/1640 1639/1639/1639 1651/1651/1651
f 1639/1639/1639 1650/1650/1650 1651/1651/1651
f 1641/1641/1641 1640/1640/1640 1652/1652/1652
f 1640/1640/1640 1651/1651/1651 1652/1652/1652
f 1642/1642/1642 1641/1641/1641 1653/1653/1653
f 1641/1641/1641 1652/1652/1652 1653/1653/1653
f 1643/1643/1643 1642/1642/1642 1654/1654/1654
f 1642/1642/1642 1653/1653/1653 1654/1654/1654
f 1644/1644/1644 1643/1643/1643 1655/1655/1655
f 1643/1643/1643 1654/1654/1654 1655/1655/1655
f 1646/1646/1646 1645/1645/1645 1657/1657/1657
f 1645/1645/1645 1656/1656/1656 1657/1657/1657
f 1647/1647/1647 1646/1646/1646 1658/1658/1658
f 1646/1646/1646 1657/1657/1657 1658/1658/1658
f 1648/1648/1648 1647/1647/1647 1659/1659/1659
f 1647/1647/1647 1658/1658/1658 1659/1659/1659
f 1649/1649/1649 1648/1648/1648 1660/1660/1660
f 1648/1648/1648 1659/1659/1659 1660/1660/1660
f 1650/1650/1650 1649/1649/1649 1661/1661/1661
f 1649/1649/1649 1660/1660/1660 1661/1661/1661
f 1651/1651/1651 1650/1650/1650 1662/1662/1662
f 1650/1650/1650 1661/1661/1661 1662/1662/1662
f 1652/1652/1652 1651/1651/1651 1663/1663/1663
f 1651/1651/1651 1662/1662/1662 1663/1663/1663
f 1653/1653/1653 1652/1652/1652 1664/1664/1664
f 1652/1652/1652 1663/1663/1663 1664/1664/1664
f 1654/1654/1654 1653/1653/1653 1665/1665/1665
f 1653/1653/1653 1664/1664/1664 1665/1665/1665
f 1655/1655/1655 1654/1654/1654 1666/1666/1666
f 1654/1654/1654 1665/1665/1665 1666/1666/1666
f 1657/1657/1657 1656/1656/1656 1668/1668/1668
f 1656/1656/1656 1667/1667/1667 1668/1668/1668
f 1658/1658/1658 1657/1657/1657 1669/1669/1669
f 1657/1657/1657 1668/1668/1668 1669/1669/1669
f 1659/1659/1659 1658/1658/1658 1670/1670/1670
f 1658/1658/1658 1669/1669/1669 1670/1670/1670
f 1660/1660/1660 1659/1659/1659 1671/1671/1671
f 1659/1659/1659 1670/1670/1670 1671/1671/1671
f 1661/1661/1661 1660/1660/1660 1672/1672/1672
f 1660/1660/1660 1671/1671/1671 1672/1672/1672
f 1662/1662/1662 1661/1661/1661 1673/1673/1673
f 1661/1661/1661 1672/1672/1672 1673/1673/1673
f 1663/1663/1663 1662/1662/1662 1674/1674/1674
f 1662/1662/1662 1673/1673/1673 1674/1674/1674
f 1664/1664/1664 1663/1663/1663 1675/1675/1675
f 1663/1663/1663 1674/1674/1674 1675/1675/1675
f 1665/1665/1665 1664/1664/1664 1676/1676/1676
f 1664/1664/1664 1675/1675/1675 1676/1676/1676
f 1666/1666/1666 1665/1665/1665 1677/1677/1677
f 1665/1665/1665 1676/1676/1676 1677/1677/1677
f 1668/1668/1668 1667/1667/1667 1679/1679/1679
f 1667/1667/1667 1678/1678/1678 1679/1679/1679
f 1669/1669/1669 1668/1668/1668 1680/1680/1680
f 1668/1668/1668 1679/1679/1679 1680/1680/1680
f 1670/1670/1670 1669/1669/1669 1681/1681/1681
f 1669/1669/1669 1680/1680/1680 1681/1681/1681
f 1671/1671/1671 1670/1670/1670 1682/1682/1682
f 1670/1670/1670 1681/1681/1681 1682/1682/1682
f 1672/1672/1672 1671/1671/1671 1683/1683/1683
f 1671/1671/1671 1682/1682/1682 1683/1683/1683
f 1673/1673/1673 1672/1672/1672 1684/1684/1684
f 1672/1672/1672 1683/1683/1683 1684/1684/1684
f 1674/1674/1674 1673/1673/1673 1685/1685/1685
f 1673/1673/1673 1684/1684/1684 1685/1685/1685
f 1675/1675/1675 1674/1674/1674 1686/1686/1686
f 1674/1674/1674 1685/1685/1685 1686/1686/1686
f 1676/1676/1676 1675/1675/1675 1687/1687/1687
f 1675/1675/1675 1686/1686/1686 1687/1687/1687
f 1677/1677/1677 1676/1676/1676 1688/1688/1688
f 1676/1676/1676 1687/1687/1687 1688/1688/1688
f 1679/1679/1679 1678/1678/1678 1690/1690/1690
f 1678/1678/1678 1689/1689/1689 1690/1690/1690
f 1680/1680/1680 1679/1679/1679 1691/1691/1691
f 1679/1679/1679 1690/1690/1690 1691/1691/1691
f 1681/1681/1681 1680/1680/1680 1692/1692/1692
f 1680/1680/1680 1691/1691/1691 1692/1692/1692
f 1682/1682/1682 1681/1681/1681 1693/1693/1693
f 1681/1681/1681 1692/1692/1692 1693/1693/1693
f 1683/1683/1683 1682/1682/1682 1694/1694/1694
f 1682/1682/1682 1693/1693/1693 1694/1694/1694
f 1684/1684/1684 1683/1683/1683 1695/1695/1695
f 1683/1683/1683 1694/1694/1694 1695/1695/1695
f 1685/1685/1685 1684/1684/1684 1696/1696/1696
f 1684/1684/1684 1695/1695/1695 1696/1696/1696
f 1686/1686/1686 1685/1685/1685 1697/1697/1697
f 1685/1685/1685 1696/1696/1696 1697/1697/1697
f 1687/1687/1687 1686/1686/1686 1698/1698/1698
f 1686/1686/1686 1697/1697/1697 1698/1698/1698
f 1688/1688/1688 1687/1687/1687 1699/1699/1699
f 1687/1687/1687 1698/1698/1698 1699/1699/1699
f 1690/1690/1690 1689/1689/1689 1701/1701/1701
f 1689/1689/1689 1700/1700/1700 1701/1701/1701
f 1691/1691/1691 1690/1690/1690 1702/1702/1702
f 1690/1690/1690 1701/1701/1701 1702/1702/1702
f 1692/1692/1692 1691/1691/1691 1703/1703/1703
f 1691/1691/1691 1702/1702/1702 1703/1703/1703
f 1693/1693/1693 1692/1692/1692 1704/1704/1704
f 1692/1692/1692 1703/1703/1703 1704/1704/1704
f 1694/1694/1694 1693/1693/1693 1705/1705/1705
f 1693/1693/1693 1704/1704/1704 1705/1705/1705
f 1695/1695/1695 1694/1694/1694 1706/1706/1706
f 1694/1694/1694 1705/1705/1705 1706/1706/1706
f 1696/1696/1696 1695/1695/1695 1707/1707/1707
f 1695/1695/1695 1706/1706/1706 1707/1707/1707
f 1697/1697/1697 1696/1696/1696 1708/1708/1708
f 1696/1696/1696 1707/1707/1707 1708/1708/1708
f 1698/1698/1698 1697/1697/1697 1709/1709/1709
f 1697/1697/1697 1708/1708/1708 1709/1709/1709
f 1699/1699/1699 1698/1698/1698 1710/1710/1710
f 1698/1698/1698 1709/1709/1709 1710/1710/1710
f 1701/1701/1701 1700/1700/1700 1712/1712/1712
f 1702/1702/1702 1701/1701/1701 1713/1713/1713
f 1703/1703/1703 1702/1702/1702 1714/1714/1714
f 1704/1704/1704 1703/1703/1703 1715/1715/1715
f 1705/1705/1705 1704/1704/1704 1716/1716/1716
f 1706/1706/1706 1705/1705/1705 1717/1717/1717
f 1707/1707/1707 1706/1706/1706 1718/1718/1718
f 1708/1708/1708 1707/1707/1707 1719/1719/1719
f 1709/1709/1709 1708/1708/1708 1720/1720/1720
f 1710/1710/1710 1709/1709/1709 1721/1721/1721
o Mouth
g Mouth
usemtl Mouth
v -0.07199999690055847 0.20200000703334808 0.48647674918174744
v -0.07061654329299927 0.18795350193977356 0.48647674918174744
v -0.06651932746171951 0.17444679141044617 0.48647674918174744
v -0.059865813702344894 0.1619989424943924 0.48647674918174744
v -0.050911687314510345 0.15108831226825714 0.48647674918174744
v -0.04000105708837509 0.1421341896057129 0.48647674918174744
v -0.02755320630967617 0.13548067212104797 0.48647674918174744
v -0.014046503230929375 0.13138346374034882 0.48647674918174744
v -1.3226184552081935e-17 0.1300000101327896 0.48647674918174744
v 0.014046503230929375 0.13138346374034882 0.48647674918174744
v 0.02755320630967617 0.13548067212104797 0.48647674918174744
v 0.04000105708837509 0.1421341896057129 0.48647674918174744
v 0.050911687314510345 0.15108831226825714 0.48647674918174744
v 0.059865813702344894 0.1619989424943924 0.48647674918174744
v 0.06651932746171951 0.17444679141044617 0.48647674918174744
v 0.07061654329299927 0.18795350193977356 0.48647674918174744
v 0.07199999690055847 0.20200000703334808 0.48647674918174744
v -0.06499999761581421 0.20200000703334808 0.49860110878944397
v -0.06375104188919067 0.18931913375854492 0.49860110878944397
v -0.06005217134952545 0.17712557315826416 0.49860110878944397
v -0.05404552444815636 0.16588793694972992 0.49860110878944397
v -0.04596194252371788 0.1560380607843399 0.49860110878944397
v -0.036112066358327866 0.14795447885990143 0.49860110878944397
v -0.024874422699213028 0.14194783568382263 0.49860110878944397
v -0.012680870480835438 0.1382489651441574 0.49860110878944397
v -1.1940305820088652e-17 0.13700000941753387 0.49860110878944397
v 0.012680870480835438 0.1382489651441574 0.49860110878944397
v 0.024874422699213028 0.14194783568382263 0.49860110878944397
v 0.036112066358327866 0.14795447885990143 0.49860110878944397
v 0.04596194252371788 0.1560380607843399 0.49860110878944397
v 0.05404552444815636 0.16588793694972992 0.49860110878944397
v 0.06005217134952545 0.17712557315826416 0.49860110878944397
v 0.06375104188919067 0.18931913375854492 0.49860110878944397
v 0.06499999761581421 0.20200000703334808 0.49860110878944397
v -0.050999999046325684 0.20200000703334808 0.49860110878944397
v -0.05002005025744438 0.19205039739608765 0.49860110878944397
v -0.04711785539984703 0.18248315155506134 0.49860110878944397
v -0.04240494966506958 0.17366592586040497 0.49860110878944397
v -0.03606244549155235 0.16593755781650543 0.49860110878944397
v -0.028334081172943115 0.1595950573682785 0.49860110878944397
v -0.019516855478286743 0.15488214790821075 0.49860110878944397
v -0.009949606843292713 0.1519799530506134 0.49860110878944397
v -9.368547528921473e-18 0.1510000079870224 0.49860110878944397
v 0.009949606843292713 0.1519799530506134 0.49860110878944397
v 0.019516855478286743 0.15488214790821075 0.49860110878944397
v 0.028334081172943115 0.1595950573682785 0.49860110878944397
v 0.03606244549155235 0.16593755781650543 0.49860110878944397
v 0.04240494966506958 0.17366592586040497 0.49860110878944397
v 0.04711785539984703 0.18248315155506134 0.49860110878944397
v 0.05002005025744438 0.19205039739608765 0.49860110878944397
v 0.050999999046325684 0.20200000703334808 0.49860110878944397
v -0.04399999976158142 0.20200000703334808 0.48647674918174744
v -0.043154552578926086 0.193416029214859 0.48647674918174744
v -0.04065069928765297 0.18516193330287933 0.48647674918174744
v -0.03658466413617134 0.1775549054145813 0.48647674918174744
v -0.03111269883811474 0.1708873063325882 0.48647674918174744
v -0.02444509044289589 0.16541533172130585 0.48647674918174744
v -0.0168380718678236 0.16134929656982422 0.48647674918174744
v -0.008583974093198776 0.158845454454422 0.48647674918174744
v -8.08266879692819e-18 0.15800000727176666 0.48647674918174744
v 0.008583974093198776 0.158845454454422 0.48647674918174744
v 0.0168380718678236 0.16134929656982422 0.48647674918174744
v 0.02444509044289589 0.16541533172130585 0.48647674918174744
v 0.03111269883811474 0.1708873063325882 0.48647674918174744
v 0.03658466413617134 0.1775549054145813 0.48647674918174744
v 0.04065069928765297 0.18516193330287933 0.48647674918174744
v 0.043154552578926086 0.193416029214859 0.48647674918174744
v 0.04399999976158142 0.20200000703334808 0.48647674918174744
v -0.050999999046325684 0.20200000703334808 0.4743523895740509
v -0.05002005025744438 0.19205039739608765 0.4743523895740509
v -0.04711785539984703 0.18248315155506134 0.4743523895740509
v -0.04240494966506958 0.17366592586040497 0.4743523895740509
v -0.03606244549155235 0.16593755781650543 0.4743523895740509
v -0.028334081172943115 0.1595950573682785 0.4743523895740509
v -0.019516855478286743 0.15488214790821075 0.4743523895740509
v -0.009949606843292713 0.1519799530506134 0.4743523895740509
v -9.368547528921473e-18 0.1510000079870224 0.4743523895740509
v 0.009949606843292713 0.1519799530506134 0.4743523895740509
v 0.019516855478286743 0.15488214790821075 0.4743523895740509
v 0.028334081172943115 0.1595950573682785 0.4743523895740509
v 0.03606244549155235 0.16593755781650543 0.4743523895740509
v 0.04240494966506958 0.17366592586040497 0.4743523895740509
v 0.04711785539984703 0.18248315155506134 0.4743523895740509
v 0.05002005025744438 0.19205039739608765 0.4743523895740509
v 0.050999999046325684 0.20200000703334808 0.4743523895740509
v -0.06499999761581421 0.20200000703334808 0.4743523895740509
v -0.06375104188919067 0.18931913375854492 0.4743523895740509
v -0.06005217134952545 0.17712557315826416 0.4743523895740509
v -0.05404552444815636 0.16588793694972992 0.4743523895740509
v -0.04596194252371788 0.1560380607843399 0.4743523895740509
v -0.036112066358327866 0.14795447885990143 0.4743523895740509
v -0.024874422699213028 0.14194783568382263 0.4743523895740509
v -0.012680870480835438 0.1382489651441574 0.4743523895740509
v -1.1940305820088652e-17 0.13700000941753387 0.4743523895740509
v 0.012680870480835438 0.1382489651441574 0.4743523895740509
v 0.024874422699213028 0.14194783568382263 0.4743523895740509
v 0.036112066358327866 0.14795447885990143 0.4743523895740509
v 0.04596194252371788 0.1560380607843399 0.4743523895740509
v 0.05404552444815636 0.16588793694972992 0.4743523895740509
v 0.06005217134952545 0.17712557315826416 0.4743523895740509
v 0.06375104188919067 0.18931913375854492 0.4743523895740509
v 0.06499999761581421 0.20200000703334808 0.4743523895740509
v -0.07199999690055847 0.20200000703334808 0.48647674918174744
v -0.07061654329299927 0.18795350193977356 0.48647674918174744
v -0.06651932746171951 0.17444679141044617 0.48647674918174744
v -0.059865813702344894 0.1619989424943924 0.48647674918174744
v -0.050911687314510345 0.15108831226825714 0.48647674918174744
v -0.04000105708837509 0.1421341896057129 0.48647674918174744
v -0.02755320630967617 0.13548067212104797 0.48647674918174744
v -0.014046503230929375 0.13138346374034882 0.48647674918174744
v -1.3226184552081935e-17 0.1300000101327896 0.48647674918174744
v 0.014046503230929375 0.13138346374034882 0.48647674918174744
v 0.02755320630967617 0.13548067212104797 0.48647674918174744
v 0.04000105708837509 0.1421341896057129 0.48647674918174744
v 0.050911687314510345 0.15108831226825714 0.48647674918174744
v 0.059865813702344894 0.1619989424943924 0.48647674918174744
v 0.06651932746171951 0.17444679141044617 0.48647674918174744
v 0.07061654329299927 0.18795350193977356 0.48647674918174744
v 0.07199999690055847 0.20200000703334808 0.48647674918174744
vt 0 0
vt 0.0625 0
vt 0.125 0
vt 0.1875 0
vt 0.25 0
vt 0.3125 0
vt 0.375 0
vt 0.4375 0
vt 0.5 0
vt 0.5625 0
vt 0.625 0
vt 0.6875 0
vt 0.75 0
vt 0.8125 0
vt 0.875 0
vt 0.9375 0
vt 1 0
vt 0 0.1666666716337204
vt 0.0625 0.1666666716337204
vt 0.125 0.1666666716337204
vt 0.1875 0.1666666716337204
vt 0.25 0.1666666716337204
vt 0.3125 0.1666666716337204
vt 0.375 0.1666666716337204
vt 0.4375 0.1666666716337204
vt 0.5 0.1666666716337204
vt 0.5625 0.1666666716337204
vt 0.625 0.1666666716337204
vt 0.6875 0.1666666716337204
vt 0.75 0.1666666716337204
vt 0.8125 0.1666666716337204
vt 0.875 0.1666666716337204
vt 0.9375 0.1666666716337204
vt 1 0.1666666716337204
vt 0 0.3333333432674408
vt 0.0625 0.3333333432674408
vt 0.125 0.3333333432674408
vt 0.1875 0.3333333432674408
vt 0.25 0.3333333432674408
vt 0.3125 0.3333333432674408
vt 0.375 0.3333333432674408
vt 0.4375 0.3333333432674408
vt 0.5 0.3333333432674408
vt 0.5625 0.3333333432674408
vt 0.625 0.3333333432674408
vt 0.6875 0.3333333432674408
vt 0.75 0.3333333432674408
vt 0.8125 0.3333333432674408
vt 0.875 0.3333333432674408
vt 0.9375 0.3333333432674408
vt 1 0.3333333432674408
vt 0 0.5
vt 0.0625 0.5
vt 0.125 0.5
vt 0.1875 0.5
vt 0.25 0.5
vt 0.3125 0.5
vt 0.375 0.5
vt 0.4375 0.5
vt 0.5 0.5
vt 0.5625 0.5
vt 0.625 0.5
vt 0.6875 0.5
vt 0.75 0.5
vt 0.8125 0.5
vt 0.875 0.5
vt 0.9375 0.5
vt 1 0.5
vt 0 0.6666666865348816
vt 0.0625 0.6666666865348816
vt 0.125 0.6666666865348816
vt 0.1875 0.6666666865348816
vt 0.25 0.6666666865348816
vt 0.3125 0.6666666865348816
vt 0.375 0.6666666865348816
vt 0.4375 0.6666666865348816
vt 0.5 0.6666666865348816
vt 0.5625 0.6666666865348816
vt 0.625 0.6666666865348816
vt 0.6875 0.6666666865348816
vt 0.75 0.6666666865348816
vt 0.8125 0.6666666865348816
vt 0.875 0.6666666865348816
vt 0.9375 0.6666666865348816
vt 1 0.6666666865348816
vt 0 0.8333333134651184
vt 0.0625 0.8333333134651184
vt 0.125 0.8333333134651184
vt 0.1875 0.8333333134651184
vt 0.25 0.8333333134651184
vt 0.3125 0.8333333134651184
vt 0.375 0.8333333134651184
vt 0.4375 0.8333333134651184
vt 0.5 0.8333333134651184
vt 0.5625 0.8333333134651184
vt 0.625 0.8333333134651184
vt 0.6875 0.8333333134651184
vt 0.75 0.8333333134651184
vt 0.8125 0.8333333134651184
vt 0.875 0.8333333134651184
vt 0.9375 0.8333333134651184
vt 1 0.8333333134651184
vt 0 1
vt 0.0625 1
vt 0.125 1
vt 0.1875 1
vt 0.25 1
vt 0.3125 1
vt 0.375 1
vt 0.4375 1
vt 0.5 1
vt 0.5625 1
vt 0.625 1
vt 0.6875 1
vt 0.75 1
vt 0.8125 1
vt 0.875 1
vt 0.9375 1
vt 1 1
vn -1 1.2246468525851679e-16 0
vn -0.9807852789517083 -0.19509032931342324 0
vn -0.9238795305660377 -0.3826834370613369 0
vn -0.8314696016585884 -0.555570248949409 0
vn -0.7071067811865476 -0.7071067811865476 0
vn -0.555570248949409 -0.8314696016585884 0
vn -0.3826834370613369 -0.9238795305660377 0
vn -0.19509032931342324 -0.9807852789517083 0
vn -1.8369702788777518e-16 -1 0
vn 0.19509032931342324 -0.9807852789517083 0
vn 0.3826834370613369 -0.9238795305660377 0
vn 0.555570248949409 -0.8314696016585884 0
vn 0.7071067811865476 -0.7071067811865476 0
vn 0.8314696016585884 -0.555570248949409 0
vn 0.9238795305660377 -0.3826834370613369 0
vn 0.9807852789517083 -0.19509032931342324 0
vn 1 -2.4492937051703357e-16 0
vn -0.5000000067305869 6.12323434535176e-17 0.8660253998985324
vn -0.49039263546913286 -0.09754516385972517 0.86602540614304
vn -0.4619397616154296 -0.19134171701150324 0.8660254060763862
vn -0.4157348040907075 -0.2777851266539113 0.8660254015198005
vn -0.3535533908144109 -0.3535533908144109 0.8660254036038809
vn -0.2777851266539113 -0.4157348040907075 0.8660254015198005
vn -0.19134171701150324 -0.4619397616154296 0.8660254060763862
vn -0.09754516385972517 -0.49039263546913286 0.86602540614304
vn -9.18485151802764e-17 -0.5000000067305869 0.8660253998985324
vn 0.09754516385972517 -0.49039263546913286 0.86602540614304
vn 0.19134171701150324 -0.4619397616154296 0.8660254060763862
vn 0.2777851266539113 -0.4157348040907075 0.8660254015198005
vn 0.3535533908144109 -0.3535533908144109 0.8660254036038809
vn 0.4157348040907075 -0.2777851266539113 0.8660254015198005
vn 0.4619397616154296 -0.19134171701150324 0.8660254060763862
vn 0.49039263546913286 -0.09754516385972517 0.86602540614304
vn 0.5000000067305869 -1.224646869070352e-16 0.8660253998985324
vn 0.5000000067305869 -6.12323434535176e-17 0.8660253998985324
vn 0.49039263546913286 0.09754516385972517 0.86602540614304
vn 0.4619397616154296 0.19134171701150324 0.8660254060763862
vn 0.4157348040907075 0.2777851266539113 0.8660254015198005
vn 0.3535533908144109 0.3535533908144109 0.8660254036038809
vn 0.2777851266539113 0.4157348040907075 0.8660254015198005
vn 0.19134171701150324 0.4619397616154296 0.8660254060763862
vn 0.09754516385972517 0.49039263546913286 0.86602540614304
vn 9.18485151802764e-17 0.5000000067305869 0.8660253998985324
vn -0.09754516385972517 0.49039263546913286 0.86602540614304
vn -0.19134171701150324 0.4619397616154296 0.8660254060763862
vn -0.2777851266539113 0.4157348040907075 0.8660254015198005
vn -0.3535533908144109 0.3535533908144109 0.8660254036038809
vn -0.4157348040907075 0.2777851266539113 0.8660254015198005
vn -0.4619397616154296 0.19134171701150324 0.8660254060763862
vn -0.49039263546913286 0.09754516385972517 0.86602540614304
vn -0.5000000067305869 1.224646869070352e-16 0.8660253998985324
vn 1 -1.2246468525851679e-16 1.2246468525851679e-16
vn 0.9807852789517083 0.19509032931342324 1.2246468879066106e-16
vn 0.9238795305660377 0.3826834370613369 1.2246468875295903e-16
vn 0.8314696016585884 0.555570248949409 1.2246468617557101e-16
vn 0.7071067811865476 0.7071067811865476 1.2246468735441063e-16
vn 0.555570248949409 0.8314696016585884 1.2246468617557101e-16
vn 0.3826834370613369 0.9238795305660377 1.2246468875295903e-16
vn 0.19509032931342324 0.9807852789517083 1.2246468879066106e-16
vn 1.8369702788777518e-16 1 1.2246468525851679e-16
vn -0.19509032931342324 0.9807852789517083 1.2246468879066106e-16
vn -0.3826834370613369 0.9238795305660377 1.2246468875295903e-16
vn -0.555570248949409 0.8314696016585884 1.2246468617557101e-16
vn -0.7071067811865476 0.7071067811865476 1.2246468735441063e-16
vn -0.8314696016585884 0.555570248949409 1.2246468617557101e-16
vn -0.9238795305660377 0.3826834370613369 1.2246468875295903e-16
vn -0.9807852789517083 0.19509032931342324 1.2246468879066106e-16
vn -1 2.4492937051703357e-16 1.2246468525851679e-16
vn 0.5000000067305869 -6.12323434535176e-17 -0.8660253998985324
vn 0.49039263546913286 0.09754516385972517 -0.86602540614304
vn 0.4619397616154296 0.19134171701150324 -0.8660254060763862
vn 0.4157348040907075 0.2777851266539113 -0.8660254015198005
vn 0.3535533908144109 0.3535533908144109 -0.8660254036038809
vn 0.2777851266539113 0.4157348040907075 -0.8660254015198005
vn 0.19134171701150324 0.4619397616154296 -0.8660254060763862
vn 0.09754516385972517 0.49039263546913286 -0.86602540614304
vn 9.18485151802764e-17 0.5000000067305869 -0.8660253998985324
vn -0.09754516385972517 0.49039263546913286 -0.86602540614304
vn -0.19134171701150324 0.4619397616154296 -0.8660254060763862
vn -0.2777851266539113 0.4157348040907075 -0.8660254015198005
vn -0.3535533908144109 0.3535533908144109 -0.8660254036038809
vn -0.4157348040907075 0.2777851266539113 -0.8660254015198005
vn -0.4619397616154296 0.19134171701150324 -0.8660254060763862
vn -0.49039263546913286 0.09754516385972517 -0.86602540614304
vn -0.5000000067305869 1.224646869070352e-16 -0.8660253998985324
vn -0.5000000067305869 6.12323434535176e-17 -0.8660253998985324
vn -0.49039263546913286 -0.09754516385972517 -0.86602540614304
vn -0.4619397616154296 -0.19134171701150324 -0.8660254060763862
vn -0.4157348040907075 -0.2777851266539113 -0.8660254015198005
vn -0.3535533908144109 -0.3535533908144109 -0.8660254036038809
vn -0.2777851266539113 -0.4157348040907075 -0.8660254015198005
vn -0.19134171701150324 -0.4619397616154296 -0.8660254060763862
vn -0.09754516385972517 -0.49039263546913286 -0.86602540614304
vn -9.18485151802764e-17 -0.5000000067305869 -0.8660253998985324
vn 0.09754516385972517 -0.49039263546913286 -0.86602540614304
vn 0.19134171701150324 -0.4619397616154296 -0.8660254060763862
vn 0.2777851266539113 -0.4157348040907075 -0.8660254015198005
vn 0.3535533908144109 -0.3535533908144109 -0.8660254036038809
vn 0.4157348040907075 -0.2777851266539113 -0.8660254015198005
vn 0.4619397616154296 -0.19134171701150324 -0.8660254060763862
vn 0.49039263546913286 -0.09754516385972517 -0.86602540614304
vn 0.5000000067305869 -1.224646869070352e-16 -0.8660253998985324
vn -1 1.2246468525851679e-16 -2.4492937051703357e-16
vn -0.9807852789517083 -0.19509032931342324 -2.449293775813221e-16
vn -0.9238795305660377 -0.3826834370613369 -2.4492937750591807e-16
vn -0.8314696016585884 -0.555570248949409 -2.4492937235114203e-16
vn -0.7071067811865476 -0.7071067811865476 -2.4492937470882127e-16
vn -0.555570248949409 -0.8314696016585884 -2.4492937235114203e-16
vn -0.3826834370613369 -0.9238795305660377 -2.4492937750591807e-16
vn -0.19509032931342324 -0.9807852789517083 -2.449293775813221e-16
vn -1.8369702788777518e-16 -1 -2.4492937051703357e-16
vn 0.19509032931342324 -0.9807852789517083 -2.449293775813221e-16
vn 0.3826834370613369 -0.9238795305660377 -2.4492937750591807e-16
vn 0.555570248949409 -0.8314696016585884 -2.4492937235114203e-16
vn 0.7071067811865476 -0.7071067811865476 -2.4492937470882127e-16
vn 0.8314696016585884 -0.555570248949409 -2.4492937235114203e-16
vn 0.9238795305660377 -0.3826834370613369 -2.4492937750591807e-16
vn 0.9807852789517083 -0.19509032931342324 -2.449293775813221e-16
vn 1 -2.4492937051703357e-16 -2.4492937051703357e-16
f 1739/1739/1739 1722/1722/1722 1740/1740/1740
f 1722/1722/1722 1723/1723/1723 1740/1740/1740
f 1740/1740/1740 1723/1723/1723 1741/1741/1741
f 1723/1723/1723 1724/1724/1724 1741/1741/1741
f 1741/1741/1741 1724/1724/1724 1742/1742/1742
f 1724/1724/1724 1725/1725/1725 1742/1742/1742
f 1742/1742/1742 1725/1725/1725 1743/1743/1743
f 1725/1725/1725 1726/1726/1726 1743/1743/1743
f 1743/1743/1743 1726/1726/1726 1744/1744/1744
f 1726/1726/1726 1727/1727/1727 1744/1744/1744
f 1744/1744/1744 1727/1727/1727 1745/1745/1745
f 1727/1727/1727 1728/1728/1728 1745/1745/1745
f 1745/1745/1745 1728/1728/1728 1746/1746/1746
f 1728/1728/1728 1729/1729/1729 1746/1746/1746
f 1746/1746/1746 1729/1729/1729 1747/1747/1747
f 1729/1729/1729 1730/1730/1730 1747/1747/1747
f 1747/1747/1747 1730/1730/1730 1748/1748/1748
f 1730/1730/1730 1731/1731/1731 1748/1748/1748
f 1748/1748/1748 1731/1731/1731 1749/1749/1749
f 1731/1731/1731 1732/1732/1732 1749/1749/1749
f 1749/1749/1749 1732/1732/1732 1750/1750/1750
f 1732/1732/1732 1733/1733/1733 1750/1750/1750
f 1750/1750/1750 1733/1733/1733 1751/1751/1751
f 1733/1733/1733 1734/1734/1734 1751/1751/1751
f 1751/1751/1751 1734/1734/1734 1752/1752/1752
f 1734/1734/1734 1735/1735/1735 1752/1752/1752
f 1752/1752/1752 1735/1735/1735 1753/1753/1753
f 1735/1735/1735 1736/1736/1736 1753/1753/1753
f 1753/1753/1753 1736/1736/1736 1754/1754/1754
f 1736/1736/1736 1737/1737/1737 1754/1754/1754
f 1754/1754/1754 1737/1737/1737 1755/1755/1755
f 1737/1737/1737 1738/1738/1738 1755/1755/1755
f 1756/1756/1756 1739/1739/1739 1757/1757/1757
f 1739/1739/1739 1740/1740/1740 1757/1757/1757
f 1757/1757/1757 1740/1740/1740 1758/1758/1758
f 1740/1740/1740 1741/1741/1741 1758/1758/1758
f 1758/1758/1758 1741/1741/1741 1759/1759/1759
f 1741/1741/1741 1742/1742/1742 1759/1759/1759
f 1759/1759/1759 1742/1742/1742 1760/1760/1760
f 1742/1742/1742 1743/1743/1743 1760/1760/1760
f 1760/1760/1760 1743/1743/1743 1761/1761/1761
f 1743/1743/1743 1744/1744/1744 1761/1761/1761
f 1761/1761/1761 1744/1744/1744 1762/1762/1762
f 1744/1744/1744 1745/1745/1745 1762/1762/1762
f 1762/1762/1762 1745/1745/1745 1763/1763/1763
f 1745/1745/1745 1746/1746/1746 1763/1763/1763
f 1763/1763/1763 1746/1746/1746 1764/1764/1764
f 1746/1746/1746 1747/1747/1747 1764/1764/1764
f 1764/1764/1764 1747/1747/1747 1765/1765/1765
f 1747/1747/1747 1748/1748/1748 1765/1765/1765
f 1765/1765/1765 1748/1748/1748 1766/1766/1766
f 1748/1748/1748 1749/1749/1749 1766/1766/1766
f 1766/1766/1766 1749/1749/1749 1767/1767/1767
f 1749/1749/1749 1750/1750/1750 1767/1767/1767
f 1767/1767/1767 1750/1750/1750 1768/1768/1768
f 1750/1750/1750 1751/1751/1751 1768/1768/1768
f 1768/1768/1768 1751/1751/1751 1769/1769/1769
f 1751/1751/1751 1752/1752/1752 1769/1769/1769
f 1769/1769/1769 1752/1752/1752 1770/1770/1770
f 1752/1752/1752 1753/1753/1753 1770/1770/1770
f 1770/1770/1770 1753/1753/1753 1771/1771/1771
f 1753/1753/1753 1754/1754/1754 1771/1771/1771
f 1771/1771/1771 1754/1754/1754 1772/1772/1772
f 1754/1754/1754 1755/1755/1755 1772/1772/1772
f 1773/1773/1773 1756/1756/1756 1774/1774/1774
f 1756/1756/1756 1757/1757/1757 1774/1774/1774
f 1774/1774/1774 1757/1757/1757 1775/1775/1775
f 1757/1757/1757 1758/1758/1758 1775/1775/1775
f 1775/1775/1775 1758/1758/1758 1776/1776/1776
f 1758/1758/1758 1759/1759/1759 1776/1776/1776
f 1776/1776/1776 1759/1759/1759 1777/1777/1777
f 1759/1759/1759 1760/1760/1760 1777/1777/1777
f 1777/1777/1777 1760/1760/1760 1778/1778/1778
f 1760/1760/1760 1761/1761/1761 1778/1778/1778
f 1778/1778/1778 1761/1761/1761 1779/1779/1779
f 1761/1761/1761 1762/1762/1762 1779/1779/1779
f 1779/1779/1779 1762/1762/1762 1780/1780/1780
f 1762/1762/1762 1763/1763/1763 1780/1780/1780
f 1780/1780/1780 1763/1763/1763 1781/1781/1781
f 1763/1763/1763 1764/1764/1764 1781/1781/1781
f 1781/1781/1781 1764/1764/1764 1782/1782/1782
f 1764/1764/1764 1765/1765/1765 1782/1782/1782
f 1782/1782/1782 1765/1765/1765 1783/1783/1783
f 1765/1765/1765 1766/1766/1766 1783/1783/1783
f 1783/1783/1783 1766/1766/1766 1784/1784/1784
f 1766/1766/1766 1767/1767/1767 1784/1784/1784
f 1784/1784/1784 1767/1767/1767 1785/1785/1785
f 1767/1767/1767 1768/1768/1768 1785/1785/1785
f 1785/1785/1785 1768/1768/1768 1786/1786/1786
f 1768/1768/1768 1769/1769/1769 1786/1786/1786
f 1786/1786/1786 1769/1769/1769 1787/1787/1787
f 1769/1769/1769 1770/1770/1770 1787/1787/1787
f 1787/1787/1787 1770/1770/1770 1788/1788/1788
f 1770/1770/1770 1771/1771/1771 1788/1788/1788
f 1788/1788/1788 1771/1771/1771 1789/1789/1789
f 1771/1771/1771 1772/1772/1772 1789/1789/1789
f 1790/1790/1790 1773/1773/1773 1791/1791/1791
f 1773/1773/1773 1774/1774/1774 1791/1791/1791
f 1791/1791/1791 1774/1774/1774 1792/1792/1792
f 1774/1774/1774 1775/1775/1775 1792/1792/1792
f 1792/1792/1792 1775/1775/1775 1793/1793/1793
f 1775/1775/1775 1776/1776/1776 1793/1793/1793
f 1793/1793/1793 1776/1776/1776 1794/1794/1794
f 1776/1776/1776 1777/1777/1777 1794/1794/1794
f 1794/1794/1794 1777/1777/1777 1795/1795/1795
f 1777/1777/1777 1778/1778/1778 1795/1795/1795
f 1795/1795/1795 1778/1778/1778 1796/1796/1796
f 1778/1778/1778 1779/1779/1779 1796/1796/1796
f 1796/1796/1796 1779/1779/1779 1797/1797/1797
f 1779/1779/1779 1780/1780/1780 1797/1797/1797
f 1797/1797/1797 1780/1780/1780 1798/1798/1798
f 1780/1780/1780 1781/1781/1781 1798/1798/1798
f 1798/1798/1798 1781/1781/1781 1799/1799/1799
f 1781/1781/1781 1782/1782/1782 1799/1799/1799
f 1799/1799/1799 1782/1782/1782 1800/1800/1800
f 1782/1782/1782 1783/1783/1783 1800/1800/1800
f 1800/1800/1800 1783/1783/1783 1801/1801/1801
f 1783/1783/1783 1784/1784/1784 1801/1801/1801
f 1801/1801/1801 1784/1784/1784 1802/1802/1802
f 1784/1784/1784 1785/1785/1785 1802/1802/1802
f 1802/1802/1802 1785/1785/1785 1803/1803/1803
f 1785/1785/1785 1786/1786/1786 1803/1803/1803
f 1803/1803/1803 1786/1786/1786 1804/1804/1804
f 1786/1786/1786 1787/1787/1787 1804/1804/1804
f 1804/1804/1804 1787/1787/1787 1805/1805/1805
f 1787/1787/1787 1788/1788/1788 1805/1805/1805
f 1805/1805/1805 1788/1788/1788 1806/1806/1806
f 1788/1788/1788 1789/1789/1789 1806/1806/1806
f 1807/1807/1807 1790/1790/1790 1808/1808/1808
f 1790/1790/1790 1791/1791/1791 1808/1808/1808
f 1808/1808/1808 1791/1791/1791 1809/1809/1809
f 1791/1791/1791 1792/1792/1792 1809/1809/1809
f 1809/1809/1809 1792/1792/1792 1810/1810/1810
f 1792/1792/1792 1793/1793/1793 1810/1810/1810
f 1810/1810/1810 1793/1793/1793 1811/1811/1811
f 1793/1793/1793 1794/1794/1794 1811/1811/1811
f 1811/1811/1811 1794/1794/1794 1812/1812/1812
f 1794/1794/1794 1795/1795/1795 1812/1812/1812
f 1812/1812/1812 1795/1795/1795 1813/1813/1813
f 1795/1795/1795 1796/1796/1796 1813/1813/1813
f 1813/1813/1813 1796/1796/1796 1814/1814/1814
f 1796/1796/1796 1797/1797/1797 1814/1814/1814
f 1814/1814/1814 1797/1797/1797 1815/1815/1815
f 1797/1797/1797 1798/1798/1798 1815/1815/1815
f 1815/1815/1815 1798/1798/1798 1816/1816/1816
f 1798/1798/1798 1799/1799/1799 1816/1816/1816
f 1816/1816/1816 1799/1799/1799 1817/1817/1817
f 1799/1799/1799 1800/1800/1800 1817/1817/1817
f 1817/1817/1817 1800/1800/1800 1818/1818/1818
f 1800/1800/1800 1801/1801/1801 1818/1818/1818
f 1818/1818/1818 1801/1801/1801 1819/1819/1819
f 1801/1801/1801 1802/1802/1802 1819/1819/1819
f 1819/1819/1819 1802/1802/1802 1820/1820/1820
f 1802/1802/1802 1803/1803/1803 1820/1820/1820
f 1820/1820/1820 1803/1803/1803 1821/1821/1821
f 1803/1803/1803 1804/1804/1804 1821/1821/1821
f 1821/1821/1821 1804/1804/1804 1822/1822/1822
f 1804/1804/1804 1805/1805/1805 1822/1822/1822
f 1822/1822/1822 1805/1805/1805 1823/1823/1823
f 1805/1805/1805 1806/1806/1806 1823/1823/1823
f 1824/1824/1824 1807/1807/1807 1825/1825/1825
f 1807/1807/1807 1808/1808/1808 1825/1825/1825
f 1825/1825/1825 1808/1808/1808 1826/1826/1826
f 1808/1808/1808 1809/1809/1809 1826/1826/1826
f 1826/1826/1826 1809/1809/1809 1827/1827/1827
f 1809/1809/1809 1810/1810/1810 1827/1827/1827
f 1827/1827/1827 1810/1810/1810 1828/1828/1828
f 1810/1810/1810 1811/1811/1811 1828/1828/1828
f 1828/1828/1828 1811/1811/1811 1829/1829/1829
f 1811/1811/1811 1812/1812/1812 1829/1829/1829
f 1829/1829/1829 1812/1812/1812 1830/1830/1830
f 1812/1812/1812 1813/1813/1813 1830/1830/1830
f 1830/1830/1830 1813/1813/1813 1831/1831/1831
f 1813/1813/1813 1814/1814/1814 1831/1831/1831
f 1831/1831/1831 1814/1814/1814 1832/1832/1832
f 1814/1814/1814 1815/1815/1815 1832/1832/1832
f 1832/1832/1832 1815/1815/1815 1833/1833/1833
f 1815/1815/1815 1816/1816/1816 1833/1833/1833
f 1833/1833/1833 1816/1816/1816 1834/1834/1834
f 1816/1816/1816 1817/1817/1817 1834/1834/1834
f 1834/1834/1834 1817/1817/1817 1835/1835/1835
f 1817/1817/1817 1818/1818/1818 1835/1835/1835
f 1835/1835/1835 1818/1818/1818 1836/1836/1836
f 1818/1818/1818 1819/1819/1819 1836/1836/1836
f 1836/1836/1836 1819/1819/1819 1837/1837/1837
f 1819/1819/1819 1820/1820/1820 1837/1837/1837
f 1837/1837/1837 1820/1820/1820 1838/1838/1838
f 1820/1820/1820 1821/1821/1821 1838/1838/1838
f 1838/1838/1838 1821/1821/1821 1839/1839/1839
f 1821/1821/1821 1822/1822/1822 1839/1839/1839
f 1839/1839/1839 1822/1822/1822 1840/1840/1840
f 1822/1822/1822 1823/1823/1823 1840/1840/1840
o Blush
g Blush
usemtl Blush
v -0.22711138427257538 0.22699999809265137 0.44573119282722473
v -0.2186536341905594 0.22385433316230774 0.45004063844680786
v -0.21657252311706543 0.2402135282754898 0.45110100507736206
v -0.22066493332386017 0.24883241951465607 0.4490158259868622
v -0.2285335808992386 0.24466216564178467 0.4450065493583679
v -0.23556913435459137 0.230145663022995 0.4414217472076416
v -0.23765026032924652 0.21378646790981293 0.4403613805770874
v -0.23355785012245178 0.20516759157180786 0.4424465596675873
v -0.22568918764591217 0.20933783054351807 0.44645583629608154
v -0.2186536341905594 0.22385433316230774 0.45004063844680786
v -0.2678126096725464 0.2150000035762787 0.4203816056251526
v -0.2598068416118622 0.21185433864593506 0.4254818260669708
v -0.2578369379043579 0.22821353375911713 0.4267368018627167
v -0.26171064376831055 0.2368324100971222 0.4242689907550812
v -0.26915881037712097 0.232662171125412 0.4195239841938019
v -0.2758183777332306 0.21814566850662231 0.41528135538101196
v -0.27778828144073486 0.20178647339344025 0.4140264093875885
v -0.2739145755767822 0.193167582154274 0.416494220495224
v -0.2664664089679718 0.19733783602714539 0.4212392270565033
v -0.2598068416118622 0.21185433864593506 0.4254818260669708
v -0.3057546615600586 0.2029999941587448 0.39134812355041504
v -0.29827460646629333 0.19985432922840118 0.39719220995903015
v -0.29643404483795166 0.21621352434158325 0.39863020181655884
v -0.3000533878803253 0.2248324155807495 0.39580246806144714
v -0.3070124685764313 0.2206621766090393 0.3903654217720032
v -0.31323474645614624 0.20614565908908844 0.3855040669441223
v -0.3150753080844879 0.18978647887706757 0.38406604528427124
v -0.31145596504211426 0.1811675876379013 0.3868938088417053
v -0.3044968843460083 0.1853378266096115 0.3923308253288269
v -0.29827460646629333 0.19985432922840118 0.39719220995903015
v 0.22711138427257538 0.22699999809265137 0.44573119282722473
v 0.23556913435459137 0.230145663022995 0.4414217472076416
v 0.2285335808992386 0.24466216564178467 0.4450065493583679
v 0.22066493332386017 0.24883241951465607 0.4490158259868622
v 0.21657252311706543 0.2402135282754898 0.45110100507736206
v 0.2186536341905594 0.22385433316230774 0.45004063844680786
v 0.22568918764591217 0.20933783054351807 0.44645583629608154
v 0.23355785012245178 0.20516759157180786 0.4424465596675873
v 0.23765026032924652 0.21378646790981293 0.4403613805770874
v 0.23556913435459137 0.230145663022995 0.4414217472076416
v 0.2678126096725464 0.2150000035762787 0.4203816056251526
v 0.2758183777332306 0.21814566850662231 0.41528135538101196
v 0.26915881037712097 0.232662171125412 0.4195239841938019
v 0.26171064376831055 0.2368324100971222 0.4242689907550812
v 0.2578369379043579 0.22821353375911713 0.4267368018627167
v 0.2598068416118622 0.21185433864593506 0.4254818260669708
v 0.2664664089679718 0.19733783602714539 0.4212392270565033
v 0.2739145755767822 0.193167582154274 0.416494220495224
v 0.27778828144073486 0.20178647339344025 0.4140264093875885
v 0.2758183777332306 0.21814566850662231 0.41528135538101196
v 0.3057546615600586 0.2029999941587448 0.39134812355041504
v 0.31323474645614624 0.20614565908908844 0.3855040669441223
v 0.3070124685764313 0.2206621766090393 0.3903654217720032
v 0.3000533878803253 0.2248324155807495 0.39580246806144714
v 0.29643404483795166 0.21621352434158325 0.39863020181655884
v 0.29827460646629333 0.19985432922840118 0.39719220995903015
v 0.3044968843460083 0.1853378266096115 0.3923308253288269
v 0.31145596504211426 0.1811675876379013 0.3868938088417053
v 0.3150753080844879 0.18978647887706757 0.38406604528427124
v 0.31323474645614624 0.20614565908908844 0.3855040669441223
vt 0.5 0.5
vt 1 0.5
vt 0.8535534143447876 0.8535534143447876
vt 0.5 1
vt 0.1464466154575348 0.8535534143447876
vt 0 0.5
vt 0.1464466154575348 0.1464466154575348
vt 0.5 0
vt 0.8535534143447876 0.1464466154575348
vt 1 0.5
vt 0.5 0.5
vt 1 0.5
vt 0.8535534143447876 0.8535534143447876
vt 0.5 1
vt 0.1464466154575348 0.8535534143447876
vt 0 0.5
vt 0.1464466154575348 0.1464466154575348
vt 0.5 0
vt 0.8535534143447876 0.1464466154575348
vt 1 0.5
vt 0.5 0.5
vt 1 0.5
vt 0.8535534143447876 0.8535534143447876
vt 0.5 1
vt 0.1464466154575348 0.8535534143447876
vt 0 0.5
vt 0.1464466154575348 0.1464466154575348
vt 0.5 0
vt 0.8535534143447876 0.1464466154575348
vt 1 0.5
vt 0.5 0.5
vt 1 0.5
vt 0.8535534143447876 0.8535534143447876
vt 0.5 1
vt 0.1464466154575348 0.8535534143447876
vt 0 0.5
vt 0.1464466154575348 0.1464466154575348
vt 0.5 0
vt 0.8535534143447876 0.1464466154575348
vt 1 0.5
vt 0.5 0.5
vt 1 0.5
vt 0.8535534143447876 0.8535534143447876
vt 0.5 1
vt 0.1464466154575348 0.8535534143447876
vt 0 0.5
vt 0.1464466154575348 0.1464466154575348
vt 0.5 0
vt 0.8535534143447876 0.1464466154575348
vt 1 0.5
vt 0.5 0.5
vt 1 0.5
vt 0.8535534143447876 0.8535534143447876
vt 0.5 1
vt 0.1464466154575348 0.8535534143447876
vt 0 0.5
vt 0.1464466154575348 0.1464466154575348
vt 0.5 0
vt 0.8535534143447876 0.1464466154575348
vt 1 0.5
vn -0.45399048932725333 4.82705647144207e-17 0.8910065294936963
vn -0.45399048932725333 4.82705647144207e-17 0.8910065294936963
vn -0.45399048932725333 4.82705647144207e-17 0.8910065294936963
vn -0.45399048932725333 4.82705647144207e-17 0.8910065294936963
vn -0.45399048932725333 4.82705647144207e-17 0.8910065294936963
vn -0.45399048932725333 4.82705647144207e-17 0.8910065294936963
vn -0.45399048932725333 4.82705647144207e-17 0.8910065294936963
vn -0.45399048932725333 4.82705647144207e-17 0.8910065294936963
vn -0.45399048932725333 4.82705647144207e-17 0.8910065294936963
vn -0.45399048932725333 4.82705647144207e-17 0.8910065294936963
vn -0.5372996382978465 0 0.843391426731979
vn -0.5372996382978465 0 0.843391426731979
vn -0.5372996382978465 0 0.843391426731979
vn -0.5372996382978465 0 0.843391426731979
vn -0.5372996382978465 0 0.843391426731979
vn -0.5372996382978465 0 0.843391426731979
vn -0.5372996382978465 0 0.843391426731979
vn -0.5372996382978465 0 0.843391426731979
vn -0.5372996382978465 0 0.843391426731979
vn -0.5372996382978465 0 0.843391426731979
vn -0.6156614809327546 4.827056306291209e-17 0.7880107492259781
vn -0.6156614809327546 4.827056306291209e-17 0.7880107492259781
vn -0.6156614809327546 4.827056306291209e-17 0.7880107492259781
vn -0.6156614809327546 4.827056306291209e-17 0.7880107492259781
vn -0.6156614809327546 4.827056306291209e-17 0.7880107492259781
vn -0.6156614809327546 4.827056306291209e-17 0.7880107492259781
vn -0.6156614809327546 4.827056306291209e-17 0.7880107492259781
vn -0.6156614809327546 4.827056306291209e-17 0.7880107492259781
vn -0.6156614809327546 4.827056306291209e-17 0.7880107492259781
vn -0.6156614809327546 4.827056306291209e-17 0.7880107492259781
vn 0.45399048932725333 4.82705647144207e-17 0.8910065294936963
vn 0.45399048932725333 4.82705647144207e-17 0.8910065294936963
vn 0.45399048932725333 4.82705647144207e-17 0.8910065294936963
vn 0.45399048932725333 4.82705647144207e-17 0.8910065294936963
vn 0.45399048932725333 4.82705647144207e-17 0.8910065294936963
vn 0.45399048932725333 4.82705647144207e-17 0.8910065294936963
vn 0.45399048932725333 4.82705647144207e-17 0.8910065294936963
vn 0.45399048932725333 4.82705647144207e-17 0.8910065294936963
vn 0.45399048932725333 4.82705647144207e-17 0.8910065294936963
vn 0.45399048932725333 4.82705647144207e-17 0.8910065294936963
vn 0.5372996382978465 0 0.843391426731979
vn 0.5372996382978465 0 0.843391426731979
vn 0.5372996382978465 0 0.843391426731979
vn 0.5372996382978465 0 0.843391426731979
vn 0.5372996382978465 0 0.843391426731979
vn 0.5372996382978465 0 0.843391426731979
vn 0.5372996382978465 0 0.843391426731979
vn 0.5372996382978465 0 0.843391426731979
vn 0.5372996382978465 0 0.843391426731979
vn 0.5372996382978465 0 0.843391426731979
vn 0.6156614809327546 4.827056306291209e-17 0.7880107492259781
vn 0.6156614809327546 4.827056306291209e-17 0.7880107492259781
vn 0.6156614809327546 4.827056306291209e-17 0.7880107492259781
vn 0.6156614809327546 4.827056306291209e-17 0.7880107492259781
vn 0.6156614809327546 4.827056306291209e-17 0.7880107492259781
vn 0.6156614809327546 4.827056306291209e-17 0.7880107492259781
vn 0.6156614809327546 4.827056306291209e-17 0.7880107492259781
vn 0.6156614809327546 4.827056306291209e-17 0.7880107492259781
vn 0.6156614809327546 4.827056306291209e-17 0.7880107492259781
vn 0.6156614809327546 4.827056306291209e-17 0.7880107492259781
f 1842/1842/1842 1843/1843/1843 1841/1841/1841
f 1843/1843/1843 1844/1844/1844 1841/1841/1841
f 1844/1844/1844 1845/1845/1845 1841/1841/1841
f 1845/1845/1845 1846/1846/1846 1841/1841/1841
f 1846/1846/1846 1847/1847/1847 1841/1841/1841
f 1847/1847/1847 1848/1848/1848 1841/1841/1841
f 1848/1848/1848 1849/1849/1849 1841/1841/1841
f 1849/1849/1849 1850/1850/1850 1841/1841/1841
f 1852/1852/1852 1853/1853/1853 1851/1851/1851
f 1853/1853/1853 1854/1854/1854 1851/1851/1851
f 1854/1854/1854 1855/1855/1855 1851/1851/1851
f 1855/1855/1855 1856/1856/1856 1851/1851/1851
f 1856/1856/1856 1857/1857/1857 1851/1851/1851
f 1857/1857/1857 1858/1858/1858 1851/1851/1851
f 1858/1858/1858 1859/1859/1859 1851/1851/1851
f 1859/1859/1859 1860/1860/1860 1851/1851/1851
f 1862/1862/1862 1863/1863/1863 1861/1861/1861
f 1863/1863/1863 1864/1864/1864 1861/1861/1861
f 1864/1864/1864 1865/1865/1865 1861/1861/1861
f 1865/1865/1865 1866/1866/1866 1861/1861/1861
f 1866/1866/1866 1867/1867/1867 1861/1861/1861
f 1867/1867/1867 1868/1868/1868 1861/1861/1861
f 1868/1868/1868 1869/1869/1869 1861/1861/1861
f 1869/1869/1869 1870/1870/1870 1861/1861/1861
f 1872/1872/1872 1873/1873/1873 1871/1871/1871
f 1873/1873/1873 1874/1874/1874 1871/1871/1871
f 1874/1874/1874 1875/1875/1875 1871/1871/1871
f 1875/1875/1875 1876/1876/1876 1871/1871/1871
f 1876/1876/1876 1877/1877/1877 1871/1871/1871
f 1877/1877/1877 1878/1878/1878 1871/1871/1871
f 1878/1878/1878 1879/1879/1879 1871/1871/1871
f 1879/1879/1879 1880/1880/1880 1871/1871/1871
f 1882/1882/1882 1883/1883/1883 1881/1881/1881
f 1883/1883/1883 1884/1884/1884 1881/1881/1881
f 1884/1884/1884 1885/1885/1885 1881/1881/1881
f 1885/1885/1885 1886/1886/1886 1881/1881/1881
f 1886/1886/1886 1887/1887/1887 1881/1881/1881
f 1887/1887/1887 1888/1888/1888 1881/1881/1881
f 1888/1888/1888 1889/1889/1889 1881/1881/1881
f 1889/1889/1889 1890/1890/1890 1881/1881/1881
f 1892/1892/1892 1893/1893/1893 1891/1891/1891
f 1893/1893/1893 1894/1894/1894 1891/1891/1891
f 1894/1894/1894 1895/1895/1895 1891/1891/1891
f 1895/1895/1895 1896/1896/1896 1891/1891/1891
f 1896/1896/1896 1897/1897/1897 1891/1891/1891
f 1897/1897/1897 1898/1898/1898 1891/1891/1891
f 1898/1898/1898 1899/1899/1899 1891/1891/1891
f 1899/1899/1899 1900/1900/1900 1891/1891/1891
