# www.meshy.ai
mtllib ButterSquishy.mtl
o ButterSquishy
v -0.464844 -0.149414 -0.183594
v -0.457031 -0.150391 -0.186523
v -0.460938 -0.154297 -0.180664
v -0.457031 -0.144531 -0.191406
v -0.466797 -0.144531 -0.187500
v -0.462891 -0.154297 -0.177734
v -0.470703 -0.144531 -0.183594
v -0.468750 -0.151367 -0.177734
v -0.470703 -0.145508 -0.176758
v 0.013062 0.178711 0.040771
v -0.084473 0.178711 0.040527
v -0.084473 0.177734 0.080078
v 0.011963 0.178711 -0.006409
v 0.009766 0.177734 0.082031
v 0.109863 0.178711 0.041748
v 0.110352 0.178711 -0.004730
v 0.457031 -0.154297 -0.186523
v 0.458984 -0.147461 -0.191406
v 0.462891 -0.154297 -0.184570
v 0.460938 -0.158203 -0.179688
v 0.457031 -0.159180 -0.181641
v 0.449219 -0.156250 -0.190430
v 0.449219 -0.148438 -0.194336
v -0.445312 0.150391 0.191406
v -0.445312 0.143555 0.197266
v -0.437500 0.150391 0.193359
v -0.455078 0.153320 0.184570
v -0.455078 0.147461 0.189453
v -0.447266 0.156250 0.185547
v -0.351562 -0.126953 0.209961
v -0.402344 -0.127930 0.208008
v -0.400391 -0.139648 0.204102
v -0.349609 -0.112793 0.212891
v -0.349609 -0.139648 0.205078
v -0.265625 -0.127930 0.208984
v -0.267578 -0.112305 0.213867
v 0.476562 0.148438 -0.175781
v 0.480469 0.149414 -0.168945
v 0.482422 0.141602 -0.171875
v 0.468750 0.152344 -0.177734
v 0.470703 0.153320 -0.173828
v 0.470703 0.147461 -0.180664
v 0.478516 0.141602 -0.177734
v 0.369141 -0.158203 0.193359
v 0.373047 -0.151367 0.199219
v 0.304688 -0.156250 0.196289
v 0.304688 -0.162109 0.188477
v 0.416016 -0.157227 0.192383
v 0.367188 -0.164062 0.186523
v 0.412109 -0.162109 0.185547
v -0.498047 0.101562 -0.128906
v -0.496094 0.095703 -0.150391
v -0.498047 0.079590 -0.128906
v -0.494141 0.112793 -0.145508
v -0.498047 0.076660 -0.093262
v -0.500000 0.100586 -0.091797
v -0.496094 0.115723 -0.125000
v -0.464844 -0.103027 0.200195
v -0.470703 -0.086914 0.197266
v -0.472656 -0.101074 0.195312
v -0.460938 -0.085938 0.202148
v -0.466797 -0.114746 0.197266
v -0.455078 -0.113281 0.202148
v -0.453125 -0.094238 0.206055
v 0.437500 0.174805 -0.114746
v 0.453125 0.174805 -0.122559
v 0.437500 0.174805 -0.132812
v 0.412109 0.176758 -0.118164
v 0.453125 0.174805 -0.087891
v 0.412109 0.177734 -0.079590
v 0.441406 0.175781 -0.083496
v 0.486328 -0.153320 0.137695
v 0.490234 -0.146484 0.121582
v 0.488281 -0.144531 0.140625
v 0.486328 -0.154297 0.121582
v 0.484375 -0.151367 0.151367
v 0.478516 -0.158203 0.148438
v 0.480469 -0.159180 0.136719
v -0.188477 0.044922 -0.220703
v -0.187500 0.002548 -0.221680
v -0.273438 0.045898 -0.220703
v -0.271484 0.078125 -0.219727
v -0.102051 0.049805 -0.222656
v -0.095215 0.007385 -0.222656
v -0.190430 0.077148 -0.219727
v -0.421875 -0.172852 -0.159180
v -0.416016 -0.175781 -0.137695
v -0.439453 -0.172852 -0.136719
v -0.441406 -0.171875 -0.151367
v -0.439453 -0.170898 -0.161133
v -0.427734 -0.169922 -0.168945
v -0.404297 -0.172852 -0.167969
v -0.398438 -0.175781 -0.153320
v 0.484375 0.117676 0.185547
v 0.474609 0.120117 0.191406
v 0.484375 0.106445 0.188477
v 0.482422 0.128906 0.183594
v 0.476562 0.129883 0.188477
v 0.488281 0.104004 0.181641
v 0.488281 0.116699 0.178711
v 0.205078 -0.075195 -0.219727
v 0.296875 -0.076172 -0.218750
v 0.298828 -0.097168 -0.216797
v 0.098145 -0.073242 -0.219727
v 0.094238 -0.041504 -0.220703
v 0.202148 -0.046387 -0.220703
v 0.208984 -0.095215 -0.217773
v -0.472656 0.167969 0.044189
v -0.464844 0.172852 -0.001694
v -0.474609 0.167969 -0.001030
v -0.470703 0.167969 0.085449
v -0.462891 0.171875 0.044434
v -0.478516 0.163086 0.085938
v -0.480469 0.163086 0.044922
v -0.500000 -0.006439 -0.049072
v -0.500000 -0.005676 -0.094238
v -0.498047 -0.052734 -0.092773
v -0.500000 -0.052979 -0.047363
v -0.500000 0.043213 -0.049072
v -0.500000 0.043457 -0.093750
v -0.500000 -0.007172 -0.001617
v 0.482422 -0.137695 -0.174805
v 0.482422 -0.145508 -0.171875
v 0.478516 -0.145508 -0.178711
v 0.486328 -0.127930 -0.175781
v 0.492188 -0.128906 -0.166016
v 0.480469 -0.137695 -0.180664
v 0.488281 -0.137695 -0.166016
v -0.396484 0.149414 0.200195
v -0.396484 0.156250 0.195312
v -0.423828 0.154297 0.195312
v -0.421875 0.147461 0.199219
v -0.398438 0.139648 0.205078
v -0.347656 0.140625 0.206055
v -0.345703 0.149414 0.200195
v -0.086426 -0.160156 0.190430
v -0.184570 -0.167969 0.178711
v -0.086914 -0.166016 0.181641
v 0.009827 -0.162109 0.188477
v 0.009460 -0.155273 0.195312
v -0.085449 -0.152344 0.198242
v -0.184570 -0.162109 0.187500
v 0.500000 0.095215 -0.145508
v 0.496094 0.113770 -0.158203
v 0.498047 0.112305 -0.145508
v 0.498047 0.101074 -0.162109
v 0.500000 0.087891 -0.156250
v 0.500000 0.108887 -0.125000
v 0.500000 0.090332 -0.123535
v 0.500000 0.071289 -0.145508
v 0.453125 -0.173828 0.124512
v 0.464844 -0.169922 0.124023
v 0.462891 -0.168945 0.141602
v 0.453125 -0.174805 0.093750
v 0.464844 -0.172852 0.094238
v 0.453125 -0.172852 0.139648
v 0.439453 -0.175781 0.122559
v -0.455078 0.150391 -0.189453
v -0.458984 0.141602 -0.195312
v -0.464844 0.147461 -0.188477
v -0.449219 0.144531 -0.196289
v -0.460938 0.153320 -0.181641
v -0.453125 0.155273 -0.184570
v -0.447266 0.152344 -0.192383
v -0.472656 -0.164062 0.046875
v -0.466797 -0.169922 0.047119
v -0.466797 -0.167969 0.087891
v -0.474609 -0.164062 0.000820
v -0.472656 -0.163086 0.087402
v -0.478516 -0.159180 0.046875
v 0.373047 0.095215 -0.215820
v 0.302734 0.098633 -0.216797
v 0.302734 0.114746 -0.214844
v 0.373047 0.075195 -0.217773
v 0.417969 0.071777 -0.214844
v 0.419922 0.091309 -0.213867
v 0.373047 0.111328 -0.215820
v 0.490234 -0.049561 0.183594
v 0.490234 -0.005096 0.182617
v 0.484375 -0.034668 0.190430
v 0.482422 -0.062988 0.190430
v 0.490234 -0.080566 0.180664
v 0.492188 -0.047607 0.172852
v 0.494141 -0.006500 0.172852
v 0.486328 -0.083496 0.188477
v -0.185547 0.174805 -0.162109
v -0.088379 0.175781 -0.159180
v -0.084961 0.172852 -0.172852
v -0.281250 0.175781 -0.151367
v -0.186523 0.176758 -0.150391
v -0.183594 0.172852 -0.172852
v -0.275391 0.175781 -0.163086
v -0.423828 -0.147461 -0.200195
v -0.439453 -0.146484 -0.197266
v -0.419922 -0.139648 -0.205078
v -0.382812 -0.140625 -0.205078
v -0.398438 -0.150391 -0.200195
v -0.437500 -0.153320 -0.192383
v -0.423828 -0.155273 -0.194336
v 0.484375 0.153320 0.138672
v 0.488281 0.145508 0.140625
v 0.492188 0.145508 0.119629
v 0.484375 0.152344 0.151367
v 0.488281 0.154297 0.119629
v 0.478516 0.160156 0.136719
v 0.476562 0.160156 0.150391
v -0.480469 0.040283 0.189453
v -0.476562 0.004364 0.192383
v -0.472656 0.040283 0.197266
v -0.484375 0.038086 0.181641
v -0.480469 0.000549 0.187500
v -0.480469 0.068359 0.188477
v -0.486328 0.069824 0.181641
v -0.492188 -0.129883 0.142578
v -0.494141 -0.116211 0.145508
v -0.496094 -0.117676 0.123535
v -0.494141 -0.131836 0.123535
v -0.488281 -0.139648 0.141602
v -0.486328 -0.138672 0.154297
v -0.490234 -0.128906 0.157227
v 0.107910 0.162109 -0.193359
v 0.208984 0.153320 -0.199219
v 0.107422 0.153320 -0.200195
v 0.011108 0.168945 -0.184570
v 0.108887 0.167969 -0.184570
v 0.010803 0.162109 -0.193359
v 0.210938 0.162109 -0.191406
v 0.462891 -0.154297 0.179688
v 0.464844 -0.157227 0.175781
v 0.466797 -0.153320 0.179688
v 0.462891 -0.150391 0.185547
v 0.457031 -0.158203 0.182617
v 0.457031 -0.160156 0.177734
v 0.457031 -0.152344 0.187500
v -0.433594 0.041016 -0.216797
v -0.449219 0.069336 -0.210938
v -0.433594 0.072266 -0.214844
v -0.435547 -0.003281 -0.215820
v -0.447266 0.036377 -0.212891
v -0.410156 0.048340 -0.218750
v -0.408203 0.003128 -0.219727
v -0.183594 -0.159180 -0.195312
v -0.267578 -0.160156 -0.193359
v -0.265625 -0.152344 -0.201172
v -0.085938 -0.166016 -0.184570
v -0.183594 -0.165039 -0.186523
v -0.084961 -0.159180 -0.193359
v -0.181641 -0.150391 -0.202148
v 0.500000 0.108887 0.089355
v 0.500000 0.110352 0.045898
v 0.500000 0.124023 0.089355
v 0.498047 0.124023 0.124512
v 0.500000 0.108887 0.125000
v 0.500000 0.091309 0.090820
v 0.500000 0.090820 0.125977
v 0.417969 -0.095215 -0.214844
v 0.441406 -0.114258 -0.209961
v 0.417969 -0.111816 -0.212891
v 0.369141 -0.095703 -0.215820
v 0.365234 -0.071777 -0.218750
v 0.441406 -0.098145 -0.210938
v 0.414062 -0.072266 -0.216797
v -0.460938 0.159180 0.173828
v -0.451172 0.160156 0.178711
v -0.453125 0.165039 0.166016
v -0.458984 0.156250 0.178711
v -0.462891 0.162109 0.165039
v -0.466797 0.156250 0.170898
v -0.464844 0.152344 0.176758
v -0.449219 -0.167969 -0.151367
v -0.449219 -0.166992 -0.164062
v -0.460938 -0.164062 -0.152344
v -0.458984 -0.163086 -0.162109
v -0.449219 -0.171875 -0.131836
v -0.457031 -0.168945 -0.142578
v 0.447266 0.094727 0.209961
v 0.447266 0.070801 0.210938
v 0.458984 0.073242 0.208008
v 0.457031 0.101074 0.207031
v 0.445312 0.113281 0.208008
v 0.433594 0.106934 0.210938
v 0.431641 0.089844 0.213867
v 0.478516 -0.104492 -0.193359
v 0.478516 -0.086914 -0.195312
v 0.484375 -0.086426 -0.188477
v 0.482422 -0.104492 -0.186523
v 0.478516 -0.116699 -0.191406
v 0.472656 -0.097168 -0.200195
v -0.084473 0.177734 -0.005829
v -0.180664 0.178711 0.083008
v -0.181641 0.177734 0.038330
v -0.361328 -0.043213 0.217773
v -0.406250 -0.004456 0.217773
v -0.406250 -0.049316 0.215820
v -0.289062 -0.041504 0.218750
v -0.357422 0.001564 0.219727
v -0.406250 -0.076660 0.214844
v -0.355469 -0.072754 0.217773
v 0.464844 0.170898 -0.112305
v 0.464844 0.169922 -0.128906
v 0.464844 0.171875 -0.085449
v 0.472656 0.166016 -0.128906
v 0.472656 0.168945 -0.083984
v 0.472656 0.166992 -0.112305
v 0.302734 -0.174805 0.153320
v 0.378906 -0.172852 0.166992
v 0.304688 -0.171875 0.168945
v 0.294922 -0.177734 0.130859
v 0.369141 -0.174805 0.150391
v 0.208008 -0.174805 0.158203
v 0.207031 -0.176758 0.142578
v -0.480469 0.117676 -0.187500
v -0.472656 0.129883 -0.189453
v -0.474609 0.119629 -0.192383
v -0.484375 0.119629 -0.180664
v -0.478516 0.128906 -0.183594
v -0.474609 0.105957 -0.194336
v -0.486328 0.106445 -0.180664
v -0.480469 0.105957 -0.190430
v -0.488281 -0.127930 0.167969
v -0.478516 -0.137695 0.173828
v -0.480469 -0.126953 0.176758
v -0.490234 -0.114746 0.169922
v -0.482422 -0.138672 0.164062
v -0.492188 -0.115234 0.160156
v 0.211914 0.166992 -0.184570
v 0.308594 0.162109 -0.191406
v 0.108887 0.172852 -0.175781
v 0.209961 0.171875 -0.175781
v 0.308594 0.166992 -0.183594
v 0.500000 -0.004578 0.045410
v 0.500000 -0.045654 0.045410
v 0.500000 -0.005127 -0.002747
v 0.500000 -0.003403 0.089355
v 0.500000 -0.044678 0.089355
v 0.500000 0.037598 -0.001282
v 0.500000 0.037109 0.045166
v -0.087402 -0.178711 -0.091309
v 0.009521 -0.177734 -0.094727
v 0.009460 -0.178711 -0.047607
v -0.185547 -0.178711 -0.092773
v -0.186523 -0.177734 -0.126953
v -0.087402 -0.176758 -0.125000
v -0.087891 -0.178711 -0.046631
v 0.480469 0.136719 0.180664
v 0.472656 0.144531 0.184570
v 0.472656 0.138672 0.185547
v 0.484375 0.136719 0.174805
v 0.476562 0.142578 0.178711
v 0.486328 0.126953 0.176758
v 0.419922 -0.162109 -0.186523
v 0.435547 -0.161133 -0.186523
v 0.437500 -0.166016 -0.179688
v 0.382812 -0.160156 -0.192383
v 0.416016 -0.157227 -0.195312
v 0.417969 -0.166016 -0.179688
v 0.382812 -0.165039 -0.185547
v -0.496094 0.094727 0.146484
v -0.494141 0.110840 0.144531
v -0.498047 0.098633 0.125000
v -0.494141 0.068848 0.162109
v -0.494141 0.091797 0.162109
v -0.492188 0.107910 0.160156
v -0.498047 0.078613 0.124512
v -0.494141 0.071289 0.147461
v -0.486328 -0.061768 -0.183594
v -0.488281 -0.027344 -0.179688
v -0.482422 -0.027222 -0.190430
v -0.480469 -0.085449 -0.189453
v -0.486328 -0.086914 -0.181641
v -0.480469 -0.062500 -0.192383
v -0.488281 -0.062012 -0.175781
v 0.378906 0.171875 0.169922
v 0.378906 0.168945 0.179688
v 0.414062 0.167969 0.178711
v 0.304688 0.171875 0.174805
v 0.302734 0.174805 0.163086
v 0.414062 0.170898 0.168945
v 0.376953 0.174805 0.157227
v 0.488281 -0.158203 -0.000732
v 0.492188 -0.151367 -0.002060
v 0.488281 -0.157227 0.046631
v 0.482422 -0.163086 0.043457
v 0.486328 -0.158203 -0.047119
v 0.492188 -0.151367 -0.047363
v 0.480469 -0.166016 -0.000690
v -0.275391 0.113770 0.214844
v -0.349609 0.099609 0.215820
v -0.273438 0.097656 0.216797
v -0.349609 0.114258 0.213867
v -0.182617 0.110840 0.214844
v -0.269531 0.126953 0.210938
v -0.347656 0.127930 0.209961
v -0.441406 -0.172852 0.140625
v -0.453125 -0.168945 0.147461
v -0.453125 -0.171875 0.125977
v -0.445312 -0.169922 0.154297
v -0.431641 -0.171875 0.156250
v -0.445312 -0.173828 0.121582
v -0.429688 -0.175781 0.124023
v -0.416016 -0.174805 0.139648
v 0.464844 0.038086 -0.207031
v 0.474609 0.032227 -0.200195
v 0.462891 -0.000671 -0.207031
v 0.462891 0.068848 -0.206055
v 0.474609 0.066406 -0.200195
v 0.455078 0.033691 -0.210938
v 0.453125 0.065430 -0.210938
v 0.008911 -0.137695 0.207031
v -0.084473 -0.136719 0.208008
v -0.084961 -0.148438 0.202148
v 0.009277 -0.148438 0.202148
v 0.105957 -0.138672 0.207031
v 0.105469 -0.125977 0.210938
v 0.008850 -0.124512 0.211914
v -0.490234 0.146484 -0.117188
v -0.486328 0.153320 -0.116699
v -0.488281 0.146484 -0.137695
v -0.494141 0.137695 -0.121094
v -0.494141 0.136719 -0.088867
v -0.490234 0.146484 -0.087891
v -0.490234 -0.081055 0.172852
v -0.490234 -0.100098 0.172852
v -0.486328 -0.099121 0.182617
v -0.494141 -0.082520 0.162109
v -0.482422 -0.083496 0.183594
v -0.492188 -0.052246 0.163086
v -0.488281 -0.050049 0.172852
v 0.109863 0.175781 -0.165039
v 0.010864 0.175781 -0.163086
v 0.011780 0.177734 -0.151367
v 0.109863 0.177734 -0.152344
v 0.209961 0.174805 -0.165039
v 0.462891 -0.173828 0.050781
v 0.470703 -0.170898 0.050537
v 0.453125 -0.175781 0.050781
v 0.464844 -0.173828 0.002121
v 0.472656 -0.169922 0.000546
v -0.437500 0.111328 -0.209961
v -0.414062 0.096680 -0.214844
v -0.437500 0.095215 -0.212891
v -0.449219 0.109863 -0.208008
v -0.451172 0.125000 -0.204102
v -0.425781 0.114258 -0.211914
v -0.439453 0.125977 -0.206055
v -0.275391 -0.178711 -0.091797
v -0.184570 -0.178711 -0.046143
v -0.275391 -0.178711 -0.045166
v -0.349609 -0.177734 -0.072754
v -0.349609 -0.177734 -0.114258
v -0.275391 -0.177734 -0.127930
v 0.478516 0.008484 0.197266
v 0.484375 0.037842 0.190430
v 0.478516 0.042480 0.197266
v 0.470703 -0.025513 0.203125
v 0.476562 -0.030396 0.199219
v 0.470703 0.033447 0.203125
v 0.484375 0.003418 0.190430
v 0.371094 -0.140625 -0.206055
v 0.414062 -0.148438 -0.200195
v 0.375000 -0.151367 -0.201172
v 0.302734 -0.128906 -0.211914
v 0.373047 -0.128906 -0.209961
v 0.302734 -0.138672 -0.208008
v 0.306641 -0.148438 -0.202148
v 0.417969 -0.126953 -0.209961
v 0.414062 -0.138672 -0.206055
v -0.488281 0.145508 0.139648
v -0.488281 0.149414 0.118164
v -0.492188 0.139648 0.120605
v -0.480469 0.151367 0.151367
v -0.482422 0.154297 0.137695
v -0.490234 0.135742 0.141602
v -0.486328 0.142578 0.155273
v -0.451172 -0.136719 -0.199219
v -0.441406 -0.137695 -0.202148
v -0.449219 -0.146484 -0.194336
v -0.458984 -0.135742 -0.195312
v -0.443359 -0.127930 -0.205078
v -0.453125 -0.125977 -0.202148
v 0.455078 0.165039 0.169922
v 0.457031 0.159180 0.179688
v 0.462891 0.158203 0.174805
v 0.462891 0.164062 0.166016
v 0.445312 0.170898 0.162109
v 0.449219 0.165039 0.173828
v 0.453125 0.169922 0.155273
v 0.500000 -0.044434 -0.123535
v 0.500000 -0.003708 -0.124023
v 0.500000 -0.045410 -0.092285
v 0.500000 -0.073730 -0.122070
v 0.500000 -0.074219 -0.141602
v 0.500000 -0.003510 -0.146484
v 0.500000 -0.043701 -0.143555
v -0.400391 -0.178711 0.046387
v -0.429688 -0.175781 0.046387
v -0.429688 -0.176758 0.000454
v -0.349609 -0.177734 0.087402
v -0.398438 -0.177734 0.089355
v -0.400391 -0.177734 0.000629
v -0.349609 -0.179688 0.043945
v 0.462891 0.139648 -0.194336
v 0.451172 0.141602 -0.197266
v 0.460938 0.147461 -0.189453
v 0.466797 0.145508 -0.187500
v 0.468750 0.137695 -0.190430
v 0.464844 0.130859 -0.196289
v 0.455078 0.130859 -0.200195
v 0.209961 -0.166016 0.182617
v 0.208984 -0.170898 0.170898
v 0.304688 -0.167969 0.179688
v 0.109863 -0.165039 0.182617
v 0.108398 -0.169922 0.171875
v 0.210938 -0.161133 0.191406
v -0.492188 0.093262 -0.163086
v -0.492188 0.062988 -0.167969
v -0.496094 0.064453 -0.159180
v -0.494141 0.106445 -0.162109
v -0.488281 0.106934 -0.172852
v -0.490234 0.092773 -0.176758
v -0.492188 0.072754 -0.173828
v -0.482422 -0.157227 0.120117
v -0.484375 -0.149414 0.140625
v -0.486328 -0.151367 0.121094
v -0.478516 -0.155273 0.147461
v -0.484375 -0.152344 0.089844
v -0.476562 -0.160156 0.136719
v -0.480469 -0.158203 0.089355
v -0.474609 -0.162109 0.118164
v 0.302734 0.077637 -0.217773
v 0.209961 0.115723 -0.215820
v 0.212891 0.097656 -0.216797
v 0.472656 -0.083496 0.199219
v 0.472656 -0.061035 0.202148
v 0.464844 -0.082520 0.204102
v 0.478516 -0.084473 0.195312
v 0.478516 -0.060791 0.196289
v 0.474609 -0.100098 0.197266
v 0.470703 -0.099609 0.200195
v -0.343750 0.177734 -0.090820
v -0.345703 0.178711 -0.119629
v -0.398438 0.178711 -0.094727
v -0.398438 0.178711 -0.048828
v -0.343750 0.178711 -0.048584
v -0.267578 0.177734 -0.088379
v -0.267578 0.178711 -0.118164
v 0.003174 -0.073242 -0.220703
v 0.102539 -0.094238 -0.217773
v 0.005463 -0.097656 -0.217773
v -0.094727 -0.038818 -0.221680
v -0.002563 -0.039062 -0.221680
v -0.091309 -0.072754 -0.221680
v 0.478516 0.166016 0.045410
v 0.470703 0.170898 0.044678
v 0.476562 0.166016 0.087891
v 0.482422 0.163086 -0.002182
v 0.474609 0.169922 -0.001801
v 0.482422 0.159180 0.086914
v 0.484375 0.160156 0.044678
v 0.449219 -0.165039 -0.176758
v 0.447266 -0.160156 -0.182617
v 0.453125 -0.166992 -0.167969
v 0.441406 -0.168945 -0.168945
v 0.458984 -0.162109 -0.172852
v -0.443359 0.134766 0.202148
v -0.431641 0.138672 0.202148
v -0.455078 0.138672 0.196289
v -0.488281 -0.140625 -0.140625
v -0.492188 -0.132812 -0.122559
v -0.492188 -0.132812 -0.142578
v -0.482422 -0.147461 -0.150391
v -0.482422 -0.148438 -0.137695
v -0.488281 -0.137695 -0.153320
v -0.490234 -0.142578 -0.119141
v 0.404297 0.146484 0.201172
v 0.427734 0.131836 0.206055
v 0.431641 0.143555 0.200195
v 0.416016 0.153320 0.195312
v 0.373047 0.156250 0.195312
v 0.359375 0.148438 0.201172
v 0.402344 0.137695 0.206055
v 0.468750 -0.156250 -0.176758
v 0.464844 -0.160156 -0.171875
v 0.464844 -0.157227 -0.176758
v 0.474609 -0.152344 -0.176758
v 0.470703 -0.156250 -0.172852
v 0.466797 -0.154297 -0.180664
v -0.197266 0.072754 0.217773
v -0.185547 0.092773 0.217773
v -0.277344 0.075684 0.217773
v -0.281250 0.043213 0.218750
v -0.191406 0.043213 0.218750
v -0.101074 0.081055 0.218750
v -0.423828 -0.147461 0.198242
v -0.433594 -0.155273 0.191406
v -0.417969 -0.156250 0.191406
v -0.398438 -0.149414 0.198242
v -0.423828 -0.138672 0.203125
v -0.437500 -0.146484 0.197266
v 0.500000 0.124512 -0.047607
v 0.500000 0.125977 -0.091309
v 0.498047 0.135742 -0.048096
v 0.500000 0.124023 -0.001801
v 0.500000 0.110840 -0.048828
v 0.500000 0.110352 -0.092773
v 0.498047 0.134766 -0.001465
v 0.105469 -0.089355 0.217773
v 0.087891 -0.065430 0.219727
v 0.007782 -0.094727 0.216797
v 0.008728 -0.109863 0.215820
v 0.205078 -0.088379 0.217773
v 0.170898 -0.054688 0.218750
v 0.104980 -0.110352 0.214844
v -0.478516 0.153320 -0.159180
v -0.482422 0.146484 -0.162109
v -0.484375 0.146484 -0.150391
v -0.476562 0.152344 -0.166992
v -0.482422 0.155273 -0.148438
v -0.474609 0.159180 -0.157227
v -0.470703 0.157227 -0.166016
v -0.486328 -0.150391 -0.118164
v -0.488281 -0.150391 -0.086914
v -0.490234 -0.141602 -0.086426
v -0.478516 -0.156250 -0.116211
v -0.478516 -0.155273 -0.134766
v 0.110352 0.105957 0.215820
v 0.048340 0.081055 0.218750
v 0.199219 0.103516 0.216797
v 0.010437 0.111816 0.214844
v 0.008850 0.097168 0.217773
v 0.109375 0.121582 0.212891
v 0.206055 0.118164 0.213867
v 0.462891 -0.073730 -0.206055
v 0.453125 -0.071777 -0.209961
v 0.453125 -0.044189 -0.211914
v 0.462891 -0.039551 -0.207031
v 0.464844 -0.095215 -0.205078
v 0.472656 -0.074219 -0.201172
v -0.435547 0.172852 0.152344
v -0.453125 0.168945 0.155273
v -0.443359 0.169922 0.163086
v -0.414062 0.174805 0.147461
v -0.431641 0.174805 0.137695
v -0.445312 0.172852 0.142578
v -0.421875 0.172852 0.161133
v -0.267578 -0.157227 0.193359
v -0.349609 -0.156250 0.193359
v -0.347656 -0.162109 0.186523
v -0.269531 -0.163086 0.186523
v -0.184570 -0.158203 0.194336
v -0.265625 -0.149414 0.199219
v -0.182617 -0.149414 0.201172
v 0.492188 0.135742 -0.153320
v 0.496094 0.125000 -0.142578
v 0.494141 0.125000 -0.156250
v 0.494141 0.135742 -0.139648
v 0.486328 0.143555 -0.162109
v 0.488281 0.144531 -0.151367
v 0.488281 0.134766 -0.165039
v 0.416016 -0.178711 0.051025
v 0.441406 -0.177734 0.091797
v 0.412109 -0.178711 0.092773
v 0.376953 -0.179688 0.052002
v 0.441406 -0.177734 0.050781
v 0.421875 -0.178711 0.005219
v 0.376953 -0.178711 0.006378
v -0.466797 -0.009033 -0.204102
v -0.458984 -0.005829 -0.207031
v -0.458984 -0.047363 -0.208984
v -0.464844 -0.050293 -0.203125
v -0.474609 -0.017944 -0.197266
v -0.476562 0.025513 -0.196289
v -0.466797 0.031250 -0.204102
v -0.498047 -0.053711 0.091797
v -0.500000 -0.083984 0.048584
v -0.498047 -0.084473 0.090332
v -0.498047 -0.005585 0.127930
v -0.500000 -0.007080 0.090332
v -0.498047 -0.053467 0.126953
v -0.500000 -0.052979 0.049072
v 0.437500 0.161133 -0.182617
v 0.449219 0.161133 -0.180664
v 0.449219 0.155273 -0.187500
v 0.417969 0.166016 -0.178711
v 0.435547 0.166016 -0.174805
v 0.437500 0.157227 -0.187500
v 0.484375 -0.137695 0.173828
v 0.488281 -0.129883 0.167969
v 0.486328 -0.127930 0.175781
v 0.476562 -0.145508 0.178711
v 0.480469 -0.145508 0.170898
v 0.486328 -0.137695 0.165039
v 0.480469 -0.135742 0.181641
v 0.010742 0.171875 -0.175781
v -0.081543 0.177734 -0.141602
v -0.182617 0.177734 -0.136719
v -0.351562 -0.168945 -0.180664
v -0.353516 -0.172852 -0.167969
v -0.402344 -0.167969 -0.178711
v -0.347656 -0.164062 -0.188477
v -0.271484 -0.169922 -0.178711
v -0.275391 -0.172852 -0.166016
v -0.398438 -0.164062 -0.186523
v 0.496094 0.067871 0.165039
v 0.494141 0.066895 0.173828
v 0.494141 0.033203 0.173828
v 0.500000 0.038818 0.147461
v 0.500000 0.071289 0.149414
v 0.492188 0.088379 0.174805
v 0.496094 0.088379 0.163086
v 0.496094 0.031494 0.162109
v 0.302734 -0.178711 -0.089844
v 0.302734 -0.178711 -0.124512
v 0.375000 -0.178711 -0.116211
v 0.206055 -0.178711 -0.125000
v 0.365234 -0.178711 -0.040283
v 0.298828 -0.178711 -0.043701
v 0.376953 -0.178711 -0.083008
v 0.207031 -0.178711 -0.093262
v -0.468750 0.134766 0.187500
v -0.468750 0.142578 0.184570
v -0.474609 0.136719 0.182617
v -0.478516 0.127930 0.184570
v -0.470703 0.125977 0.190430
v -0.462891 0.135742 0.192383
v -0.464844 0.126953 0.195312
v -0.480469 -0.102539 -0.190430
v -0.474609 -0.099609 -0.195312
v -0.478516 -0.116699 -0.188477
v -0.486328 -0.103516 -0.180664
v 0.209961 0.176758 0.141602
v 0.108398 0.175781 0.152344
v 0.208984 0.175781 0.157227
v 0.302734 0.175781 0.150391
v 0.300781 0.176758 0.135742
v 0.110352 0.176758 0.136719
v 0.219727 0.177734 0.118164
v 0.474609 -0.166992 -0.116211
v 0.480469 -0.161133 -0.133789
v 0.482422 -0.162109 -0.116211
v 0.472656 -0.168945 -0.086914
v 0.466797 -0.171875 -0.087891
v 0.466797 -0.170898 -0.118164
v 0.472656 -0.165039 -0.131836
v -0.402344 0.098145 0.213867
v -0.402344 0.113281 0.211914
v -0.425781 0.111328 0.209961
v -0.349609 0.082520 0.216797
v -0.427734 0.096191 0.211914
v -0.404297 0.077637 0.215820
v -0.271484 -0.167969 0.178711
v -0.275391 -0.172852 0.166992
v -0.184570 -0.171875 0.167969
v 0.494141 0.114258 -0.167969
v 0.490234 0.125000 -0.166016
v 0.404297 -0.047607 0.216797
v 0.359375 -0.046631 0.217773
v 0.367188 -0.075684 0.215820
v 0.406250 0.001968 0.217773
v 0.363281 -0.007141 0.217773
v 0.412109 -0.073730 0.215820
v 0.419922 -0.034912 0.217773
v -0.455078 0.175781 -0.001297
v -0.455078 0.174805 -0.046875
v -0.466797 0.171875 -0.046387
v -0.462891 -0.153320 0.176758
v -0.460938 -0.158203 0.172852
v -0.460938 -0.154297 0.178711
v -0.464844 -0.149414 0.179688
v -0.468750 -0.151367 0.174805
v -0.466797 -0.154297 0.172852
v -0.460938 -0.150391 0.184570
v 0.371094 0.042236 -0.217773
v 0.306641 0.043701 -0.219727
v 0.419922 0.043213 -0.215820
v 0.419922 -0.004425 -0.216797
v 0.365234 0.004700 -0.219727
v 0.494141 -0.120117 0.145508
v 0.496094 -0.103516 0.146484
v 0.494141 -0.117676 0.157227
v 0.490234 -0.134766 0.156250
v 0.498047 -0.111816 0.124512
v 0.492188 -0.135742 0.141602
v 0.496094 -0.124512 0.124023
v -0.267578 0.160156 -0.195312
v -0.267578 0.152344 -0.201172
v -0.341797 0.161133 -0.194336
v -0.349609 0.166992 -0.186523
v -0.271484 0.165039 -0.188477
v -0.180664 0.156250 -0.197266
v -0.180664 0.149414 -0.203125
v -0.439453 -0.094727 -0.210938
v -0.425781 -0.098145 -0.213867
v -0.445312 -0.112793 -0.208008
v -0.437500 -0.074707 -0.213867
v -0.425781 -0.074707 -0.215820
v -0.451172 -0.076172 -0.209961
v -0.451172 -0.100586 -0.208008
v 0.458984 0.154297 0.184570
v 0.464844 0.152344 0.181641
v 0.449219 0.161133 0.180664
v -0.498047 0.122559 0.045898
v -0.496094 0.127930 0.087402
v -0.494141 0.134766 0.045410
v -0.500000 0.114746 -0.001129
v -0.500000 0.101562 0.047363
v -0.496094 0.114746 0.087891
v -0.496094 0.127930 -0.000444
v -0.494141 -0.104004 -0.161133
v -0.488281 -0.116699 -0.170898
v -0.492188 -0.115234 -0.159180
v -0.494141 -0.085449 -0.161133
v -0.488281 -0.103516 -0.171875
v -0.496094 -0.103516 -0.146484
v -0.496094 -0.085938 -0.145508
v 0.011414 0.165039 0.185547
v -0.083008 0.163086 0.188477
v -0.081543 0.155273 0.196289
v 0.011902 0.170898 0.174805
v 0.108887 0.164062 0.185547
v 0.108887 0.169922 0.175781
v 0.011536 0.157227 0.194336
v 0.458984 -0.141602 -0.196289
v 0.464844 -0.148438 -0.187500
v 0.451172 -0.139648 -0.199219
v -0.441406 0.175781 0.087402
v -0.433594 0.174805 0.121094
v -0.427734 0.176758 0.086426
v -0.429688 0.176758 0.043701
v -0.443359 0.175781 0.043457
v -0.447266 0.173828 0.122070
v -0.453125 0.173828 0.086914
v -0.263672 -0.139648 0.205078
v -0.351562 -0.148438 0.200195
v -0.179688 -0.137695 0.206055
v -0.180664 -0.125977 0.210938
v 0.496094 0.124512 -0.122559
v 0.494141 0.135742 -0.121582
v 0.496094 0.136719 -0.089355
v 0.302734 -0.049072 0.218750
v 0.298828 -0.079102 0.216797
v 0.298828 -0.002579 0.219727
v -0.462891 0.160156 -0.170898
v -0.455078 0.166016 -0.164062
v -0.457031 0.163086 -0.172852
v -0.464844 0.162109 -0.164062
v -0.466797 0.155273 -0.173828
v -0.462891 0.157227 -0.177734
v -0.460938 -0.165039 0.154297
v -0.460938 -0.166992 0.138672
v -0.451172 -0.165039 0.165039
v 0.437500 0.031128 -0.212891
v 0.451172 -0.006195 -0.211914
v 0.441406 -0.011230 -0.214844
v 0.437500 0.061768 -0.212891
v 0.472656 -0.115234 0.196289
v 0.480469 -0.099121 0.192383
v 0.476562 -0.127930 0.189453
v 0.478516 -0.113770 0.191406
v 0.464844 -0.113770 0.201172
v 0.470703 -0.126953 0.194336
v -0.086426 0.177734 -0.049805
v -0.182617 0.178711 -0.011047
v -0.078125 0.177734 -0.087891
v -0.178711 0.178711 -0.075195
v 0.011902 0.178711 -0.054688
v -0.398438 -0.075195 -0.217773
v -0.398438 -0.096191 -0.215820
v -0.427734 -0.113770 -0.211914
v 0.470703 0.168945 0.087891
v 0.462891 0.172852 0.045166
v 0.476562 0.165039 0.118652
v 0.462891 0.172852 0.089355
v 0.470703 0.167969 0.120117
v 0.206055 -0.176758 -0.148438
v 0.205078 -0.174805 -0.162109
v 0.294922 -0.175781 -0.153320
v 0.106934 -0.173828 -0.164062
v 0.105957 -0.175781 -0.150391
v 0.107910 -0.177734 -0.129883
v -0.484375 0.088379 0.181641
v -0.480469 0.104004 0.188477
v -0.486328 0.104980 0.182617
v -0.490234 0.089844 0.172852
v -0.482422 0.087891 0.188477
v -0.478516 -0.147461 -0.169922
v -0.468750 -0.154297 -0.172852
v -0.472656 -0.153320 -0.166992
v -0.480469 -0.137695 -0.173828
v -0.484375 -0.138672 -0.165039
v -0.480469 -0.147461 -0.161133
v 0.296875 0.154297 0.197266
v 0.206055 0.143555 0.204102
v 0.294922 0.143555 0.205078
v 0.291016 0.163086 0.190430
v 0.208008 0.154297 0.197266
v 0.500000 -0.077148 -0.047607
v 0.500000 -0.077148 -0.091309
v 0.500000 -0.100586 -0.001297
v 0.500000 -0.099609 -0.047852
v 0.500000 -0.046143 -0.047119
v 0.500000 -0.077148 -0.001205
v 0.010254 -0.178711 0.088379
v 0.108398 -0.178711 0.090820
v 0.107422 -0.177734 0.122070
v -0.087891 -0.178711 0.087402
v -0.087891 -0.179688 0.046143
v 0.009949 -0.179688 0.046875
v 0.009888 -0.177734 0.121094
v 0.484375 0.126953 -0.182617
v 0.478516 0.128906 -0.187500
v 0.476562 0.136719 -0.185547
v 0.480469 0.134766 -0.180664
v 0.490234 0.116211 -0.177734
v 0.486328 0.116699 -0.186523
v 0.488281 0.125000 -0.175781
v 0.435547 -0.166016 0.176758
v 0.416016 -0.171875 0.166992
v 0.439453 -0.168945 0.167969
v 0.433594 -0.162109 0.185547
v 0.416016 -0.167969 0.177734
v 0.445312 -0.160156 0.183594
v 0.449219 -0.163086 0.177734
v -0.492188 0.033447 -0.172852
v -0.494141 0.018555 -0.164062
v -0.488281 -0.003906 0.174805
v -0.488281 0.035889 0.172852
v -0.492188 -0.006378 0.163086
v -0.484375 -0.044922 0.182617
v 0.414062 0.172852 -0.155273
v 0.375000 0.176758 -0.144531
v 0.414062 0.175781 -0.141602
v 0.414062 0.170898 -0.168945
v 0.375000 0.174805 -0.159180
v 0.435547 0.169922 -0.166016
v 0.433594 0.172852 -0.154297
v 0.496094 -0.142578 -0.000870
v 0.494141 -0.141602 -0.047363
v 0.494141 -0.141602 0.046631
v 0.492188 -0.150391 0.046387
v 0.498047 -0.131836 -0.001312
v -0.181641 0.125977 -0.212891
v -0.083984 0.112305 -0.216797
v -0.182617 0.110840 -0.216797
v -0.083496 0.125977 -0.213867
v -0.265625 0.142578 -0.207031
v -0.181641 0.140625 -0.208008
v -0.267578 0.129883 -0.212891
v -0.431641 -0.174805 -0.118164
v -0.398438 -0.176758 -0.114746
v -0.373047 -0.176758 -0.135742
v 0.466797 0.086426 0.204102
v 0.470703 0.065918 0.203125
v 0.464844 0.102539 0.203125
v 0.472656 0.088867 0.199219
v 0.103027 -0.108887 -0.215820
v 0.207031 -0.111328 -0.215820
v 0.103516 -0.121582 -0.212891
v 0.208008 -0.126953 -0.212891
v -0.484375 0.157227 0.116211
v -0.494141 0.138672 0.084961
v -0.488281 0.148438 0.085938
v -0.468750 -0.144531 0.182617
v -0.472656 -0.144531 0.177734
v -0.466797 -0.137695 0.190430
v -0.470703 -0.136719 0.184570
v -0.462891 -0.144531 0.187500
v -0.476562 -0.136719 0.180664
v 0.206055 0.177734 -0.002472
v 0.207031 0.178711 -0.048584
v 0.206055 0.177734 0.042725
v 0.296875 0.177734 -0.002792
v 0.296875 0.177734 -0.049316
v 0.490234 -0.114258 0.168945
v 0.496094 -0.098633 0.161133
v 0.492188 -0.098145 0.170898
v 0.488281 -0.113281 0.179688
v -0.406250 0.166992 -0.181641
v -0.429688 0.166016 -0.180664
v -0.406250 0.171875 -0.172852
v -0.416016 0.161133 -0.190430
v -0.431641 0.160156 -0.188477
v -0.394531 0.161133 -0.190430
v -0.353516 0.170898 -0.180664
v -0.179688 -0.096680 -0.218750
v -0.243164 -0.072754 -0.220703
v -0.177734 -0.073730 -0.220703
v -0.087402 -0.114258 -0.215820
v -0.180664 -0.112305 -0.215820
v -0.265625 -0.095215 -0.217773
v -0.087891 -0.097656 -0.218750
v 0.472656 0.153320 0.175781
v 0.470703 0.158203 0.170898
v 0.466797 0.153320 0.177734
v 0.474609 0.149414 0.175781
v 0.478516 0.149414 0.169922
v 0.474609 0.155273 0.169922
v 0.435547 -0.148438 -0.198242
v 0.435547 -0.155273 -0.193359
v -0.494141 0.126953 0.122070
v -0.447266 -0.153320 -0.189453
v 0.453125 0.174805 0.090332
v 0.455078 0.175781 0.045898
v 0.441406 0.176758 0.046875
v 0.439453 0.175781 0.092285
v 0.453125 0.173828 0.123047
v 0.460938 0.171875 0.120117
v 0.480469 -0.160156 -0.142578
v 0.486328 -0.154297 -0.139648
v 0.488281 -0.155273 -0.118652
v -0.012329 -0.008667 0.220703
v -0.016479 -0.049561 0.219727
v 0.056885 -0.037842 0.220703
v -0.097656 -0.041992 0.219727
v 0.056641 0.007507 0.220703
v -0.101074 0.005249 0.220703
v -0.021851 0.038086 0.219727
v -0.353516 -0.171875 0.167969
v -0.351562 -0.167969 0.179688
v -0.406250 -0.170898 0.168945
v -0.380859 -0.175781 0.156250
v 0.490234 0.092773 -0.182617
v 0.488281 0.069824 -0.187500
v 0.484375 0.085938 -0.190430
v 0.486328 0.101562 -0.186523
v 0.494141 0.101074 -0.174805
v 0.494141 0.084473 -0.177734
v 0.353516 -0.099609 0.214844
v 0.287109 -0.103516 0.214844
v 0.359375 -0.115723 0.212891
v 0.396484 -0.113281 0.210938
v 0.394531 -0.097656 0.213867
v -0.482422 0.160156 -0.087402
v -0.486328 0.155273 -0.045898
v -0.478516 0.162109 -0.046143
v -0.474609 0.165039 -0.087402
v -0.486328 0.154297 -0.086426
v -0.476562 0.163086 -0.117676
v -0.482422 0.158203 -0.115723
v -0.500000 -0.083496 -0.000687
v -0.500000 -0.053467 -0.000504
v -0.498047 -0.104980 -0.000961
v -0.498047 -0.104004 0.048096
v -0.500000 -0.083984 -0.046875
v 0.476562 -0.151367 0.167969
v 0.472656 -0.156250 0.165039
v 0.480469 -0.152344 0.161133
v 0.468750 -0.155273 0.174805
v 0.470703 -0.157227 0.169922
v 0.472656 -0.152344 0.175781
v 0.484375 -0.145508 0.164062
v -0.392578 0.129883 -0.210938
v -0.392578 0.143555 -0.205078
v -0.343750 0.129883 -0.211914
v -0.345703 0.115723 -0.215820
v -0.396484 0.112305 -0.213867
v -0.423828 0.141602 -0.202148
v -0.419922 0.127930 -0.208008
v 0.500000 0.037842 0.126953
v 0.500000 0.037354 0.090332
v 0.500000 0.069336 0.088867
v 0.498047 -0.001694 0.147461
v 0.500000 0.070801 0.125977
v 0.500000 -0.003128 0.125000
v 0.449219 -0.174805 -0.131836
v 0.443359 -0.176758 -0.112793
v 0.429688 -0.175781 -0.132812
v 0.462891 -0.169922 -0.139648
v 0.457031 -0.173828 -0.116211
v 0.443359 -0.174805 -0.146484
v 0.453125 -0.171875 -0.142578
v -0.455078 0.130859 0.200195
v -0.443359 0.123535 0.205078
v -0.453125 0.120117 0.202148
v -0.482422 -0.157227 -0.086426
v -0.486328 -0.150391 -0.045654
v -0.492188 -0.140625 -0.044678
v 0.404297 0.125000 0.209961
v 0.363281 0.109375 0.213867
v 0.412109 0.106445 0.212891
v 0.427734 0.121094 0.208984
v 0.357422 0.136719 0.207031
v 0.355469 0.124512 0.210938
v 0.496094 -0.008789 -0.168945
v 0.496094 0.030151 -0.169922
v 0.496094 -0.005341 -0.157227
v 0.492188 0.012268 -0.179688
v 0.492188 -0.035156 -0.176758
v 0.498047 -0.045410 -0.155273
v 0.496094 -0.049072 -0.166016
v -0.275391 0.173828 0.167969
v -0.271484 0.169922 0.178711
v -0.184570 0.172852 0.170898
v -0.367188 0.172852 0.168945
v -0.351562 0.168945 0.179688
v -0.277344 0.175781 0.155273
v -0.184570 0.176758 0.157227
v -0.443359 -0.126953 0.203125
v -0.431641 -0.113281 0.208984
v -0.445312 -0.112305 0.205078
v -0.453125 -0.126953 0.200195
v -0.449219 -0.137695 0.197266
v -0.441406 -0.138672 0.201172
v -0.429688 -0.126953 0.207031
v 0.464844 0.168945 -0.140625
v 0.453125 0.172852 -0.140625
v 0.106445 -0.176758 0.142578
v 0.107910 -0.174805 0.158203
v 0.010132 -0.176758 0.140625
v -0.486328 0.072266 -0.183594
v -0.488281 0.049805 -0.179688
v -0.484375 0.037109 -0.188477
v -0.482422 0.089355 -0.189453
v -0.480469 0.065918 -0.190430
v -0.490234 -0.144531 0.089355
v -0.496094 -0.133789 0.045898
v -0.490234 -0.145508 0.047852
v -0.494141 -0.132812 0.089844
v -0.490234 -0.142578 0.122559
v 0.010254 0.143555 -0.207031
v -0.082031 0.155273 -0.199219
v 0.010620 0.153320 -0.200195
v 0.107422 0.130859 -0.210938
v 0.009644 0.131836 -0.212891
v 0.106934 0.142578 -0.207031
v -0.083008 0.145508 -0.206055
v 0.458984 -0.044434 0.208984
v 0.464844 -0.062500 0.206055
v 0.449219 -0.039062 0.211914
v 0.455078 -0.069336 0.209961
v 0.464844 -0.001389 0.206055
v 0.453125 0.000301 0.209961
v -0.429688 0.173828 -0.157227
v -0.443359 0.169922 -0.164062
v -0.443359 0.171875 -0.153320
v -0.406250 0.174805 -0.161133
v -0.431641 0.169922 -0.171875
v -0.431641 0.174805 -0.140625
v -0.402344 0.175781 -0.144531
v -0.263672 -0.141602 -0.208008
v -0.351562 -0.128906 -0.211914
v -0.180664 -0.141602 -0.208008
v -0.347656 -0.149414 -0.201172
v -0.265625 -0.127930 -0.211914
v 0.488281 0.144531 0.153320
v 0.486328 0.143555 0.163086
v 0.492188 0.135742 0.155273
v 0.496094 0.134766 0.141602
v 0.482422 0.150391 0.162109
v 0.412109 -0.178711 -0.040771
v 0.416016 -0.178711 -0.083984
v 0.437500 -0.177734 -0.041504
v -0.468750 0.068359 0.201172
v -0.464844 0.041504 0.201172
v -0.457031 0.042969 0.208008
v -0.460938 0.071289 0.205078
v -0.460938 0.090332 0.203125
v -0.468750 0.087402 0.198242
v -0.474609 0.068848 0.196289
v -0.498047 -0.087891 -0.124512
v -0.496094 -0.107910 -0.124512
v -0.498047 -0.104004 -0.089355
v -0.498047 -0.084473 -0.090332
v -0.498047 -0.054932 -0.125977
v 0.433594 0.157227 0.190430
v 0.435547 0.151367 0.195312
v 0.447266 0.155273 0.188477
v 0.435547 0.162109 0.183594
v 0.416016 0.164062 0.184570
v 0.406250 0.159180 0.190430
v 0.484375 -0.145508 -0.163086
v 0.478516 -0.151367 -0.168945
v -0.181641 0.163086 0.189453
v -0.179688 0.157227 0.195312
v -0.084473 0.168945 0.181641
v -0.398438 -0.166016 0.181641
v -0.419922 -0.165039 0.179688
v -0.398438 -0.158203 0.191406
v -0.421875 -0.161133 0.186523
v 0.492188 0.054688 -0.179688
v 0.498047 0.066895 -0.168945
v 0.500000 0.032959 -0.158203
v 0.302734 -0.178711 0.053711
v 0.302734 -0.179688 0.005310
v 0.373047 -0.178711 0.095215
v 0.300781 -0.178711 0.098145
v 0.208008 -0.178711 0.002670
v 0.208008 -0.178711 0.049805
v -0.466797 0.129883 -0.194336
v -0.466797 0.120605 -0.197266
v -0.472656 0.138672 -0.186523
v -0.474609 -0.115234 0.192383
v -0.480469 -0.113281 0.186523
v -0.474609 -0.126953 0.187500
v -0.480469 -0.100098 0.189453
v 0.300781 0.177734 -0.125000
v 0.302734 0.176758 -0.149414
v 0.208008 0.177734 -0.091309
v 0.298828 0.177734 -0.092285
v 0.209961 0.177734 -0.121094
v 0.373047 0.176758 -0.123047
v 0.472656 -0.166016 0.122559
v 0.478516 -0.165039 0.094238
v 0.478516 -0.161133 0.120117
v 0.472656 -0.168945 0.093750
v 0.470703 -0.165039 0.142578
v 0.474609 -0.163086 0.136719
v -0.357422 0.047607 -0.219727
v -0.349609 0.080566 -0.219727
v -0.279297 0.003128 -0.220703
v -0.357422 0.001938 -0.220703
v -0.394531 0.076660 -0.217773
v 0.010010 -0.169922 -0.174805
v 0.010071 -0.165039 -0.185547
v 0.010254 -0.173828 -0.164062
v -0.086426 -0.169922 -0.174805
v 0.107422 -0.170898 -0.173828
v 0.494141 0.102539 0.161133
v 0.496094 0.114746 0.160156
v 0.492188 0.115234 0.170898
v 0.492188 0.101562 0.171875
v 0.498047 0.103027 0.147461
v 0.498047 0.088867 0.147461
v 0.441406 -0.073730 -0.211914
v 0.455078 -0.095703 -0.208984
v 0.439453 -0.047852 -0.214844
v -0.455078 0.174805 0.043701
v -0.443359 0.176758 -0.002075
v -0.445312 0.176758 -0.048096
v -0.457031 -0.156250 -0.182617
v 0.417969 0.176758 0.098145
v 0.437500 0.174805 0.124023
v 0.376953 0.176758 0.089355
v 0.404297 0.176758 0.123047
v 0.421875 0.176758 0.064941
v 0.498047 -0.097168 -0.148438
v 0.498047 -0.075195 -0.153320
v 0.494141 -0.114258 -0.158203
v 0.496094 -0.098633 -0.161133
v 0.498047 -0.095215 -0.128906
v 0.498047 -0.112305 -0.124512
v 0.496094 -0.112305 -0.145508
v -0.181641 0.167969 0.180664
v -0.267578 0.163086 0.187500
v -0.449219 -0.033691 0.210938
v -0.457031 -0.062256 0.207031
v -0.447266 -0.065918 0.209961
v -0.441406 -0.017700 0.213867
v -0.453125 0.006927 0.209961
v -0.458984 -0.033447 0.206055
v 0.462891 0.165039 -0.163086
v 0.455078 0.166992 -0.165039
v 0.455078 0.170898 -0.152344
v 0.472656 0.162109 -0.161133
v 0.468750 0.159180 -0.169922
v 0.462891 0.167969 -0.151367
v 0.458984 0.162109 -0.170898
v 0.207031 -0.140625 0.206055
v 0.208984 -0.152344 0.198242
v 0.302734 -0.148438 0.202148
v 0.298828 -0.136719 0.208008
v 0.206055 -0.126953 0.211914
v 0.106934 -0.149414 0.200195
v -0.494141 0.136719 -0.046631
v -0.492188 0.147461 -0.000786
v -0.490234 0.147461 -0.047852
v -0.498047 0.126953 -0.047119
v -0.496094 0.137695 -0.000458
v -0.494141 -0.057129 -0.166992
v -0.492188 -0.015869 -0.167969
v -0.488281 0.007141 -0.178711
v -0.480469 0.009338 -0.188477
v 0.109375 0.173828 0.165039
v 0.011169 0.174805 0.162109
v 0.209961 0.173828 0.168945
v 0.462891 -0.173828 -0.043945
v 0.480469 -0.163086 -0.088379
v 0.472656 -0.169922 -0.046631
v -0.429688 0.126953 0.207031
v -0.398438 0.128906 0.208008
v -0.185547 -0.178711 0.087402
v -0.087891 -0.177734 0.121094
v -0.185547 -0.178711 0.119141
v -0.273438 -0.178711 0.045654
v -0.185547 -0.179688 0.045410
v -0.273438 -0.178711 0.087891
v 0.476562 0.086426 -0.196289
v 0.476562 0.104492 -0.196289
v 0.482422 0.100098 -0.192383
v 0.482422 0.065430 -0.194336
v 0.470703 0.087402 -0.201172
v 0.414062 -0.128906 0.207031
v 0.412109 -0.140625 0.203125
v 0.435547 -0.139648 0.201172
v 0.365234 -0.130859 0.208008
v 0.439453 -0.128906 0.205078
v 0.421875 -0.114258 0.209961
v -0.468750 0.164062 -0.146484
v -0.476562 0.160156 -0.146484
v -0.472656 0.163086 -0.137695
v -0.466797 0.166992 -0.130859
v -0.460938 0.168945 -0.142578
v -0.466797 0.164062 -0.155273
v -0.453125 -0.151367 0.186523
v -0.449219 -0.157227 0.181641
v -0.443359 -0.152344 0.190430
v -0.457031 -0.157227 0.178711
v -0.455078 -0.145508 0.190430
v -0.447266 -0.145508 0.195312
v 0.443359 0.169922 -0.159180
v 0.449219 0.165039 -0.171875
v 0.500000 -0.076172 0.089355
v 0.498047 -0.074707 0.125000
v 0.498047 -0.094727 0.125000
v 0.500000 -0.098145 0.089844
v 0.500000 -0.076660 0.045166
v -0.349609 -0.178711 -0.021851
v -0.402344 -0.177734 -0.042969
v -0.396484 -0.177734 -0.072754
v -0.273438 -0.178711 0.000172
v 0.466797 0.125977 0.197266
v 0.462891 0.132812 0.196289
v 0.453125 0.122070 0.205078
v 0.470703 0.130859 0.192383
v 0.472656 0.107422 0.198242
v 0.470703 0.120117 0.195312
v 0.462891 0.115723 0.201172
v 0.302734 -0.172852 -0.167969
v 0.314453 -0.169922 -0.177734
v 0.375000 -0.172852 -0.167969
v 0.208984 -0.171875 -0.171875
v 0.210938 -0.167969 -0.183594
v 0.359375 -0.175781 -0.154297
v -0.492188 0.037109 0.162109
v -0.498047 -0.007782 0.148438
v -0.496094 0.034668 0.147461
v -0.474609 -0.161133 -0.133789
v -0.466797 -0.166016 -0.118164
v -0.474609 -0.162109 -0.115723
v -0.472656 -0.160156 -0.144531
v -0.466797 -0.164062 -0.141602
v 0.212891 0.076172 0.219727
v 0.296875 0.098145 0.216797
v 0.210938 0.093262 0.217773
v 0.132812 0.043945 0.219727
v 0.215820 0.043213 0.220703
v 0.296875 0.075195 0.217773
v 0.120117 0.077637 0.219727
v 0.462891 -0.109375 -0.203125
v 0.472656 -0.125977 -0.195312
v 0.464844 -0.119629 -0.202148
v 0.455078 -0.114258 -0.206055
v 0.472656 -0.112793 -0.198242
v -0.417969 0.174805 0.124512
v -0.380859 0.176758 0.133789
v -0.394531 0.177734 0.109375
v -0.088867 -0.075195 0.218750
v -0.182617 -0.095215 0.216797
v -0.086426 -0.095703 0.215820
v 0.005341 -0.073730 0.218750
v -0.184570 -0.072754 0.218750
v 0.480469 0.163086 -0.046875
v 0.488281 0.156250 -0.047607
v 0.486328 0.155273 -0.086914
v 0.480469 0.163086 -0.084961
v 0.472656 0.168945 -0.046875
v 0.404297 -0.175781 0.142578
v 0.427734 -0.173828 0.155273
v -0.482422 0.129883 -0.176758
v -0.488281 0.119141 -0.169922
v -0.496094 -0.102051 0.125977
v -0.494141 -0.101562 0.146484
v -0.498047 -0.103027 0.091309
v -0.498047 -0.084473 0.126953
v 0.302734 0.153320 -0.199219
v 0.359375 0.153320 -0.198242
v 0.378906 0.162109 -0.189453
v 0.468750 -0.149414 0.180664
v 0.472656 -0.144531 0.183594
v 0.464844 -0.143555 0.187500
v -0.349609 0.177734 -0.138672
v -0.400391 0.176758 -0.127930
v -0.273438 0.176758 -0.135742
v -0.425781 -0.128906 -0.208008
v 0.455078 0.174805 -0.000870
v 0.443359 0.176758 0.000275
v 0.001709 0.002319 -0.221680
v -0.033691 0.043213 -0.221680
v 0.039551 0.042480 -0.221680
v 0.095703 -0.001816 -0.221680
v -0.476562 0.158203 0.148438
v -0.472656 0.156250 0.160156
v -0.468750 0.163086 0.149414
v -0.478516 0.160156 0.136719
v -0.496094 -0.054199 0.147461
v 0.453125 -0.127930 0.202148
v 0.451172 -0.138672 0.200195
v 0.460938 -0.136719 0.196289
v 0.460938 -0.126953 0.198242
v 0.457031 -0.114258 0.205078
v 0.443359 -0.114258 0.208984
v -0.445312 0.174805 -0.093262
v -0.457031 0.173828 -0.086426
v -0.425781 0.175781 -0.121582
v -0.441406 0.173828 -0.126953
v -0.431641 0.177734 -0.045898
v -0.427734 0.177734 -0.087402
v -0.455078 0.172852 -0.115723
v 0.500000 0.093262 0.046143
v 0.500000 0.111328 -0.002213
v 0.500000 0.069336 0.045166
v 0.500000 0.072266 -0.003143
v 0.500000 0.094727 -0.002075
v 0.369141 -0.112793 -0.213867
v 0.302734 -0.114746 -0.213867
v -0.472656 0.152344 0.170898
v -0.468750 0.159180 0.162109
v -0.478516 0.149414 0.163086
v -0.468750 0.150391 0.176758
v -0.476562 0.146484 0.170898
v -0.460938 -0.170898 -0.094727
v -0.468750 -0.166992 -0.087891
v -0.460938 -0.167969 -0.126953
v 0.443359 0.125000 0.205078
v 0.441406 0.135742 0.201172
v 0.484375 -0.061279 -0.190430
v 0.488281 -0.061523 -0.183594
v 0.476562 -0.059082 -0.198242
v 0.482422 -0.026611 -0.192383
v 0.490234 -0.025269 -0.184570
v -0.085938 0.177734 0.130859
v 0.012024 0.177734 0.132812
v 0.010925 0.177734 0.111816
v -0.084473 0.177734 0.109375
v -0.180664 0.177734 0.115723
v -0.184570 0.177734 0.140625
v -0.083984 0.176758 0.145508
v -0.410156 -0.112793 0.211914
v 0.494141 0.144531 -0.002060
v 0.490234 0.154297 -0.002518
v 0.490234 0.153320 0.045166
v 0.494141 0.147461 -0.047119
v 0.494141 0.144531 0.045166
v -0.466797 -0.155273 0.166992
v -0.472656 -0.151367 0.168945
v -0.474609 -0.153320 0.160156
v -0.464844 -0.159180 0.165039
v -0.470703 -0.158203 0.158203
v 0.226562 0.043945 -0.219727
v 0.215820 0.078125 -0.218750
v 0.302734 0.001083 -0.219727
v 0.498047 -0.127930 0.088379
v 0.494141 -0.139648 0.088379
v 0.498047 -0.129883 0.046631
v 0.494141 -0.136719 0.123047
v 0.500000 -0.115234 0.045410
v 0.498047 -0.113770 0.088867
v -0.345703 0.143555 -0.207031
v -0.394531 0.154297 -0.198242
v -0.343750 0.153320 -0.200195
v 0.107910 -0.178711 -0.080566
v 0.108398 -0.179688 -0.044189
v 0.009399 -0.177734 -0.127930
v 0.104980 -0.178711 -0.109375
v 0.464844 0.146484 0.185547
v 0.466797 0.139648 0.189453
v 0.470703 0.149414 0.179688
v -0.494141 0.125000 0.143555
v -0.498047 0.113281 0.122559
v -0.492188 0.121094 0.158203
v -0.466797 -0.100098 -0.201172
v -0.466797 -0.083496 -0.202148
v -0.460938 -0.101562 -0.205078
v -0.472656 -0.109375 -0.196289
v -0.472656 -0.083984 -0.195312
v -0.464844 -0.114746 -0.199219
v 0.414062 0.173828 0.156250
v 0.431641 0.172852 0.154297
v 0.416016 0.174805 0.139648
v 0.433594 0.169922 0.166992
v 0.486328 -0.157227 -0.087891
v 0.490234 -0.150391 -0.088379
v 0.478516 -0.164062 -0.046631
v -0.085449 0.104004 0.216797
v -0.429688 -0.176758 0.090332
v -0.447266 -0.174805 0.046143
v -0.449219 -0.173828 0.000835
v 0.464844 0.109375 -0.203125
v 0.457031 0.121582 -0.203125
v 0.466797 0.119141 -0.198242
v 0.470703 0.104980 -0.200195
v 0.460938 0.092773 -0.206055
v 0.453125 0.107422 -0.207031
v 0.146484 -0.004791 0.220703
v -0.482422 0.155273 -0.134766
v -0.478516 0.160156 -0.134766
v -0.478516 -0.127930 -0.184570
v -0.476562 -0.136719 -0.180664
v -0.482422 -0.128906 -0.176758
v -0.484375 -0.117676 -0.180664
v -0.470703 -0.127930 -0.191406
v -0.470703 -0.136719 -0.188477
v 0.011658 0.176758 0.148438
v 0.500000 0.039551 -0.125000
v 0.500000 -0.003403 -0.091797
v 0.500000 0.034912 -0.145508
v -0.427734 0.165039 0.180664
v -0.439453 0.163086 0.179688
v -0.437500 0.158203 0.187500
v -0.423828 0.161133 0.187500
v -0.408203 0.170898 0.170898
v -0.431641 0.167969 0.172852
v -0.404297 0.166992 0.179688
v -0.181641 -0.111328 0.214844
v -0.085938 -0.110840 0.214844
v 0.482422 0.150391 -0.161133
v 0.474609 0.155273 -0.168945
v 0.414062 -0.149414 0.199219
v 0.367188 -0.142578 0.203125
v -0.500000 0.099609 -0.048828
v -0.498047 0.114746 -0.090820
v -0.500000 0.075684 -0.000858
v -0.500000 0.098633 -0.001205
v -0.498047 0.114746 -0.047607
v -0.500000 0.076172 -0.049316
v -0.466797 -0.064941 0.202148
v 0.490234 -0.149414 0.087891
v 0.010986 0.116699 -0.215820
v 0.011414 0.098633 -0.218750
v -0.084473 0.096191 -0.218750
v -0.275391 -0.176758 -0.151367
v -0.351562 -0.175781 -0.153320
v 0.490234 0.088379 0.182617
v 0.490234 0.066406 0.184570
v 0.490234 0.035156 0.181641
v -0.492188 0.146484 0.045166
v -0.486328 0.155273 0.045166
v -0.488281 0.155273 -0.001312
v -0.496094 -0.121582 -0.122559
v -0.494141 -0.132812 -0.088379
v 0.107910 0.146484 0.202148
v 0.107422 0.132812 0.208984
v 0.205078 0.129883 0.208984
v 0.468750 -0.161133 -0.164062
v 0.462891 -0.165039 -0.164062
v -0.404297 0.039307 0.217773
v -0.427734 -0.000961 0.214844
v -0.429688 -0.049072 0.214844
v 0.010071 -0.166016 0.181641
v -0.086914 -0.170898 0.169922
v 0.496094 0.088379 -0.166992
v 0.498047 0.101562 -0.166992
v 0.441406 -0.177734 0.004181
v 0.453125 -0.176758 -0.042236
v 0.455078 -0.175781 0.003433
v -0.447266 0.135742 -0.201172
v -0.464844 0.139648 -0.191406
v -0.458984 0.132812 -0.197266
v -0.466797 -0.168945 0.000122
v -0.457031 -0.172852 0.046875
v -0.455078 -0.172852 0.090332
v 0.490234 -0.097656 0.179688
v 0.484375 -0.099121 0.186523
v 0.492188 -0.079590 0.170898
v 0.484375 -0.113281 0.185547
v -0.351562 0.175781 -0.155273
v -0.449219 -0.046387 -0.211914
v -0.435547 -0.046875 -0.214844
v 0.464844 0.169922 0.140625
v 0.451172 0.172852 0.141602
v 0.460938 0.167969 0.153320
v 0.472656 0.165039 0.152344
v 0.472656 0.166016 0.138672
v 0.208008 -0.178711 -0.044189
v -0.472656 0.102539 0.193359
v -0.472656 0.116211 0.192383
v -0.478516 0.117188 0.186523
v -0.480469 -0.158203 -0.045410
v -0.474609 -0.164062 -0.086426
v -0.480469 -0.156250 0.000736
v -0.474609 -0.164062 -0.045410
v -0.026489 0.073730 0.219727
v 0.049072 0.047607 0.219727
v 0.492188 -0.099121 -0.172852
v 0.492188 -0.114258 -0.168945
v 0.488281 -0.114746 -0.178711
v 0.496094 -0.080566 -0.163086
v 0.490234 -0.090820 -0.181641
v 0.492188 -0.073242 -0.174805
v -0.445312 0.165039 0.172852
v -0.283203 0.002502 0.218750
v -0.192383 -0.041260 0.219727
v -0.279297 -0.073730 0.216797
v 0.480469 0.162109 -0.113281
v 0.488281 0.155273 -0.114746
v 0.482422 0.162109 -0.129883
v 0.425781 -0.175781 0.137695
v 0.410156 -0.177734 0.124023
v 0.363281 -0.176758 0.126953
v -0.468750 0.106445 -0.199219
v -0.498047 -0.120605 0.047852
v -0.498047 -0.122559 -0.001144
v -0.496094 -0.136719 -0.000423
v 0.439453 0.141602 -0.199219
v 0.439453 0.131836 -0.204102
v 0.451172 0.149414 -0.192383
v 0.417969 0.141602 -0.202148
v 0.437500 0.150391 -0.194336
v 0.419922 0.133789 -0.207031
v 0.470703 -0.164062 0.154297
v 0.476562 -0.157227 0.158203
v 0.466797 -0.161133 0.163086
v -0.100098 0.078613 -0.220703
v -0.029175 0.076172 -0.220703
v -0.185547 0.096191 -0.218750
v -0.394531 -0.157227 -0.195312
v -0.269531 -0.166016 -0.186523
v -0.343750 -0.159180 -0.195312
v 0.498047 0.113770 0.145508
v 0.496094 0.125000 0.144531
v 0.494141 0.125977 0.158203
v 0.365234 -0.177734 -0.137695
v -0.464844 0.149414 0.181641
v -0.462891 0.143555 0.188477
v -0.464844 0.150391 0.184570
v -0.472656 0.144531 0.179688
v -0.457031 -0.081055 -0.207031
v -0.474609 -0.055664 -0.198242
v 0.365234 0.177734 0.052246
v 0.406250 0.177734 0.040283
v 0.365234 0.177734 0.002396
v 0.296875 0.177734 0.086914
v 0.296875 0.178711 0.043701
v 0.478516 -0.159180 -0.154297
v 0.470703 -0.165039 -0.142578
v 0.470703 -0.163086 -0.153320
v 0.476562 -0.158203 -0.162109
v 0.486328 -0.152344 -0.150391
v 0.486328 0.011292 -0.188477
v 0.484375 0.042480 -0.187500
v 0.449219 -0.147461 0.195312
v 0.458984 -0.145508 0.191406
v -0.449219 0.171875 -0.142578
v -0.457031 0.170898 -0.129883
v -0.457031 0.168945 -0.154297
v -0.457031 -0.136719 0.193359
v -0.460938 -0.126953 0.196289
v 0.425781 0.176758 -0.043945
v 0.402344 0.178711 -0.015076
v 0.425781 0.177734 0.003998
v 0.443359 0.176758 -0.046143
v 0.496094 -0.049561 0.162109
v 0.496094 -0.080566 0.160156
v 0.498047 -0.078613 0.147461
v 0.498047 -0.043701 0.148438
v 0.496094 -0.008667 0.161133
v -0.181641 0.168945 -0.182617
v -0.083496 0.167969 -0.183594
v -0.082520 0.163086 -0.192383
v -0.180664 0.164062 -0.190430
v -0.273438 0.170898 -0.180664
v -0.277344 0.173828 -0.171875
v -0.443359 -0.162109 -0.178711
v -0.437500 -0.163086 -0.183594
v -0.429688 -0.166016 -0.176758
v -0.441406 -0.166992 -0.170898
v -0.453125 -0.163086 -0.172852
v -0.453125 -0.159180 -0.177734
v -0.445312 -0.158203 -0.183594
v 0.457031 0.148438 0.189453
v 0.460938 0.142578 0.193359
v -0.500000 0.043701 0.046143
v -0.500000 0.041992 -0.001663
v -0.500000 -0.007416 0.045654
v -0.498047 0.042969 0.089844
v -0.498047 0.077148 0.090820
v -0.500000 0.079102 0.046631
v -0.492188 -0.100098 0.161133
v -0.484375 -0.113281 0.178711
v 0.478516 -0.166992 0.050049
v -0.416016 0.078125 -0.216797
v -0.351562 0.098633 -0.218750
v 0.478516 0.110840 0.193359
v 0.421875 -0.044678 -0.217773
v 0.400391 -0.033691 -0.218750
v -0.458984 0.171875 0.117676
v -0.468750 0.167969 0.115723
v -0.464844 0.166992 0.135742
v -0.462891 0.171875 0.084961
v -0.457031 0.169922 0.139648
v -0.458984 -0.161133 -0.168945
v 0.431641 0.067383 0.214844
v 0.447266 0.039551 0.211914
v 0.458984 0.039551 0.208984
v 0.500000 -0.116699 -0.001907
v 0.498047 -0.129883 -0.048340
v 0.500000 -0.115723 -0.046875
v -0.269531 -0.095703 0.216797
v -0.349609 -0.095215 0.214844
v 0.466797 0.151367 -0.182617
v 0.466797 0.156250 -0.176758
v -0.496094 0.126953 -0.122070
v -0.498047 0.126953 -0.090332
v -0.490234 0.136719 -0.141602
v -0.494141 0.125977 -0.144531
v -0.480469 -0.147461 0.151367
v 0.208008 0.128906 -0.211914
v 0.108398 0.117676 -0.215820
v -0.429688 0.177734 -0.002106
v -0.398438 0.177734 -0.003082
v -0.085938 -0.141602 -0.207031
v -0.179688 -0.126953 -0.212891
v 0.009521 -0.142578 -0.205078
v 0.009338 -0.151367 -0.200195
v -0.085938 -0.151367 -0.201172
v -0.085938 -0.128906 -0.211914
v 0.492188 0.144531 0.087402
v 0.496094 0.134766 0.088379
v 0.496094 0.134766 0.044922
v 0.488281 0.152344 0.087402
v 0.425781 -0.174805 -0.148438
v 0.408203 -0.177734 -0.133789
v 0.406250 -0.175781 -0.151367
v 0.419922 -0.171875 -0.164062
v 0.439453 -0.171875 -0.160156
v -0.462891 0.005157 0.205078
v -0.470703 0.004883 0.198242
v -0.496094 -0.054932 -0.156250
v -0.490234 -0.086914 -0.171875
v 0.304688 0.168945 0.181641
v 0.376953 0.164062 0.186523
v 0.476562 -0.128906 -0.188477
v 0.474609 -0.136719 -0.186523
v 0.470703 -0.134766 -0.192383
v -0.267578 0.178711 0.043701
v -0.343750 0.177734 0.083984
v -0.269531 0.177734 0.086426
v -0.343750 0.178711 0.041992
v -0.267578 0.178711 -0.001106
v -0.431641 -0.161133 0.185547
v -0.441406 -0.159180 0.182617
v 0.500000 0.071777 -0.124023
v 0.500000 0.071289 -0.092285
v 0.500000 0.094727 -0.092285
v 0.010681 -0.174805 0.157227
v 0.009827 -0.170898 0.170898
v -0.086914 -0.174805 0.157227
v -0.085938 -0.176758 0.140625
v -0.480469 0.138672 -0.174805
v -0.486328 0.128906 -0.166992
v -0.478516 0.146484 -0.170898
v -0.474609 0.145508 -0.178711
v -0.486328 0.137695 -0.164062
v -0.476562 0.137695 -0.181641
v -0.476562 -0.145508 0.171875
v 0.500000 -0.044678 0.124512
v -0.445312 0.163086 -0.181641
v -0.443359 0.158203 -0.187500
v 0.480469 0.142578 0.171875
v 0.488281 0.135742 0.166016
v -0.449219 -0.005249 -0.211914
v -0.458984 0.033691 -0.208984
v 0.441406 0.173828 0.146484
v 0.494141 -0.138672 -0.121582
v 0.496094 -0.129883 -0.090820
v 0.494141 -0.140625 -0.089844
v 0.498047 -0.126953 -0.123535
v 0.494141 -0.136719 -0.141602
v 0.490234 -0.148438 -0.120117
v 0.490234 -0.146484 -0.139648
v -0.083496 0.144531 0.204102
v 0.011414 0.147461 0.201172
v -0.181641 0.136719 0.208008
v -0.085449 0.133789 0.208984
v -0.182617 0.148438 0.201172
v 0.011353 0.137695 0.207031
v -0.429688 -0.164062 0.177734
v 0.204102 -0.110352 0.214844
v 0.296875 -0.120117 0.211914
v -0.482422 0.163086 -0.001648
v -0.498047 -0.118652 0.091309
v 0.375000 0.141602 -0.206055
v 0.302734 0.142578 -0.207031
v 0.464844 -0.159180 0.169922
v 0.490234 0.125977 0.167969
v 0.441406 -0.177734 -0.082031
v 0.455078 -0.175781 -0.083984
v -0.451172 -0.171875 -0.115723
v -0.458984 -0.171875 -0.047607
v -0.451172 -0.173828 -0.083984
v 0.363281 0.035645 0.217773
v 0.425781 0.003357 0.215820
v 0.408203 0.048828 0.216797
v 0.482422 -0.128906 -0.182617
v -0.341797 0.163086 0.187500
v -0.441406 -0.096191 0.209961
v -0.427734 -0.076172 0.213867
v -0.441406 -0.077637 0.211914
v -0.423828 -0.096680 0.211914
v 0.474609 0.165039 -0.140625
v 0.478516 0.160156 -0.139648
v 0.478516 0.159180 -0.152344
v 0.472656 0.163086 -0.152344
v 0.205078 -0.177734 0.121582
v 0.108887 -0.178711 0.048340
v 0.207031 -0.178711 0.092773
v -0.474609 0.090820 -0.195312
v -0.468750 0.088867 -0.203125
v -0.466797 0.066895 -0.201172
v -0.474609 0.067383 -0.196289
v -0.498047 -0.050781 -0.143555
v -0.496094 -0.017700 -0.156250
v 0.210938 0.166992 0.182617
v 0.195312 0.161133 0.190430
v 0.209961 0.169922 0.176758
v 0.466797 -0.143555 -0.190430
v 0.462891 -0.130859 -0.199219
v 0.472656 -0.144531 -0.184570
v 0.468750 -0.149414 -0.181641
v 0.500000 0.069336 -0.049316
v 0.500000 0.037842 -0.092773
v 0.500000 0.092773 -0.049316
v 0.500000 0.037109 -0.049316
v 0.435547 -0.155273 0.191406
v -0.470703 0.151367 -0.174805
v -0.466797 0.153320 -0.176758
v -0.466797 0.150391 -0.179688
v -0.449219 -0.162109 0.174805
v -0.457031 -0.160156 0.172852
v -0.441406 -0.166992 0.166992
v -0.457031 -0.163086 0.165039
v -0.347656 -0.113281 -0.215820
v -0.400391 -0.127930 -0.209961
v -0.400391 -0.113281 -0.213867
v -0.267578 -0.113281 -0.216797
v -0.343750 -0.095215 -0.216797
v 0.378906 -0.168945 -0.176758
v 0.308594 -0.166992 -0.184570
v -0.486328 0.105957 0.170898
v -0.490234 0.067871 0.172852
v -0.460938 -0.157227 -0.175781
v -0.462891 -0.157227 -0.169922
v 0.294922 0.113281 0.213867
v 0.371094 0.093750 0.216797
v 0.500000 -0.098633 -0.092773
v 0.500000 -0.114746 -0.092285
v -0.347656 0.157227 0.195312
v -0.394531 0.162109 0.188477
v 0.474609 0.144531 -0.182617
v 0.447266 -0.154297 0.189453
v -0.492188 0.125977 -0.157227
v -0.492188 0.117676 -0.160156
v -0.490234 0.137695 -0.154297
v -0.478516 -0.126953 0.183594
v 0.482422 -0.162109 0.086426
v -0.292969 -0.040527 -0.221680
v -0.190430 -0.041016 -0.221680
v -0.429688 -0.176758 -0.042969
v -0.439453 -0.175781 -0.087891
v -0.421875 -0.177734 -0.085938
v -0.447266 -0.173828 -0.044434
v -0.486328 -0.127930 -0.167969
v -0.085449 0.172852 0.172852
v -0.427734 0.042480 0.214844
v -0.427734 0.077148 0.213867
v -0.443359 0.065918 0.211914
v -0.441406 0.030640 0.211914
v -0.275391 -0.178711 0.120605
v -0.275391 -0.176758 0.139648
v -0.351562 -0.176758 0.121094
v -0.184570 -0.176758 0.139648
v 0.476562 0.115234 -0.195312
v 0.480469 0.116211 -0.190430
v -0.466797 0.168945 -0.115234
v -0.464844 -0.163086 0.150391
v 0.443359 0.120605 -0.207031
v 0.439453 0.107422 -0.210938
v 0.419922 0.106934 -0.212891
v 0.417969 0.120605 -0.209961
v 0.500000 -0.099121 0.045410
v -0.416016 -0.048828 -0.218750
v -0.363281 -0.040283 -0.219727
v -0.435547 -0.002838 -0.215820
v 0.210938 -0.156250 -0.197266
v 0.308594 -0.156250 -0.198242
v 0.312500 -0.162109 -0.191406
v 0.210938 -0.163086 -0.191406
v 0.106934 -0.154297 -0.197266
v 0.105469 -0.146484 -0.203125
v 0.208984 -0.148438 -0.203125
v -0.474609 -0.154297 -0.158203
v -0.478516 -0.154297 -0.146484
v 0.294922 0.126953 0.209961
v 0.470703 -0.043945 -0.202148
v 0.470703 -0.007019 -0.202148
v 0.476562 -0.011292 -0.197266
v -0.396484 0.177734 0.080566
v -0.345703 0.177734 0.117188
v -0.084961 -0.124023 0.211914
v 0.492188 0.147461 -0.088379
v 0.492188 0.147461 -0.117188
v 0.443359 -0.173828 0.144531
v 0.443359 -0.170898 0.159180
v 0.453125 -0.169922 0.156250
v -0.449219 0.092285 -0.210938
v -0.460938 0.089844 -0.206055
v -0.458984 0.067871 -0.207031
v -0.494141 -0.084961 0.146484
v 0.376953 0.171875 -0.172852
v 0.468750 -0.136719 0.192383
v 0.474609 -0.137695 0.187500
v -0.267578 0.178711 -0.047119
v -0.482422 0.128906 0.177734
v -0.478516 0.137695 0.174805
v -0.484375 0.130859 0.167969
v -0.482422 0.118652 0.179688
v -0.488281 0.120117 0.169922
v 0.123535 0.078613 -0.218750
v 0.111328 0.100098 -0.217773
v 0.137695 0.042969 -0.220703
v 0.034912 0.077148 -0.220703
v -0.455078 0.159180 -0.179688
v -0.445312 0.166016 -0.172852
v -0.335938 -0.070801 -0.220703
v 0.482422 0.159180 0.118164
v 0.421875 -0.177734 -0.111328
v -0.468750 0.103027 0.198242
v -0.468750 0.116211 0.197266
v -0.474609 0.087402 0.194336
v -0.496094 -0.119141 -0.088867
v -0.496094 -0.128906 -0.046631
v -0.498047 -0.115234 -0.046143
v 0.449219 0.143555 0.195312
v 0.449219 0.150391 0.192383
v 0.482422 -0.152344 -0.161133
v 0.488281 -0.145508 -0.153320
v 0.474609 -0.157227 -0.166992
v -0.085449 0.121582 0.212891
v -0.182617 0.124512 0.211914
v 0.009827 0.125000 0.211914
v 0.245117 -0.047119 0.218750
v -0.478516 -0.049805 0.191406
v -0.482422 -0.065918 0.186523
v -0.476562 -0.085449 0.191406
v -0.472656 -0.035645 0.195312
v -0.472656 -0.066895 0.196289
v 0.109375 0.177734 -0.049316
v 0.460938 -0.166992 0.154297
v -0.414062 0.152344 -0.198242
v -0.086914 -0.176758 -0.149414
v -0.184570 -0.172852 -0.165039
v -0.086914 -0.173828 -0.164062
v -0.185547 -0.175781 -0.151367
v 0.010010 -0.176758 -0.150391
v 0.484375 0.065430 0.190430
v 0.484375 0.087402 0.189453
v 0.478516 0.086426 0.195312
v 0.478516 0.067871 0.197266
v 0.451172 -0.129883 -0.203125
v 0.437500 -0.127930 -0.207031
v -0.476562 0.163086 0.116211
v 0.341797 0.175781 0.114258
v -0.441406 -0.164062 0.175781
v 0.458984 0.153320 -0.183594
v -0.500000 -0.004242 -0.130859
v -0.500000 0.045898 -0.129883
v 0.453125 -0.165039 0.168945
v -0.484375 0.156250 0.085938
v 0.496094 -0.124512 -0.145508
v 0.457031 0.159180 -0.177734
v 0.108398 -0.158203 0.192383
v -0.484375 -0.153320 0.048096
v -0.488281 -0.147461 0.000431
v 0.302734 0.129883 -0.209961
v 0.375000 0.127930 -0.211914
v 0.208008 0.142578 -0.207031
v -0.355469 0.173828 -0.167969
v 0.007721 -0.129883 -0.210938
v 0.006592 -0.115723 -0.214844
v 0.104004 -0.134766 -0.208984
v 0.496094 0.134766 0.122070
v -0.451172 0.074219 0.208008
v -0.500000 -0.102051 -0.045898
v 0.492188 -0.135742 -0.156250
v -0.468750 -0.159180 -0.155273
v -0.466797 -0.158203 -0.163086
v -0.398438 0.177734 0.041992
v 0.486328 0.154297 -0.131836
v -0.460938 0.107910 -0.203125
v 0.011719 0.177734 -0.115723
v -0.084473 0.177734 -0.117188
v 0.500000 0.123535 0.045654
v 0.294922 -0.041260 -0.220703
v 0.178711 -0.010071 -0.220703
v 0.226562 0.003281 -0.220703
v 0.361328 -0.038330 -0.219727
v -0.462891 0.166016 0.153320
v 0.443359 -0.101074 0.208984
v 0.455078 -0.100098 0.207031
v 0.445312 -0.085449 0.210938
v 0.423828 -0.099121 0.212891
v 0.427734 -0.083496 0.213867
v -0.480469 -0.147461 0.162109
v 0.390625 0.154297 -0.197266
v 0.417969 0.151367 -0.197266
v 0.500000 -0.046143 -0.000847
v 0.453125 0.134766 0.199219
v -0.498047 0.043701 0.125977
v 0.108398 0.156250 0.195312
v 0.470703 0.129883 -0.192383
v 0.474609 0.122559 -0.193359
v 0.375000 -0.168945 0.178711
v -0.466797 -0.033936 0.202148
v 0.439453 0.172852 -0.144531
v -0.083984 0.136719 -0.209961
v 0.208008 -0.137695 -0.208984
v -0.496094 -0.115723 -0.146484
v -0.494141 -0.123535 -0.145508
v 0.441406 0.000992 0.212891
v 0.435547 -0.047119 0.214844
v 0.439453 -0.066895 0.211914
v -0.458984 -0.169922 0.117676
v -0.468750 -0.164062 0.136719
v -0.466797 -0.166016 0.116699
v 0.439453 0.080078 -0.211914
v -0.179688 0.177734 -0.115723
v 0.462891 0.173828 -0.000896
v 0.108398 -0.166016 -0.183594
v 0.460938 -0.162109 0.172852
v 0.460938 -0.164062 0.164062
v -0.439453 0.136719 -0.203125
v -0.435547 0.145508 -0.198242
v -0.460938 0.119141 0.199219
v -0.451172 0.104492 0.206055
v -0.460938 0.104980 0.202148
v -0.085938 0.174805 0.160156
v 0.486328 0.153320 -0.150391
v 0.476562 0.157227 -0.161133
v 0.490234 0.145508 -0.136719
v 0.484375 0.155273 -0.141602
v 0.110352 0.177734 -0.089355
v 0.476562 0.157227 0.160156
v 0.470703 0.162109 0.162109
v 0.439453 -0.139648 -0.203125
v -0.462891 -0.125977 -0.197266
v -0.466797 -0.136719 -0.190430
v -0.455078 -0.112793 -0.204102
v 0.373047 0.176758 0.138672
v -0.355469 0.050293 0.218750
v -0.199219 0.002548 0.219727
v -0.474609 0.166016 -0.046875
v -0.472656 -0.159180 0.148438
v 0.462891 -0.099121 0.205078
v -0.490234 -0.127930 -0.157227
v -0.102051 0.048584 0.219727
v 0.302734 0.174805 -0.163086
v 0.308594 0.171875 -0.174805
v 0.208008 0.176758 -0.153320
v 0.488281 -0.155273 0.089844
v -0.269531 0.098633 -0.218750
v -0.269531 0.115234 -0.216797
v -0.472656 0.164062 0.135742
v 0.500000 -0.004639 -0.050537
v -0.496094 0.061279 -0.148438
v -0.472656 -0.120117 -0.194336
v 0.205078 0.177734 0.086426
v 0.106934 0.177734 0.083984
v -0.441406 0.093262 0.210938
v -0.185547 -0.174805 0.154297
v -0.275391 -0.174805 0.154297
v -0.466797 0.169922 -0.085938
v -0.184570 -0.168945 -0.177734
v -0.498047 0.099609 0.088379
v -0.376953 0.174805 0.154297
v -0.423828 -0.163086 -0.183594
v -0.437500 -0.159180 -0.187500
v -0.482422 0.139648 0.166016
v 0.500000 0.069336 -0.158203
v -0.468750 0.145508 -0.183594
v 0.437500 0.094727 -0.211914
v 0.011780 0.177734 -0.136719
v -0.416016 -0.159180 -0.191406
v 0.294922 0.041016 0.218750
v 0.363281 0.071777 0.217773
v 0.218750 0.000141 0.219727
v -0.265625 0.153320 0.197266
v 0.433594 -0.147461 0.198242
v 0.108398 0.177734 -0.136719
v -0.431641 0.152344 -0.195312
v -0.185547 -0.178711 -0.000568
v 0.412109 -0.169922 -0.172852
v 0.429688 -0.168945 -0.170898
v 0.480469 0.030640 -0.195312
v -0.269531 0.177734 0.119629
v -0.283203 0.176758 0.138672
v 0.464844 0.172852 -0.047119
v 0.455078 0.174805 -0.045898
v 0.378906 0.167969 -0.181641
v 0.419922 0.160156 -0.188477
v 0.484375 -0.126953 0.182617
v 0.108887 -0.163086 -0.189453
v -0.488281 0.131836 0.156250
v 0.009827 -0.179688 -0.001190
v 0.108887 -0.179688 0.000858
v -0.088867 -0.178711 -0.001129
v 0.009521 -0.159180 -0.193359
v 0.106934 0.177734 -0.113770
v 0.486328 -0.144531 0.153320
v 0.486328 0.134766 -0.174805
v -0.457031 -0.171875 -0.000126
v -0.464844 -0.168945 -0.047119
v 0.408203 0.081055 0.215820
v 0.427734 0.041992 0.216797
v -0.400391 -0.096680 0.213867
v -0.466797 -0.126953 0.192383
v 0.369141 0.177734 -0.090332
v 0.363281 0.177734 -0.045654
v -0.265625 0.141602 0.204102
v -0.429688 -0.169922 0.168945
v -0.416016 -0.172852 0.155273
v 0.453125 0.087891 -0.209961
v 0.478516 0.101074 0.194336
v -0.345703 0.178711 -0.002563
v 0.109375 0.177734 0.114258
v 0.462891 -0.167969 -0.153320
v -0.443359 0.109863 0.208008
v 0.484375 -0.116699 -0.185547
v -0.460938 0.120605 -0.200195
v 0.435547 0.166016 0.176758
v 0.208008 0.177734 -0.137695
v -0.445312 -0.174805 0.089355
v -0.400391 -0.177734 0.122070
v -0.351562 -0.175781 0.140625
v 0.455078 -0.169922 -0.156250
v -0.496094 0.017944 -0.149414
vn -0.4865 -0.6556 -0.5775
vn -0.3944 -0.5802 -0.7126
vn -0.4611 -0.7260 -0.5102
vn -0.3743 -0.5245 -0.7647
vn -0.4306 -0.4707 -0.7701
vn -0.4608 -0.7424 -0.4864
vn -0.7351 -0.5531 -0.3921
vn -0.6223 -0.5088 -0.5949
vn -0.7069 -0.4807 -0.5189
vn -0.0001 0.9999 0.0111
vn -0.0035 1.0000 -0.0037
vn 0.0040 0.9999 0.0164
vn -0.0016 1.0000 -0.0069
vn -0.0001 0.9999 0.0110
vn -0.0002 0.9999 0.0137
vn 0.0050 0.9999 0.0115
vn 0.0018 1.0000 -0.0036
vn -0.0002 0.9999 0.0138
vn 0.3676 -0.5970 -0.7131
vn 0.2866 -0.5779 -0.7642
vn 0.3924 -0.6705 -0.6296
vn 0.4002 -0.7896 -0.4651
vn 0.3114 -0.8015 -0.5105
vn 0.2283 -0.6781 -0.6986
vn 0.2896 -0.5075 -0.8115
vn -0.2757 0.6272 0.7284
vn -0.2257 0.5423 0.8093
vn -0.2076 0.5551 0.8055
vn -0.2964 0.6820 0.6686
vn -0.3225 0.5726 0.7538
vn -0.2728 0.6976 0.6625
vn -0.0087 -0.2883 0.9575
vn -0.0321 -0.2720 0.9618
vn -0.0300 -0.4104 0.9114
vn -0.0177 -0.1701 0.9853
vn -0.0055 -0.4045 0.9145
vn -0.0039 -0.3064 0.9519
vn -0.0039 -0.3065 0.9519
vn -0.0048 -0.2119 0.9773
vn -0.0087 -0.2882 0.9575
vn 0.6261 0.5420 -0.5606
vn 0.7269 0.5458 -0.4168
vn 0.8111 0.4267 -0.4000
vn 0.6139 0.6011 -0.5116
vn 0.5700 0.6394 -0.5161
vn 0.5926 0.6047 -0.5321
vn 0.7013 0.4946 -0.5134
vn 0.0172 -0.7456 0.6662
vn 0.0197 -0.5622 0.8267
vn 0.0018 -0.6800 0.7332
vn 0.0020 -0.8228 0.5683
vn 0.0172 -0.7456 0.6661
vn 0.0425 -0.7123 0.7006
vn 0.0197 -0.5623 0.8267
vn 0.0172 -0.7457 0.6661
vn 0.0107 -0.8114 0.5844
vn 0.0319 -0.8024 0.5959
vn 0.0106 -0.8114 0.5844
vn -0.9977 0.0333 -0.0593
vn -0.9916 0.0438 -0.1213
vn -0.9986 0.0352 -0.0401
vn -0.9884 0.0993 -0.1147
vn -0.9997 0.0006 -0.0225
vn -0.9993 0.0175 -0.0319
vn -0.9930 0.0949 -0.0698
vn -0.4384 -0.0796 0.8952
vn -0.5803 -0.0460 0.8131
vn -0.5879 -0.0460 0.8077
vn -0.4244 -0.0715 0.9027
vn -0.4622 -0.2248 0.8578
vn -0.3343 -0.1806 0.9250
vn -0.3780 -0.0941 0.9210
vn 0.0551 0.9983 -0.0213
vn 0.1575 0.9870 -0.0334
vn 0.0598 0.9964 -0.0594
vn 0.0281 0.9992 -0.0279
vn 0.1577 0.9874 -0.0144
vn 0.0266 0.9995 -0.0143
vn 0.0669 0.9975 -0.0209
vn 0.8519 -0.5093 0.1223
vn 0.9215 -0.3841 0.0567
vn 0.9277 -0.3476 0.1360
vn 0.8078 -0.5876 0.0464
vn 0.8362 -0.5068 0.2095
vn 0.6369 -0.7496 0.1802
vn 0.6395 -0.7655 0.0702
vn -0.0100 0.0207 -0.9997
vn -0.0071 0.0038 -1.0000
vn -0.0058 0.0136 -0.9999
vn 0.0006 0.0377 -0.9993
vn -0.0071 0.0275 -0.9996
vn -0.0018 -0.0025 -1.0000
vn -0.0088 0.0455 -0.9989
vn -0.0071 0.0276 -0.9996
vn -0.0990 -0.9865 -0.1305
vn -0.0646 -0.9969 -0.0438
vn -0.1481 -0.9859 -0.0783
vn -0.2225 -0.9719 -0.0773
vn -0.1660 -0.9593 -0.2286
vn -0.1659 -0.9593 -0.2287
vn -0.1069 -0.9303 -0.3509
vn -0.0273 -0.9641 -0.2643
vn -0.0288 -0.9945 -0.1007
vn 0.7251 0.1797 0.6647
vn 0.6185 0.2398 0.7483
vn 0.7488 0.1293 0.6500
vn 0.7506 0.3278 0.5737
vn 0.6003 0.2672 0.7538
vn 0.9169 0.1093 0.3839
vn 0.8938 0.1450 0.4243
vn 0.0034 -0.0570 -0.9984
vn 0.0075 -0.0684 -0.9976
vn 0.0103 -0.1168 -0.9931
vn 0.0047 -0.0548 -0.9985
vn 0.0025 -0.0232 -0.9997
vn 0.0032 -0.0233 -0.9997
vn 0.0040 -0.1126 -0.9936
vn -0.4586 0.8883 0.0244
vn -0.3478 0.9375 0.0091
vn -0.5116 0.8592 -0.0007
vn -0.4701 0.8824 0.0221
vn -0.3610 0.9324 0.0194
vn -0.6197 0.7844 0.0243
vn -0.6683 0.7433 0.0277
vn -1.0000 -0.0069 -0.0070
vn -0.9998 -0.0198 0.0000
vn -0.9996 -0.0168 -0.0218
vn -0.9999 -0.0004 -0.0141
vn -1.0000 0.0076 -0.0056
vn -0.9997 0.0225 0.0011
vn -1.0000 0.0000 0.0000
vn 0.8295 -0.3071 -0.4666
vn 0.8180 -0.4483 -0.3605
vn 0.6888 -0.4376 -0.5780
vn 0.8618 -0.2421 -0.4458
vn 0.9358 -0.1742 -0.3066
vn 0.7687 -0.3298 -0.5480
vn 0.8453 -0.3963 -0.3584
vn -0.0258 0.5191 0.8543
vn -0.0234 0.6600 0.7509
vn -0.1172 0.6197 0.7760
vn -0.1213 0.4557 0.8818
vn -0.0477 0.3454 0.9372
vn 0.0022 0.4385 0.8987
vn 0.0006 0.5485 0.8361
vn -0.0022 -0.7734 0.6339
vn 0.0026 -0.8910 0.4540
vn 0.0009 -0.8945 0.4470
vn 0.0013 -0.7973 0.6035
vn 0.0016 -0.6989 0.7152
vn 0.0051 -0.7362 0.6767
vn 0.0044 -0.8225 0.5688
vn 0.9976 0.0579 -0.0390
vn 0.9685 0.1951 -0.1547
vn 0.9841 0.1460 -0.1014
vn 0.9856 0.1162 -0.1232
vn 0.9906 0.0261 -0.1344
vn 0.9928 0.1182 -0.0198
vn 1.0000 0.0000 0.0000
vn 0.2243 -0.9728 0.0582
vn 0.3980 -0.9129 0.0908
vn 0.3572 -0.9270 0.1143
vn 0.1890 -0.9815 0.0312
vn 0.3027 -0.9523 0.0384
vn 0.2361 -0.9653 0.1114
vn 0.1109 -0.9918 0.0631
vn 0.1891 -0.9815 0.0312
vn -0.3262 0.6644 -0.6724
vn -0.3582 0.4161 -0.8358
vn -0.5074 0.6068 -0.6118
vn -0.2302 0.5007 -0.8345
vn -0.4165 0.6958 -0.5851
vn -0.3933 0.6824 -0.6161
vn -0.2471 0.5935 -0.7660
vn -0.6696 -0.7423 0.0260
vn -0.4753 -0.8797 0.0135
vn -0.5257 -0.8497 0.0415
vn -0.6788 -0.7343 0.0046
vn -0.5258 -0.8496 0.0415
vn -0.5728 -0.8196 0.0108
vn -0.6808 -0.7325 0.0000
vn 0.0274 0.0645 -0.9975
vn 0.0074 0.0773 -0.9970
vn 0.0089 0.1952 -0.9807
vn 0.0272 0.0377 -0.9989
vn 0.0799 0.0524 -0.9954
vn 0.0273 0.0377 -0.9989
vn 0.0679 0.0369 -0.9970
vn 0.0248 0.1552 -0.9876
vn 0.8897 -0.0127 0.4563
vn 0.8648 0.0064 0.5020
vn 0.7643 -0.0121 0.6448
vn 0.7184 -0.0051 0.6956
vn 0.9494 -0.0371 0.3119
vn 0.9718 -0.0236 0.2345
vn 0.9720 -0.0173 0.2344
vn 0.7696 -0.0350 0.6376
vn 0.8898 -0.0127 0.4562
vn 0.8649 0.0064 0.5020
vn 0.0006 0.9884 -0.1518
vn -0.0032 0.9869 -0.1615
vn -0.0022 0.9578 -0.2873
vn 0.0019 0.9975 -0.0709
vn -0.0061 0.9948 -0.1013
vn 0.0050 0.9558 -0.2940
vn 0.0014 0.9927 -0.1205
vn -0.0033 0.9869 -0.1613
vn 0.0006 0.9884 -0.1517
vn 0.0014 0.9927 -0.1204
vn 0.0020 0.9975 -0.0709
vn -0.0875 -0.5164 -0.8519
vn -0.1980 -0.5386 -0.8190
vn -0.0663 -0.4112 -0.9091
vn -0.0225 -0.4642 -0.8854
vn -0.0336 -0.5251 -0.8504
vn -0.2212 -0.6308 -0.7438
vn -0.1113 -0.6390 -0.7611
vn 0.8156 0.5621 0.1371
vn 0.8649 0.4952 0.0817
vn 0.9198 0.3874 0.0624
vn 0.7928 0.5950 0.1319
vn 0.8217 0.5680 0.0463
vn 0.6786 0.7261 0.1113
vn 0.7335 0.6706 0.1107
vn -0.7919 -0.0137 0.6104
vn -0.7280 -0.0224 0.6852
vn -0.6507 -0.0084 0.7593
vn -0.8903 -0.0241 0.4547
vn -0.8137 0.0019 0.5813
vn -0.7435 -0.0069 0.6687
vn -0.8670 -0.0062 0.4983
vn -0.7919 -0.0137 0.6105
vn -0.9605 -0.2467 0.1287
vn -0.9904 -0.0807 0.1119
vn -0.9950 -0.0655 0.0754
vn -0.9647 -0.2555 0.0633
vn -0.8972 -0.4034 0.1799
vn -0.8726 -0.4498 0.1902
vn -0.9377 -0.2948 0.1837
vn 0.0070 0.7283 -0.6852
vn 0.0050 0.6164 -0.7874
vn 0.0027 0.5824 -0.8129
vn -0.0022 0.8747 -0.4846
vn 0.0060 0.8654 -0.5011
vn 0.0070 0.7283 -0.6853
vn 0.0027 0.5823 -0.8129
vn -0.0022 0.7214 -0.6926
vn 0.0057 0.7387 -0.6741
vn -0.0022 0.8747 -0.4847
vn 0.4696 -0.6878 0.5535
vn 0.4641 -0.7242 0.5100
vn 0.4408 -0.6642 0.6038
vn 0.5141 -0.5439 0.6632
vn 0.3362 -0.7325 0.5920
vn 0.3555 -0.8189 0.4507
vn 0.3903 -0.6093 0.6902
vn -0.1672 0.0194 -0.9857
vn -0.3081 0.0283 -0.9509
vn -0.1626 0.0489 -0.9855
vn -0.2146 -0.0161 -0.9766
vn -0.3023 0.0128 -0.9531
vn -0.0489 0.0349 -0.9982
vn -0.0542 0.0055 -0.9985
vn -0.3023 0.0129 -0.9531
vn -0.0489 0.0348 -0.9982
vn 0.0047 -0.7380 -0.6748
vn 0.0021 -0.7550 -0.6557
vn -0.0052 -0.6018 -0.7986
vn 0.0035 -0.8691 -0.4947
vn 0.0030 -0.8724 -0.4888
vn 0.0052 -0.7366 -0.6763
vn 0.0046 -0.6004 -0.7997
vn 0.9998 0.0185 0.0079
vn 0.9920 0.1253 0.0162
vn 0.9935 0.1044 0.0447
vn 0.9972 0.0591 0.0465
vn 0.9998 0.0005 0.0207
vn 0.9920 0.1252 0.0162
vn 0.0619 -0.0954 -0.9935
vn 0.1739 -0.1538 -0.9727
vn 0.0499 -0.1502 -0.9874
vn 0.0619 -0.0953 -0.9935
vn 0.0162 -0.1116 -0.9936
vn 0.0187 -0.0647 -0.9977
vn 0.1728 -0.0607 -0.9831
vn 0.1740 -0.1538 -0.9727
vn 0.0771 -0.0521 -0.9957
vn -0.4062 0.7945 0.4514
vn -0.3041 0.8132 0.4962
vn -0.3135 0.8801 0.3566
vn -0.4063 0.7945 0.4514
vn -0.4186 0.7494 0.5131
vn -0.3042 0.8132 0.4962
vn -0.4052 0.8527 0.3298
vn -0.4063 0.7944 0.4514
vn -0.4053 0.8526 0.3298
vn -0.5223 0.7204 0.4563
vn -0.5825 0.6735 0.4550
vn -0.5825 0.6735 0.4551
vn -0.2935 -0.9437 -0.1526
vn -0.3596 -0.9147 -0.1846
vn -0.3987 -0.8861 -0.2363
vn -0.4219 -0.8871 -0.1875
vn -0.2934 -0.9437 -0.1527
vn -0.1988 -0.9769 -0.0782
vn -0.3217 -0.9335 -0.1582
vn 0.2210 0.0801 0.9720
vn 0.2357 0.0346 0.9712
vn 0.3392 0.0311 0.9402
vn 0.2209 0.0802 0.9720
vn 0.3092 0.0993 0.9458
vn 0.1727 0.1743 0.9694
vn 0.3092 0.0992 0.9458
vn 0.1307 0.1574 0.9788
vn 0.1285 0.0859 0.9880
vn 0.1308 0.1575 0.9788
vn 0.7821 -0.0978 -0.6154
vn 0.7145 -0.0444 -0.6982
vn 0.7876 -0.0654 -0.6127
vn 0.7822 -0.0979 -0.6153
vn 0.7736 -0.0859 -0.6279
vn 0.7269 -0.1307 -0.6742
vn 0.5992 -0.0552 -0.7987
vn -0.0034 1.0000 -0.0035
vn 0.0002 1.0000 0.0074
vn 0.0020 1.0000 -0.0038
vn -0.0288 -0.0308 0.9991
vn -0.0588 -0.0220 0.9980
vn -0.0400 -0.0404 0.9984
vn -0.0038 -0.0260 0.9997
vn -0.0102 -0.0064 0.9999
vn -0.0521 -0.0432 0.9977
vn -0.0139 -0.0599 0.9981
vn -0.0038 -0.0261 0.9997
vn 0.3558 0.9339 -0.0355
vn 0.3716 0.9255 -0.0738
vn 0.3557 0.9339 -0.0355
vn 0.3235 0.9460 -0.0231
vn 0.4279 0.9034 -0.0278
vn 0.5087 0.8607 -0.0215
vn 0.5159 0.8552 -0.0495
vn 0.0046 -0.9898 0.1422
vn 0.0072 -0.9773 0.2118
vn -0.0020 -0.9637 0.2671
vn 0.0043 -0.9981 0.0617
vn 0.0089 -0.9940 0.1094
vn -0.0020 -0.9636 0.2672
vn 0.0022 -0.9827 0.1852
vn 0.0012 -0.9965 0.0833
vn -0.7416 0.2146 -0.6356
vn -0.6411 0.2896 -0.7107
vn -0.6062 0.2036 -0.7688
vn -0.8917 0.2077 -0.4021
vn -0.7593 0.3077 -0.5734
vn -0.6128 0.0994 -0.7840
vn -0.8811 0.1165 -0.4584
vn -0.7234 0.0869 -0.6850
vn -0.8564 -0.3291 0.3977
vn -0.8044 -0.3907 0.4475
vn -0.8157 -0.2754 0.5087
vn -0.8564 -0.3291 0.3978
vn -0.9026 -0.1416 0.4065
vn -0.8446 -0.4187 0.3338
vn -0.9834 -0.0839 0.1607
vn -0.9378 -0.2947 0.1837
vn 0.0060 0.8530 -0.5218
vn 0.0080 0.7542 -0.6566
vn 0.0002 0.9273 -0.3744
vn 0.0067 0.9288 -0.3705
vn 0.0059 0.8566 -0.5160
vn 0.0060 0.8530 -0.5219
vn 0.0058 0.8566 -0.5160
vn 0.9999 -0.0080 0.0071
vn 0.9999 -0.0079 0.0071
vn 0.0046 -0.9997 -0.0246
vn -0.0035 -0.9998 -0.0187
vn -0.0015 -0.9999 -0.0141
vn 0.0001 -0.9999 -0.0120
vn 0.0056 -0.9987 -0.0505
vn 0.0006 -0.9994 -0.0339
vn -0.0017 -1.0000 -0.0035
vn 0.7225 0.3979 0.5654
vn 0.5470 0.5044 0.6681
vn 0.5679 0.3819 0.7291
vn 0.8186 0.4147 0.3974
vn 0.7189 0.5568 0.4161
vn 0.7506 0.3279 0.5737
vn 0.8723 0.2687 0.4085
vn 0.0417 -0.8514 -0.5229
vn 0.1421 -0.7898 -0.5966
vn 0.0877 -0.8853 -0.4567
vn 0.0188 -0.7653 -0.6434
vn 0.0561 -0.6946 -0.7172
vn 0.0434 -0.8946 -0.4447
vn 0.0270 -0.8648 -0.5015
vn -0.9940 0.0175 0.1076
vn -0.9871 0.0607 0.1482
vn -0.9981 0.0230 0.0574
vn -0.9837 -0.0466 0.1735
vn -0.9552 0.0780 0.2856
vn -0.9592 0.0802 0.2711
vn -0.9983 -0.0082 0.0570
vn -0.9923 -0.0063 0.1241
vn -0.8860 -0.0252 -0.4630
vn -0.8968 0.0119 -0.4424
vn -0.7927 0.0281 -0.6090
vn -0.7325 -0.0249 -0.6803
vn -0.8909 -0.0125 -0.4540
vn -0.7383 -0.0544 -0.6723
vn -0.9114 -0.0260 -0.4107
vn 0.0225 0.9676 0.2514
vn 0.0216 0.9010 0.4333
vn 0.0644 0.9233 0.3786
vn 0.0051 0.9461 0.3238
vn 0.0215 0.9010 0.4333
vn 0.0079 0.9856 0.1688
vn 0.0519 0.9653 0.2558
vn 0.0195 0.9907 0.1343
vn 0.7667 -0.6420 -0.0045
vn 0.9121 -0.4100 -0.0039
vn 0.7993 -0.6006 0.0173
vn 0.7090 -0.7051 0.0153
vn 0.7130 -0.7003 -0.0351
vn 0.9035 -0.4279 -0.0239
vn 0.5864 -0.8098 -0.0181
vn -0.0039 0.1987 0.9801
vn -0.0225 0.1019 0.9945
vn -0.0061 0.0897 0.9960
vn -0.0250 0.2125 0.9768
vn -0.0040 0.1988 0.9800
vn -0.0019 0.1912 0.9815
vn -0.0051 0.3269 0.9450
vn -0.0100 0.3117 0.9501
vn -0.1389 -0.9834 0.1166
vn -0.2959 -0.9416 0.1607
vn -0.2947 -0.9519 0.0844
vn -0.2210 -0.9508 0.2173
vn -0.1138 -0.9812 0.1559
vn -0.1570 -0.9867 0.0424
vn -0.0848 -0.9943 0.0640
vn -0.0716 -0.9911 0.1126
vn 0.4695 0.0122 -0.8828
vn 0.5837 -0.0132 -0.8119
vn 0.4599 -0.0125 -0.8879
vn 0.4456 0.0466 -0.8940
vn 0.5462 0.0380 -0.8368
vn 0.2250 0.0019 -0.9744
vn 0.2537 0.0324 -0.9667
vn 0.0015 -0.3754 0.9269
vn -0.0044 -0.3692 0.9293
vn 0.0010 -0.5251 0.8510
vn 0.0028 -0.5657 0.8246
vn 0.0015 -0.3753 0.9269
vn -0.0015 -0.4120 0.9112
vn -0.0027 -0.2615 0.9652
vn 0.0038 -0.2892 0.9573
vn -0.9018 0.4316 -0.0220
vn -0.8419 0.5375 -0.0477
vn -0.8935 0.4256 -0.1430
vn -0.9483 0.3095 -0.0704
vn -0.9269 0.3753 0.0033
vn -0.9123 0.4094 -0.0064
vn -0.8419 0.5375 -0.0476
vn -0.9483 0.3095 -0.0705
vn -0.8933 0.0538 0.4463
vn -0.9425 -0.0753 0.3256
vn -0.8525 -0.0284 0.5220
vn -0.9843 -0.0211 0.1752
vn -0.8474 0.0350 0.5298
vn -0.9487 0.0092 0.3160
vn -0.9167 0.0036 0.3995
vn -0.9487 0.0092 0.3161
vn 0.0031 0.9783 -0.2070
vn 0.0001 0.9273 -0.3744
vn -0.0082 0.9778 -0.2096
vn -0.0082 0.9778 -0.2095
vn -0.0039 0.9960 -0.0895
vn 0.0043 0.9975 -0.0705
vn 0.0065 0.9785 -0.2061
vn 0.0065 0.9785 -0.2062
vn 0.2782 -0.9605 0.0109
vn 0.4170 -0.9089 0.0063
vn 0.3028 -0.9523 0.0384
vn 0.1926 -0.9812 0.0110
vn 0.3060 -0.9520 0.0014
vn 0.4754 -0.8797 -0.0070
vn -0.1613 0.1744 -0.9714
vn -0.0732 0.1123 -0.9910
vn -0.1340 0.1178 -0.9840
vn -0.1613 0.1745 -0.9714
vn -0.3012 0.1808 -0.9363
vn -0.2988 0.2595 -0.9184
vn -0.1018 0.2037 -0.9737
vn -0.1679 0.2722 -0.9475
vn -0.1019 0.2037 -0.9737
vn -0.0048 -1.0000 -0.0077
vn 0.0000 -1.0000 0.0000
vn -0.0030 -1.0000 -0.0031
vn -0.0089 -0.9999 -0.0098
vn -0.0119 -0.9998 -0.0158
vn -0.0034 -0.9994 -0.0358
vn 0.6709 0.0009 0.7416
vn 0.7811 -0.0097 0.6244
vn 0.6783 0.0000 0.7348
vn 0.5056 0.0022 0.8628
vn 0.6967 -0.0040 0.7174
vn 0.5057 0.0039 0.8627
vn 0.7846 0.0017 0.6200
vn 0.0173 -0.3967 -0.9178
vn 0.0598 -0.4800 -0.8752
vn 0.0163 -0.5375 -0.8431
vn 0.0147 -0.2359 -0.9717
vn 0.0172 -0.2400 -0.9706
vn 0.0068 -0.4220 -0.9066
vn 0.0042 -0.4725 -0.8813
vn 0.0416 -0.2620 -0.9642
vn 0.0488 -0.4312 -0.9009
vn -0.8889 0.4343 0.1457
vn -0.8873 0.4591 0.0428
vn -0.9672 0.2436 0.0715
vn -0.7611 0.6017 0.2422
vn -0.8191 0.5483 0.1685
vn -0.9587 0.2520 0.1321
vn -0.8854 0.3861 0.2589
vn -0.3698 -0.3888 -0.8439
vn -0.2044 -0.4087 -0.8895
vn -0.3255 -0.5397 -0.7764
vn -0.3744 -0.5245 -0.7647
vn -0.4306 -0.3672 -0.8245
vn -0.2349 -0.2650 -0.9352
vn -0.3859 -0.2515 -0.8876
vn 0.3221 0.8757 0.3597
vn 0.3862 0.7871 0.4810
vn 0.3983 0.7639 0.5077
vn 0.3162 0.8828 0.3475
vn 0.1476 0.9551 0.2568
vn 0.1797 0.8911 0.4168
vn 0.2609 0.9434 0.2049
vn 0.9996 -0.0276 -0.0016
vn 0.9988 -0.0337 -0.0368
vn 0.9970 -0.0146 -0.0763
vn 0.9932 0.0000 -0.1167
vn 0.9970 -0.0146 -0.0762
vn -0.0366 -0.9993 0.0124
vn -0.0812 -0.9967 0.0029
vn -0.0942 -0.9956 0.0020
vn -0.0122 -0.9995 0.0288
vn -0.0184 -0.9998 0.0110
vn -0.0260 -0.9996 -0.0106
vn -0.0055 -1.0000 0.0038
vn 0.3943 0.4110 -0.8220
vn 0.2403 0.4402 -0.8652
vn 0.3359 0.6062 -0.7209
vn 0.3944 0.4109 -0.8220
vn 0.5204 0.5263 -0.6725
vn 0.5514 0.3676 -0.7489
vn 0.4719 0.2799 -0.8361
vn 0.2766 0.3310 -0.9022
vn -0.0042 -0.8946 0.4468
vn -0.0041 -0.9408 0.3389
vn -0.0050 -0.8974 0.4412
vn -0.0043 -0.8946 0.4468
vn -0.0039 -0.8766 0.4812
vn -0.0019 -0.9341 0.3569
vn -0.0019 -0.9341 0.3570
vn -0.0059 -0.7735 0.6337
vn -0.0039 -0.8766 0.4813
vn -0.9656 0.0429 -0.2565
vn -0.9709 0.0207 -0.2387
vn -0.9805 0.0140 -0.1961
vn -0.9656 0.0428 -0.2566
vn -0.9463 0.0461 -0.3201
vn -0.9400 0.0995 -0.3263
vn -0.9245 0.0796 -0.3728
vn -0.9526 0.0104 -0.3041
vn -0.9245 0.0796 -0.3729
vn -0.7321 -0.6795 0.0477
vn -0.8589 -0.4721 0.1985
vn -0.8598 -0.5098 0.0296
vn -0.7561 -0.6102 0.2364
vn -0.8133 -0.5818 -0.0052
vn -0.5566 -0.8217 0.1224
vn -0.6617 -0.7497 -0.0086
vn -0.4919 -0.8706 0.0130
vn 0.0099 0.0508 -0.9987
vn 0.0044 0.1804 -0.9836
vn 0.0061 0.0785 -0.9969
vn 0.0062 0.0786 -0.9969
vn 0.0044 0.1803 -0.9836
vn 0.5783 -0.0593 0.8136
vn 0.5672 -0.0434 0.8224
vn 0.4503 -0.0630 0.8907
vn 0.6600 -0.0206 0.7510
vn 0.7345 -0.0379 0.6776
vn 0.6089 -0.0765 0.7895
vn 0.4502 -0.0630 0.8907
vn 0.5367 -0.0782 0.8402
vn 0.0048 1.0000 0.0053
vn -0.0032 0.9996 -0.0267
vn -0.0151 0.9998 -0.0155
vn -0.0036 1.0000 0.0028
vn -0.0024 1.0000 -0.0088
vn -0.0014 1.0000 -0.0087
vn 0.0023 1.0000 -0.0076
vn 0.0073 -0.0561 -0.9984
vn 0.0025 -0.1124 -0.9937
vn 0.0069 -0.1405 -0.9901
vn -0.0003 -0.0120 -0.9999
vn 0.0065 -0.0168 -0.9998
vn 0.0069 -0.1404 -0.9901
vn 0.0017 -0.0556 -0.9985
vn 0.6502 0.7593 0.0252
vn 0.3864 0.9220 0.0249
vn 0.6270 0.7786 0.0259
vn 0.6868 0.7267 -0.0098
vn 0.4844 0.8748 -0.0073
vn 0.7506 0.6600 0.0334
vn 0.7382 0.6741 0.0254
vn 0.2504 -0.8645 -0.4357
vn 0.1757 -0.8024 -0.5703
vn 0.2504 -0.8646 -0.4357
vn 0.2485 -0.9187 -0.3071
vn 0.1215 -0.9484 -0.2928
vn 0.2505 -0.8645 -0.4357
vn 0.3821 -0.8353 -0.3954
vn 0.2485 -0.9186 -0.3072
vn -0.2087 0.3516 0.9126
vn -0.1046 0.3983 0.9113
vn -0.3847 0.4681 0.7955
vn -0.8719 -0.4817 -0.0885
vn -0.9524 -0.3013 -0.0467
vn -0.9397 -0.3364 -0.0611
vn -0.8062 -0.5782 -0.1251
vn -0.8223 -0.5534 -0.1327
vn -0.8906 -0.4115 -0.1938
vn -0.8906 -0.4114 -0.1938
vn -0.9193 -0.3882 -0.0654
vn -0.9193 -0.3882 -0.0653
vn 0.0536 0.5231 0.8506
vn 0.1243 0.3697 0.9208
vn 0.1403 0.4542 0.8798
vn 0.0556 0.6185 0.7838
vn 0.0207 0.6559 0.7545
vn 0.0133 0.5240 0.8516
vn 0.0392 0.3825 0.9231
vn 0.4167 -0.8041 -0.4240
vn 0.4262 -0.8162 -0.3901
vn 0.3807 -0.8159 -0.4352
vn 0.6078 -0.6217 -0.4940
vn 0.5233 -0.7815 -0.3398
vn 0.5331 -0.5780 -0.6178
vn -0.0046 0.0228 0.9997
vn -0.0050 0.0760 0.9971
vn -0.0032 0.0365 0.9993
vn -0.0017 0.0184 0.9998
vn -0.0082 0.0272 0.9996
vn -0.0082 0.0499 0.9987
vn -0.0583 -0.5580 0.8278
vn -0.1463 -0.6699 0.7279
vn -0.0523 -0.6418 0.7651
vn -0.0254 -0.5749 0.8178
vn -0.0300 -0.4105 0.9114
vn -0.0695 -0.3960 0.9156
vn -0.1492 -0.5485 0.8227
vn 0.9970 0.0776 0.0017
vn 0.9860 0.1587 -0.0517
vn 0.9592 0.2825 -0.0053
vn 0.9941 0.1084 0.0071
vn 0.9993 0.0325 -0.0165
vn 0.9860 0.1586 -0.0517
vn 0.9695 0.2446 0.0157
vn 0.0033 -0.0822 0.9966
vn 0.0066 -0.0507 0.9987
vn -0.0069 -0.0797 0.9968
vn -0.0004 -0.1641 0.9864
vn 0.0060 -0.0728 0.9973
vn 0.0093 -0.0319 0.9994
vn 0.0040 -0.1832 0.9831
vn -0.7792 0.5452 -0.3092
vn -0.8169 0.5180 -0.2538
vn -0.8830 0.4287 -0.1914
vn -0.6580 0.6402 -0.3963
vn -0.8126 0.5500 -0.1927
vn -0.5622 0.7814 -0.2706
vn -0.5417 0.7518 -0.3759
vn -0.8241 -0.5610 -0.0786
vn -0.8524 -0.5224 -0.0218
vn -0.9401 -0.3402 -0.0230
vn -0.8240 -0.5611 -0.0786
vn -0.7255 -0.6846 -0.0707
vn -0.8524 -0.5225 -0.0219
vn -0.7601 -0.6424 -0.0978
vn -0.0002 0.1580 0.9874
vn -0.0004 0.0805 0.9968
vn 0.0000 0.1454 0.9894
vn 0.0016 0.2042 0.9789
vn 0.0021 0.1160 0.9932
vn 0.0016 0.2635 0.9647
vn 0.0037 0.2637 0.9646
vn 0.4342 -0.0280 -0.9004
vn 0.2811 -0.0389 -0.9589
vn 0.3081 -0.0285 -0.9509
vn 0.4669 -0.0029 -0.8843
vn 0.4215 -0.0649 -0.9045
vn 0.5394 -0.0186 -0.8418
vn -0.1143 0.9843 0.1343
vn -0.2676 0.9418 0.2034
vn -0.1871 0.9431 0.2749
vn -0.0355 0.9969 0.0704
vn -0.0554 0.9975 0.0448
vn -0.1851 0.9772 0.1038
vn -0.0532 0.9787 0.1983
vn -0.0132 -0.6788 0.7342
vn -0.0056 -0.6735 0.7391
vn -0.0055 -0.7623 0.6472
vn -0.0035 -0.8090 0.5877
vn 0.0012 -0.7344 0.6787
vn -0.0068 -0.5398 0.8418
vn -0.0056 -0.6735 0.7392
vn -0.0126 -0.4986 0.8667
vn 0.9312 0.3019 -0.2045
vn 0.9776 0.2007 -0.0632
vn 0.9502 0.2123 -0.2282
vn 0.9571 0.2839 -0.0573
vn 0.8644 0.4014 -0.3028
vn 0.9074 0.3732 -0.1933
vn 0.9502 0.2123 -0.2283
vn 0.9037 0.3012 -0.3043
vn 0.0236 -0.9997 -0.0028
vn 0.0856 -0.9960 0.0249
vn 0.0177 -0.9997 0.0172
vn 0.0030 -1.0000 0.0047
vn 0.0237 -0.9997 -0.0028
vn 0.0821 -0.9966 0.0020
vn 0.0217 -0.9998 -0.0009
vn 0.0090 -0.9999 -0.0082
vn -0.5720 -0.0119 -0.8202
vn -0.4057 0.0000 -0.9140
vn -0.4549 -0.0192 -0.8903
vn -0.5720 -0.0119 -0.8201
vn -0.4549 -0.0193 -0.8903
vn -0.5594 -0.0238 -0.8285
vn -0.5595 -0.0238 -0.8285
vn -0.6719 0.0031 -0.7407
vn -0.7034 -0.0020 -0.7108
vn -0.5509 0.0193 -0.8343
vn -0.9993 -0.0170 0.0333
vn -0.9996 -0.0221 0.0191
vn -0.9996 -0.0127 0.0238
vn -0.9994 -0.0028 0.0355
vn -0.9997 0.0009 0.0238
vn -0.9997 -0.0065 0.0231
vn -0.9998 -0.0089 0.0164
vn 0.1000 0.8129 -0.5737
vn 0.2285 0.8199 -0.5250
vn 0.2077 0.7146 -0.6680
vn 0.1000 0.8130 -0.5736
vn 0.0898 0.8826 -0.4614
vn 0.1123 0.8923 -0.4372
vn 0.1378 0.7522 -0.6444
vn 0.2285 0.8199 -0.5249
vn 0.0899 0.8826 -0.4615
vn 0.8512 -0.3883 0.3530
vn 0.9348 -0.2123 0.2847
vn 0.9297 -0.2224 0.2935
vn 0.6771 -0.5342 0.5061
vn 0.7758 -0.5278 0.3458
vn 0.8937 -0.3414 0.2912
vn 0.7607 -0.4085 0.5044
vn -0.0034 0.9500 -0.3123
vn -0.0028 0.9990 -0.0448
vn -0.0018 0.9985 -0.0555
vn -0.0096 -0.9316 -0.3634
vn -0.0025 -0.9640 -0.2658
vn -0.0466 -0.9132 -0.4049
vn -0.0096 -0.9316 -0.3635
vn -0.0129 -0.8362 -0.5483
vn 0.0033 -0.9404 -0.3401
vn 0.0040 -0.9697 -0.2441
vn -0.0096 -0.9315 -0.3635
vn -0.0409 -0.8362 -0.5469
vn -0.0410 -0.8362 -0.5468
vn 0.9721 0.0022 0.2344
vn 0.9496 0.0158 0.3132
vn 0.9560 -0.0034 0.2932
vn 0.9942 -0.0222 0.1050
vn 0.9938 0.0350 0.1054
vn 0.9563 0.0722 0.2834
vn 0.9938 0.0350 0.1055
vn 0.9719 0.0863 0.2192
vn 0.9817 -0.0165 0.1899
vn 0.9816 -0.0165 0.1900
vn 0.0009 -0.9987 -0.0509
vn 0.0059 -0.9999 -0.0152
vn -0.0017 -0.9996 -0.0296
vn 0.0028 -1.0000 -0.0044
vn 0.0002 -1.0000 -0.0078
vn -0.5738 0.3504 0.7402
vn -0.5757 0.4116 0.7065
vn -0.6882 0.4129 0.5965
vn -0.6878 0.2616 0.6772
vn -0.6188 0.2950 0.7280
vn -0.5642 0.3609 0.7426
vn -0.5192 0.2872 0.8049
vn -0.7759 -0.0610 -0.6279
vn -0.6333 -0.0077 -0.7738
vn -0.7445 -0.1859 -0.6412
vn -0.9021 -0.0962 -0.4206
vn 0.0004 0.9985 0.0540
vn 0.0006 0.9948 0.1016
vn -0.0011 0.9940 0.1096
vn 0.0036 0.9971 0.0755
vn 0.0058 0.9999 0.0161
vn 0.0024 0.9987 0.0505
vn 0.0036 0.9971 0.0756
vn 0.0050 0.9998 0.0210
vn 0.4792 -0.8749 -0.0703
vn 0.6090 -0.7848 -0.1149
vn 0.6490 -0.7605 -0.0226
vn 0.4985 -0.8668 -0.0136
vn 0.3594 -0.9329 -0.0233
vn 0.3999 -0.9131 -0.0798
vn 0.4658 -0.8755 -0.1284
vn -0.0507 0.1017 0.9935
vn -0.0225 0.1020 0.9945
vn -0.0518 0.1781 0.9826
vn -0.1105 0.1507 0.9824
vn -0.0169 0.0628 0.9979
vn -0.0927 0.1203 0.9884
vn -0.0520 0.0653 0.9965
vn 0.0009 -0.8966 0.4428
vn 0.0029 -0.9588 0.2840
vn 0.0051 -0.9625 0.2711
vn 0.9307 0.2677 -0.2494
vn 0.9311 0.2694 -0.2460
vn 0.0035 -0.0270 0.9996
vn 0.0216 -0.0320 0.9993
vn 0.0147 -0.0582 0.9982
vn 0.0199 0.0034 0.9998
vn 0.0188 -0.0048 0.9998
vn 0.0505 -0.0670 0.9965
vn 0.0736 -0.0147 0.9972
vn -0.2050 0.9787 0.0061
vn -0.2567 0.9663 -0.0201
vn -0.4188 0.9077 -0.0257
vn -0.5503 -0.6532 0.5201
vn -0.4702 -0.7863 0.4009
vn -0.4533 -0.7176 0.5288
vn -0.5608 -0.6323 0.5344
vn -0.5657 -0.6277 0.5347
vn -0.5668 -0.7369 0.3685
vn -0.4517 -0.6346 0.6271
vn 0.0331 0.0294 -0.9990
vn 0.0110 0.0305 -0.9995
vn 0.0770 0.0187 -0.9969
vn 0.0731 0.0312 -0.9968
vn 0.0263 0.0188 -0.9995
vn 0.9826 -0.1525 0.1056
vn 0.9946 -0.0810 0.0656
vn 0.9703 -0.1649 0.1768
vn 0.9476 -0.2706 0.1700
vn 0.9944 -0.0874 0.0597
vn 0.9588 -0.2535 0.1283
vn 0.9898 -0.1227 0.0720
vn 0.0074 0.7156 -0.6984
vn -0.0013 0.5500 -0.8352
vn -0.0175 0.6794 -0.7335
vn -0.0184 0.8073 -0.5898
vn 0.0028 0.7833 -0.6216
vn 0.0000 0.6625 -0.7491
vn 0.0005 0.5449 -0.8385
vn -0.2167 -0.0953 -0.9716
vn -0.1231 -0.0919 -0.9881
vn -0.2586 -0.1455 -0.9550
vn -0.2185 -0.0586 -0.9741
vn -0.1341 -0.0711 -0.9884
vn -0.2888 -0.0694 -0.9549
vn -0.2726 -0.1003 -0.9569
vn 0.3550 0.6540 0.6680
vn 0.5120 0.6074 0.6074
vn 0.2120 0.8018 0.5587
vn -0.9852 0.1694 0.0247
vn -0.9899 0.1382 0.0330
vn -0.9807 0.1950 0.0108
vn -0.9944 0.1055 -0.0029
vn -0.9986 0.0420 0.0323
vn -0.9941 0.1050 0.0266
vn -0.9852 0.1695 0.0247
vn -0.9744 0.2245 0.0092
vn -0.9944 0.1056 -0.0028
vn -0.9986 0.0421 0.0324
vn -0.9644 -0.0542 -0.2587
vn -0.9187 -0.1668 -0.3580
vn -0.9484 -0.1692 -0.2681
vn -0.9707 -0.0417 -0.2368
vn -0.9292 -0.0656 -0.3636
vn -0.9952 -0.0430 -0.0877
vn -0.9953 -0.0238 -0.0943
vn 0.0037 0.8104 0.5859
vn 0.0085 0.7617 0.6479
vn 0.0031 0.6488 0.7609
vn 0.0080 0.9112 0.4118
vn -0.0013 0.8157 0.5784
vn -0.0006 0.8974 0.4413
vn 0.0029 0.6731 0.7395
vn 0.3285 -0.4494 -0.8307
vn 0.5142 -0.5427 -0.6641
vn 0.3925 -0.6705 -0.6296
vn 0.2551 -0.4186 -0.8716
vn 0.2552 -0.4186 -0.8716
vn -0.0990 0.9949 0.0200
vn -0.0438 0.9983 0.0375
vn -0.0440 0.9988 0.0218
vn -0.0990 0.9949 0.0199
vn -0.0358 0.9993 0.0083
vn -0.0891 0.9959 0.0167
vn -0.1462 0.9882 0.0466
vn -0.1609 0.9867 0.0236
vn -0.1610 0.9867 0.0237
vn -0.0019 -0.4194 0.9078
vn -0.0056 -0.4046 0.9145
vn -0.0044 -0.5604 0.8282
vn -0.0023 -0.4192 0.9079
vn -0.0095 -0.3858 0.9225
vn -0.0062 -0.2995 0.9541
vn 0.9847 0.1661 -0.0526
vn 0.9674 0.2430 -0.0714
vn 0.9473 0.3177 -0.0422
vn 0.9592 0.2826 -0.0053
vn 0.0103 -0.0380 0.9992
vn 0.0163 -0.0701 0.9974
vn 0.0122 -0.0022 0.9999
vn -0.4993 0.8101 -0.3073
vn -0.3111 0.9123 -0.2662
vn -0.3207 0.8732 -0.3670
vn -0.4398 0.8310 -0.3405
vn -0.5633 0.7102 -0.4224
vn -0.4920 0.6927 -0.5274
vn -0.3909 -0.8962 0.2097
vn -0.4051 -0.9086 0.1022
vn -0.2959 -0.9416 0.1608
vn -0.2797 -0.9184 0.2797
vn 0.1478 0.0269 -0.9887
vn 0.2966 0.0163 -0.9549
vn 0.1659 0.0265 -0.9858
vn 0.1269 0.0191 -0.9917
vn 0.5899 -0.1698 0.7894
vn 0.7097 -0.1158 0.6949
vn 0.6506 -0.2117 0.7293
vn 0.7112 -0.1431 0.6882
vn 0.4335 -0.2047 0.8776
vn 0.4801 -0.2613 0.8374
vn 0.0028 1.0000 0.0002
vn 0.0055 1.0000 0.0062
vn 0.0001 1.0000 -0.0050
vn 0.0025 1.0000 -0.0088
vn -0.0012 1.0000 -0.0054
vn -0.0440 -0.0554 -0.9975
vn -0.0363 -0.1154 -0.9927
vn -0.1204 -0.1715 -0.9778
vn -0.1232 -0.0919 -0.9881
vn -0.1205 -0.1715 -0.9778
vn 0.4089 0.9122 0.0268
vn 0.2978 0.9546 0.0103
vn 0.5721 0.8179 0.0612
vn 0.3335 0.9424 0.0246
vn 0.4570 0.8881 0.0504
vn 0.4570 0.8880 0.0504
vn -0.0023 -0.9943 -0.1062
vn 0.0005 -0.9756 -0.2194
vn 0.0016 -0.9891 -0.1474
vn -0.0041 -0.9769 -0.2137
vn 0.0009 -0.9916 -0.1297
vn -0.0023 -0.9976 -0.0687
vn -0.8670 0.0051 0.4982
vn -0.6919 0.0813 0.7174
vn -0.9052 0.1350 0.4029
vn -0.8671 0.0051 0.4982
vn -0.9218 0.0754 0.3803
vn -0.7462 0.0349 0.6648
vn -0.6918 0.0813 0.7175
vn -0.9218 0.0757 0.3803
vn -0.7287 -0.5119 -0.4550
vn -0.5069 -0.8004 -0.3201
vn -0.5750 -0.7854 -0.2291
vn -0.7760 -0.3889 -0.4965
vn -0.8827 -0.3502 -0.3132
vn -0.7851 -0.5912 -0.1844
vn 0.0002 0.5878 0.8090
vn -0.0022 0.4606 0.8876
vn -0.0006 0.4084 0.9128
vn 0.0000 0.7404 0.6721
vn 0.0133 0.5241 0.8516
vn -0.0031 0.6053 0.7960
vn -0.0022 0.4605 0.8877
vn 0.9999 -0.0099 -0.0084
vn -0.0004 -0.9996 0.0265
vn 0.0016 -0.9998 0.0179
vn -0.0002 -0.9993 0.0373
vn -0.0002 -0.9996 0.0267
vn -0.0001 -0.9997 0.0263
vn -0.0001 -1.0000 0.0001
vn 0.0015 -1.0000 0.0036
vn -0.0003 -0.9993 0.0369
vn 0.0017 -0.9998 0.0179
vn 0.7939 0.3756 -0.4781
vn 0.5936 0.3231 -0.7370
vn 0.6282 0.3803 -0.6788
vn 0.7593 0.4002 -0.5131
vn 0.8850 0.1608 -0.4369
vn 0.7697 0.1738 -0.6143
vn 0.8875 0.3073 -0.3434
vn 0.1325 -0.9092 0.3946
vn 0.0353 -0.9773 0.2091
vn 0.1483 -0.9389 0.3106
vn 0.0922 -0.8030 0.5888
vn 0.0439 -0.9006 0.4325
vn 0.1900 -0.7827 0.5927
vn 0.2187 -0.8883 0.4038
vn -0.9412 -0.0135 -0.3375
vn -0.9740 -0.0041 -0.2267
vn -0.9080 0.0024 0.4190
vn -0.9351 -0.0166 0.3541
vn -0.9367 0.0028 0.3502
vn -0.8834 -0.0024 0.4686
vn 0.0475 0.9841 -0.1714
vn 0.0180 0.9979 -0.0628
vn 0.0375 0.9962 -0.0782
vn 0.0670 0.9625 -0.2628
vn 0.0262 0.9869 -0.1594
vn 0.1027 0.9588 -0.2648
vn 0.0822 0.9820 -0.1700
vn 0.9616 -0.2744 0.0008
vn 0.9656 -0.2591 -0.0231
vn 0.9616 -0.2727 0.0294
vn 0.9330 -0.3587 0.0299
vn 0.9791 -0.2036 0.0000
vn 0.0000 0.2907 -0.9568
vn -0.0024 0.1764 -0.9843
vn 0.0038 0.1886 -0.9820
vn -0.0061 0.2639 -0.9645
vn 0.0045 0.4497 -0.8932
vn -0.0034 0.3971 -0.9178
vn 0.0046 0.3200 -0.9474
vn -0.0970 -0.9941 -0.0495
vn -0.0186 -0.9996 -0.0224
vn -0.0108 -0.9991 -0.0412
vn -0.0108 -0.9991 -0.0411
vn 0.4658 0.0724 0.8819
vn 0.4658 0.0725 0.8819
vn 0.3393 0.0311 0.9402
vn 0.5191 0.0254 0.8543
vn 0.4750 0.1354 0.8695
vn 0.5784 0.0745 0.8123
vn -0.0040 -0.1780 -0.9840
vn 0.0044 -0.1466 -0.9892
vn -0.0043 -0.2480 -0.9688
vn -0.0033 -0.2623 -0.9650
vn -0.8873 0.4591 0.0429
vn -0.8192 0.5482 0.1685
vn -0.7899 0.6121 0.0365
vn -0.9467 0.3217 0.0162
vn -0.9672 0.2436 0.0714
vn -0.8693 0.4938 0.0221
vn -0.6076 -0.5284 0.5929
vn -0.6734 -0.5399 0.5051
vn -0.5226 -0.3499 0.7775
vn -0.6408 -0.3341 0.6912
vn -0.4227 -0.5218 0.7410
vn -0.7720 -0.3798 0.5097
vn 0.0069 1.0000 0.0072
vn 0.0018 1.0000 -0.0038
vn -0.0001 1.0000 0.0003
vn -0.0018 1.0000 -0.0070
vn 0.0041 1.0000 0.0043
vn 0.0041 1.0000 0.0042
vn 0.9427 -0.1542 0.2958
vn 0.9703 -0.1648 0.1769
vn 0.9784 -0.0819 0.1899
vn 0.9542 -0.0616 0.2927
vn 0.9395 -0.1473 0.3093
vn 0.9298 -0.2224 0.2934
vn -0.0532 0.8375 -0.5439
vn -0.0936 0.8524 -0.5145
vn -0.0421 0.9433 -0.3292
vn -0.0582 0.7592 -0.6483
vn -0.1227 0.7512 -0.6485
vn -0.0531 0.8375 -0.5439
vn -0.0347 0.7487 -0.6619
vn -0.0143 0.9072 -0.4204
vn -0.0582 0.7591 -0.6483
vn -0.0058 -0.1331 -0.9911
vn -0.0027 -0.0635 -0.9980
vn -0.0053 -0.0673 -0.9977
vn 0.0016 -0.2169 -0.9762
vn 0.0015 -0.1765 -0.9843
vn -0.0072 -0.1165 -0.9932
vn 0.0013 -0.1765 -0.9843
vn 0.0024 -0.1328 -0.9911
vn 0.5692 0.5577 0.6041
vn 0.3887 0.7718 0.5033
vn 0.3944 0.6681 0.6310
vn 0.5693 0.5576 0.6041
vn 0.3944 0.6680 0.6310
vn 0.6891 0.4374 0.5777
vn 0.7594 0.4396 0.4796
vn 0.6923 0.6353 0.3421
vn 0.3887 0.7717 0.5033
vn 0.1241 -0.5281 -0.8400
vn 0.1278 -0.6638 -0.7369
vn 0.0561 -0.6945 -0.7173
vn -0.9810 0.1907 0.0361
vn -0.2657 -0.6605 -0.7023
vn 0.1269 0.9915 0.0292
vn 0.1791 0.9838 0.0038
vn 0.0465 0.9988 0.0156
vn 0.0526 0.9983 0.0242
vn 0.1312 0.9904 0.0426
vn 0.3108 0.9496 0.0395
vn 0.5501 -0.8262 -0.1214
vn 0.8212 -0.5619 -0.0996
vn 0.8469 -0.5302 -0.0409
vn -0.0025 -0.0038 1.0000
vn -0.0041 -0.0310 0.9995
vn -0.0015 -0.0197 0.9998
vn -0.0024 -0.0038 1.0000
vn -0.0016 -0.0252 0.9997
vn -0.0005 0.0145 0.9999
vn -0.0043 0.0059 1.0000
vn -0.0001 0.0157 0.9999
vn -0.0060 -0.9404 0.3401
vn -0.0055 -0.8876 0.4607
vn -0.0400 -0.9440 0.3274
vn -0.0139 -0.9897 0.1423
vn 0.0029 -0.9588 0.2839
vn 0.8116 0.0837 -0.5782
vn 0.8068 -0.0241 -0.5904
vn 0.7138 0.0541 -0.6982
vn 0.8397 0.0477 -0.5410
vn 0.9081 0.0889 -0.4093
vn 0.9098 0.0259 -0.4142
vn 0.8116 0.0838 -0.5782
vn 0.8397 0.0477 -0.5409
vn 0.0192 -0.0881 0.9959
vn 0.0101 -0.1223 0.9924
vn 0.0213 -0.1981 0.9799
vn 0.0450 -0.1650 0.9853
vn 0.0221 -0.1166 0.9929
vn -0.6674 0.7447 -0.0076
vn -0.8050 0.5927 -0.0243
vn -0.6470 0.7621 -0.0242
vn -0.5484 0.8361 -0.0153
vn -0.8568 0.5154 -0.0178
vn -0.5420 0.8386 -0.0547
vn -0.7465 0.6631 -0.0547
vn -0.9993 -0.0383 0.0003
vn -0.9993 -0.0384 0.0003
vn -0.9989 -0.0460 0.0098
vn -0.9985 -0.0540 0.0006
vn -0.9997 -0.0141 -0.0179
vn 0.6681 -0.6526 0.3573
vn 0.5726 -0.7333 0.3666
vn 0.7442 -0.5907 0.3119
vn 0.5225 -0.7547 0.3967
vn 0.5508 -0.7701 0.3217
vn 0.6279 -0.6413 0.4409
vn 0.8450 -0.4512 0.2871
vn -0.0630 0.2874 -0.9557
vn -0.0539 0.4230 -0.9045
vn -0.0170 0.3043 -0.9524
vn -0.0205 0.1907 -0.9814
vn -0.0620 0.1764 -0.9824
vn -0.1128 0.4099 -0.9051
vn -0.0988 0.2936 -0.9508
vn 0.9999 -0.0069 0.0130
vn 0.9942 -0.0222 0.1049
vn 0.9943 -0.0159 0.1056
vn 0.9999 0.0108 0.0090
vn 0.9994 -0.0004 0.0333
vn 0.1676 -0.9828 -0.0771
vn 0.1012 -0.9937 -0.0485
vn 0.0599 -0.9960 -0.0661
vn 0.3526 -0.9281 -0.1194
vn 0.2564 -0.9651 -0.0533
vn 0.1197 -0.9848 -0.1258
vn 0.2822 -0.9512 -0.1251
vn -0.3895 0.2587 0.8839
vn -0.2160 0.1922 0.9573
vn -0.3715 0.1643 0.9138
vn -0.7404 -0.6718 -0.0232
vn -0.8069 -0.5903 0.0208
vn -0.9044 -0.4264 -0.0179
vn -0.9043 -0.4264 -0.0178
vn 0.0323 0.2333 0.9719
vn 0.0177 0.1902 0.9816
vn 0.0521 0.1523 0.9870
vn 0.1028 0.2302 0.9677
vn 0.0089 0.3431 0.9393
vn 0.0071 0.2510 0.9680
vn 0.9763 -0.0036 -0.2164
vn 0.9546 -0.0331 -0.2961
vn 0.9814 -0.0235 -0.1906
vn 0.8852 0.0047 -0.4651
vn 0.9335 -0.0265 -0.3575
vn 0.9907 0.0137 -0.1355
vn 0.9620 -0.0199 -0.2725
vn 0.9907 0.0137 -0.1354
vn 0.9763 -0.0036 -0.2165
vn 0.9619 -0.0199 -0.2725
vn -0.0059 0.9643 0.2647
vn 0.0007 0.8708 0.4917
vn 0.0018 0.9493 0.3145
vn -0.0167 0.9713 0.2371
vn -0.0125 0.8921 0.4517
vn -0.0111 0.9949 0.0999
vn 0.0020 0.9881 0.1535
vn -0.0112 0.9949 0.0999
vn -0.2964 -0.2016 0.9335
vn -0.1877 -0.1526 0.9703
vn -0.2888 -0.1823 0.9399
vn -0.3466 -0.2629 0.9004
vn -0.2964 -0.2017 0.9335
vn -0.3466 -0.2630 0.9004
vn -0.4239 -0.3279 0.8443
vn -0.2292 -0.3533 0.9070
vn -0.1192 -0.2587 0.9586
vn 0.3694 0.9222 -0.1146
vn 0.3716 0.9255 -0.0739
vn 0.1929 0.9738 -0.1206
vn -0.0006 -0.9967 0.0817
vn -0.0021 -0.9760 0.2177
vn -0.0007 -0.9967 0.0816
vn 0.0012 -0.9965 0.0832
vn -0.8366 0.0076 -0.5478
vn -0.8840 -0.0085 -0.4675
vn -0.8106 -0.0205 -0.5852
vn -0.7639 0.0235 -0.6449
vn -0.7154 0.0206 -0.6984
vn -0.8978 -0.4400 0.0175
vn -0.9625 -0.2703 0.0244
vn -0.8410 -0.5409 0.0081
vn -0.8978 -0.4401 0.0175
vn -0.9622 -0.2710 0.0254
vn -0.9295 -0.3636 0.0624
vn 0.0066 0.4879 -0.8729
vn -0.0025 0.6143 -0.7891
vn 0.0022 0.5928 -0.8054
vn 0.0067 0.4879 -0.8729
vn 0.0080 0.3435 -0.9391
vn 0.0040 0.3305 -0.9438
vn 0.0009 0.4361 -0.8999
vn 0.0021 0.5928 -0.8053
vn -0.0037 0.5133 -0.8582
vn 0.3635 0.0050 0.9316
vn 0.4341 -0.0308 0.9003
vn 0.3634 0.0050 0.9316
vn 0.2263 -0.0082 0.9740
vn 0.2712 -0.0510 0.9612
vn 0.3906 0.0000 0.9206
vn 0.4340 -0.0308 0.9004
vn 0.2773 0.0026 0.9608
vn 0.2263 -0.0081 0.9740
vn -0.0912 0.9878 -0.1265
vn -0.2300 0.9407 -0.2495
vn -0.1935 0.9703 -0.1454
vn -0.0294 0.9883 -0.1494
vn -0.1255 0.9437 -0.3062
vn -0.0843 0.9951 -0.0514
vn -0.0296 0.9972 -0.0681
vn -0.0104 -0.4410 -0.8974
vn -0.0167 -0.3323 -0.9430
vn 0.0025 -0.4086 -0.9127
vn -0.0182 -0.5123 -0.8586
vn -0.0034 -0.2905 -0.9569
vn 0.8561 0.4944 0.1508
vn 0.8224 0.4246 0.3787
vn 0.9246 0.2932 0.2430
vn 0.9246 0.2932 0.2431
vn 0.9361 0.3405 0.0882
vn 0.7673 0.5672 0.2992
vn 0.0086 -1.0000 -0.0006
vn 0.0199 -0.9998 -0.0072
vn 0.0460 -0.9989 -0.0010
vn -0.5724 0.0139 0.8198
vn -0.5948 -0.0064 0.8038
vn -0.4053 0.0154 0.9141
vn -0.3801 0.0638 0.9227
vn -0.4264 0.0812 0.9009
vn -0.5511 0.0705 0.8315
vn -0.6628 0.0098 0.7488
vn -0.9990 -0.0281 -0.0346
vn -0.9966 -0.0781 -0.0252
vn -0.9964 -0.0773 -0.0339
vn -0.9997 -0.0015 -0.0230
vn -0.9996 -0.0267 -0.0102
vn -0.9952 -0.0430 -0.0876
vn 0.0978 0.7197 0.6874
vn 0.1322 0.5786 0.8048
vn 0.2202 0.7190 0.6592
vn 0.1448 0.8183 0.5563
vn 0.0533 0.7903 0.6104
vn 0.0416 0.7175 0.6953
vn 0.8388 -0.4617 -0.2886
vn 0.7211 -0.6031 -0.3409
vn 0.0085 0.7617 0.6478
vn -0.0054 0.7966 0.6045
vn -0.0035 0.6582 0.7528
vn 0.0036 0.8540 0.5202
vn 0.0035 0.8540 0.5202
vn 0.0031 0.6488 0.7610
vn -0.0257 -0.8466 0.5316
vn -0.0996 -0.9106 0.4011
vn -0.0152 -0.7183 0.6956
vn -0.0547 -0.7795 0.6240
vn -0.0997 -0.9106 0.4011
vn 0.8550 -0.0283 -0.5179
vn 0.9489 0.0028 -0.3156
vn 0.9822 -0.0427 -0.1830
vn -0.0058 -0.9999 0.0100
vn -0.0017 -1.0000 -0.0026
vn 0.0030 -1.0000 0.0048
vn -0.0042 -0.9996 0.0283
vn 0.0019 -0.9999 0.0160
vn 0.0015 -1.0000 0.0034
vn 0.0017 -1.0000 0.0037
vn -0.5083 0.2899 -0.8109
vn -0.5074 0.2289 -0.8308
vn -0.6348 0.3745 -0.6759
vn -0.6061 0.2036 -0.7689
vn -0.6162 -0.1813 0.7665
vn -0.7884 -0.2091 0.5786
vn -0.5808 -0.3371 0.7410
vn -0.7080 0.0024 0.7062
vn 0.0040 0.9999 -0.0115
vn 0.0180 0.9979 -0.0627
vn 0.0044 0.9976 -0.0691
vn -0.0020 1.0000 -0.0090
vn 0.0041 1.0000 -0.0083
vn 0.0009 1.0000 -0.0066
vn 0.0092 0.9998 -0.0150
vn 0.5494 -0.8306 0.0909
vn 0.6161 -0.7847 0.0684
vn 0.6722 -0.7366 0.0753
vn 0.4802 -0.8757 0.0502
vn 0.5300 -0.8416 0.1045
vn 0.5861 -0.8052 0.0908
vn -0.0144 0.0154 -0.9998
vn -0.0146 0.0240 -0.9996
vn -0.0059 0.0136 -0.9999
vn -0.0056 0.0116 -0.9999
vn -0.0125 0.0033 -0.9999
vn -0.0419 0.0506 -0.9978
vn -0.0010 -0.9315 -0.3638
vn 0.0009 -0.8591 -0.5118
vn 0.0018 -0.9662 -0.2577
vn 0.0003 -0.9326 -0.3610
vn -0.0031 -0.9304 -0.3665
vn 0.9736 0.0203 0.2275
vn 0.9658 0.0628 0.2514
vn 0.9357 0.0993 0.3385
vn 0.9504 0.0746 0.3018
vn 0.9872 -0.0141 0.1588
vn 0.9938 0.0518 0.0980
vn 0.9736 0.0202 0.2275
vn 0.9938 0.0517 0.0980
vn 0.1773 -0.0644 -0.9820
vn 0.2508 -0.0782 -0.9649
vn 0.1809 -0.0565 -0.9819
vn -0.1727 0.9847 0.0212
vn -0.0765 0.9970 0.0121
vn -0.1124 0.9935 -0.0193
vn -0.3235 -0.7480 -0.5795
vn 0.0249 0.9996 0.0113
vn 0.0576 0.9975 0.0421
vn 0.0046 0.9997 0.0230
vn 0.0097 0.9998 0.0198
vn 0.0192 0.9997 0.0159
vn 0.9935 -0.0802 -0.0802
vn 0.9855 -0.0188 -0.1685
vn 0.9834 -0.0883 -0.1586
vn 0.9749 -0.0738 -0.2100
vn 0.9988 -0.0435 -0.0237
vn 0.9979 -0.0212 -0.0620
vn 0.9905 -0.0826 -0.1100
vn 0.9988 -0.0435 -0.0236
vn -0.0054 0.8758 0.4826
vn -0.0027 0.7666 0.6421
vn -0.3670 -0.0237 0.9299
vn -0.3914 -0.0549 0.9186
vn -0.3051 -0.0470 0.9512
vn -0.1955 -0.0017 0.9807
vn -0.3464 0.0055 0.9381
vn -0.4464 -0.0126 0.8947
vn 0.3262 0.8842 -0.3345
vn 0.1888 0.9168 -0.3520
vn 0.1611 0.9644 -0.2095
vn 0.4897 0.8263 -0.2781
vn 0.4176 0.7732 -0.4773
vn 0.3687 0.9155 -0.1611
vn 0.3011 0.8355 -0.4597
vn -0.0025 -0.4809 0.8768
vn -0.0070 -0.5991 0.8006
vn 0.0035 -0.5108 0.8597
vn 0.0139 -0.3446 0.9387
vn 0.0011 -0.2724 0.9622
vn 0.0021 -0.6060 0.7954
vn 0.0021 -0.6061 0.7954
vn -0.9496 0.3132 -0.0157
vn -0.9075 0.4199 -0.0123
vn -0.9165 0.3990 -0.0276
vn -0.9740 0.2264 0.0043
vn -0.9745 0.2244 0.0092
vn -0.9820 0.1889 0.0040
vn -0.9372 -0.0109 -0.3486
vn -0.9497 0.0019 -0.3132
vn -0.8967 0.0119 -0.4424
vn -0.9497 0.0018 -0.3132
vn -0.8743 -0.0224 -0.4849
vn -0.8069 -0.0050 -0.5907
vn -0.0025 0.9710 0.2391
vn 0.0030 0.9806 0.1961
vn -0.0025 0.9710 0.2392
vn -0.0046 0.9571 0.2898
vn 0.4985 -0.8668 -0.0135
vn 0.3173 -0.9483 -0.0093
vn 0.3594 -0.9329 -0.0232
vn 0.6635 -0.7482 0.0084
vn 0.5275 -0.8495 -0.0079
vn -0.0943 0.2569 0.9618
vn -0.0451 0.2756 0.9602
vn -0.0944 0.2568 0.9618
vn -0.0004 -0.9999 0.0134
vn 0.0031 -0.9995 0.0308
vn 0.0034 -0.9995 0.0316
vn -0.0005 -0.9999 0.0134
vn 0.0009 -1.0000 0.0005
vn -0.0035 -1.0000 0.0039
vn -0.0018 -1.0000 0.0080
vn 0.6095 0.0496 -0.7912
vn 0.6133 0.0535 -0.7880
vn 0.6664 0.0552 -0.7436
vn 0.7143 0.0035 -0.6998
vn 0.5217 0.0440 -0.8520
vn 0.0508 -0.2701 0.9615
vn 0.0426 -0.3631 0.9308
vn 0.0934 -0.3766 0.9217
vn 0.0224 -0.3097 0.9506
vn 0.0213 -0.1982 0.9799
vn 0.1028 -0.2899 0.9515
vn 0.0403 -0.2119 0.9765
vn -0.4736 0.8733 -0.1145
vn -0.5694 0.8151 -0.1067
vn -0.4705 0.8773 -0.0946
vn -0.4421 0.8921 -0.0938
vn -0.3678 0.9256 -0.0889
vn -0.4634 0.8595 -0.2157
vn -0.3254 -0.6785 0.6586
vn -0.2651 -0.7588 0.5949
vn -0.2804 -0.6958 0.6612
vn -0.3253 -0.6785 0.6587
vn -0.3305 -0.7533 0.5686
vn -0.4062 -0.4524 0.7939
vn -0.3544 -0.5316 0.7693
vn -0.3545 -0.5317 0.7692
vn 0.1285 0.9635 -0.2348
vn 0.2041 0.9040 -0.3756
vn 0.9997 0.0002 0.0227
vn 0.9993 -0.0280 0.0232
vn 0.9986 -0.0130 0.0521
vn 0.9993 -0.0340 0.0178
vn -0.0045 -0.9999 -0.0097
vn 0.0010 -1.0000 0.0005
vn -0.0219 -0.9998 0.0024
vn -0.0020 -0.9999 -0.0154
vn -0.0024 -1.0000 -0.0045
vn 0.4868 0.2438 0.8388
vn 0.4232 0.3776 0.8236
vn 0.3199 0.2498 0.9139
vn 0.5494 0.3755 0.7464
vn 0.5231 0.1401 0.8407
vn 0.6249 0.2419 0.7423
vn 0.4438 0.1823 0.8774
vn 0.3199 0.2497 0.9139
vn -0.0006 -0.9689 -0.2475
vn 0.0065 -0.9387 -0.3448
vn 0.0175 -0.9611 -0.2756
vn -0.0014 -0.9523 -0.3052
vn -0.0052 -0.9191 -0.3939
vn -0.0052 -0.9191 -0.3940
vn 0.0021 -0.9859 -0.1674
vn 0.0015 -0.9891 -0.1474
vn -0.9645 0.0066 0.2641
vn -0.9848 0.0003 0.1737
vn -0.9913 0.0378 0.1257
vn -0.9848 0.0004 0.1737
vn -0.9366 0.0028 0.3503
vn -0.9914 0.0377 0.1257
vn -0.6286 -0.7737 -0.0789
vn -0.4471 -0.8920 -0.0662
vn -0.6195 -0.7823 -0.0651
vn -0.6226 -0.7578 -0.1950
vn -0.4420 -0.8861 -0.1394
vn 0.0066 0.0440 0.9990
vn 0.0095 0.1154 0.9933
vn 0.0054 0.1272 0.9919
vn -0.0031 0.0156 0.9999
vn 0.0098 0.0089 0.9999
vn 0.0148 0.0346 0.9993
vn -0.0028 0.0495 0.9988
vn 0.4271 -0.1292 -0.8949
vn 0.6239 -0.2133 -0.7518
vn 0.4483 -0.2012 -0.8709
vn 0.2750 -0.1689 -0.9465
vn 0.4215 -0.0650 -0.9045
vn 0.5740 -0.1634 -0.8024
vn -0.0498 0.9977 0.0459
vn -0.0190 0.9976 0.0661
vn -0.0190 0.9976 0.0662
vn -0.0250 0.9993 0.0268
vn 0.0007 -0.0710 0.9975
vn 0.0016 -0.1185 0.9930
vn 0.0006 -0.1075 0.9942
vn -0.0038 -0.0733 0.9973
vn -0.0015 -0.0253 0.9997
vn -0.0072 -0.0437 0.9990
vn 0.6541 0.7561 -0.0190
vn 0.7579 0.6517 -0.0298
vn 0.7539 0.6569 -0.0096
vn 0.6779 0.7349 -0.0186
vn 0.6868 0.7267 -0.0097
vn 0.5342 0.8450 -0.0242
vn 0.0010 -0.9929 0.1190
vn 0.0613 -0.9833 0.1713
vn 0.0072 -0.9773 0.2117
vn -0.8670 0.2959 -0.4008
vn -0.9400 0.0995 -0.3262
vn -0.9112 0.2022 -0.3589
vn -0.9974 -0.0434 0.0569
vn -0.9910 -0.0284 0.1308
vn -0.9974 -0.0434 0.0568
vn -0.9992 -0.0213 0.0338
vn -0.9963 -0.0419 0.0753
vn -0.9963 -0.0419 0.0754
vn 0.0081 0.7542 -0.6566
vn 0.0064 0.6232 -0.7821
vn 0.0057 0.7386 -0.6741
vn 0.0131 0.6355 -0.7720
vn 0.0220 0.7664 -0.6420
vn 0.4925 -0.5488 0.6755
vn 0.4849 -0.5870 0.6483
vn 0.4435 -0.5622 0.6980
vn -0.0045 0.9972 -0.0752
vn -0.0349 0.9980 -0.0522
vn -0.0006 0.9969 -0.0787
vn -0.0045 0.9972 -0.0751
vn -0.0033 0.9996 -0.0267
vn -0.0350 0.9980 -0.0522
vn -0.2043 -0.4087 -0.8895
vn -0.2348 -0.2650 -0.9352
vn -0.1040 -0.2816 -0.9539
vn 0.1802 0.9836 -0.0042
vn 0.0749 0.9972 -0.0059
vn 0.0052 -0.0029 -1.0000
vn 0.0077 0.0192 -0.9998
vn 0.0040 0.0150 -0.9999
vn 0.0052 -0.0034 -1.0000
vn 0.0025 -0.0233 -0.9997
vn -0.6832 0.6775 0.2725
vn -0.6610 0.6984 0.2744
vn -0.5142 0.8314 0.2106
vn -0.6421 0.7538 0.1400
vn -0.9848 0.0004 0.1736
vn -0.9887 -0.0313 0.1468
vn 0.3113 -0.2628 0.9133
vn 0.2433 -0.3913 0.8875
vn 0.4439 -0.3764 0.8132
vn 0.4151 -0.2657 0.8701
vn 0.3275 -0.1729 0.9289
vn 0.1544 -0.1813 0.9712
vn -0.1166 0.9924 -0.0403
vn -0.2384 0.9707 -0.0311
vn -0.0784 0.9956 -0.0506
vn -0.1307 0.9904 -0.0451
vn -0.0557 0.9984 -0.0054
vn -0.0840 0.9959 -0.0322
vn -0.1905 0.9799 -0.0597
vn 0.0131 -0.1719 -0.9850
vn 0.0131 -0.1720 -0.9850
vn 0.0126 -0.1571 -0.9875
vn 0.0102 -0.1168 -0.9931
vn 0.0172 -0.2399 -0.9706
vn 0.0161 -0.1116 -0.9936
vn -0.6443 0.6598 0.3866
vn -0.5778 0.7646 0.2856
vn -0.7589 0.5737 0.3082
vn -0.5496 0.6441 0.5321
vn -0.7691 0.4628 0.4408
vn -0.3510 -0.9354 -0.0423
vn -0.4570 -0.8891 -0.0250
vn -0.3607 -0.9305 -0.0642
vn 0.1637 0.3193 0.9334
vn 0.2106 0.3954 0.8941
vn 0.7619 -0.0249 -0.6472
vn 0.8895 -0.0237 -0.4563
vn 0.6574 0.0000 -0.7536
vn 0.6890 0.0050 -0.7248
vn 0.8453 -0.0138 -0.5342
vn 0.0007 0.9999 0.0167
vn 0.0023 0.9994 0.0352
vn 0.0000 1.0000 0.0000
vn 0.0022 1.0000 0.0060
vn -0.0014 0.9999 0.0115
vn -0.0028 0.9993 0.0366
vn 0.0037 0.9963 0.0857
vn 0.0023 0.9994 0.0353
vn -0.0424 -0.1593 0.9863
vn -0.0322 -0.2720 0.9618
vn 0.9304 0.3665 0.0102
vn 0.8318 0.5550 0.0065
vn 0.8537 0.5201 0.0272
vn 0.9304 0.3665 0.0103
vn 0.9134 0.4067 -0.0138
vn 0.9415 0.3357 0.0287
vn 0.8318 0.5551 0.0065
vn -0.0022 -0.9760 0.2178
vn -0.5984 -0.7263 0.3383
vn -0.5961 -0.7311 0.3318
vn -0.6942 -0.6620 0.2826
vn -0.5162 -0.8043 0.2944
vn -0.5595 -0.7737 0.2973
vn 0.0060 0.0270 -0.9996
vn 0.0055 0.0556 -0.9984
vn 0.0069 0.0111 -0.9999
vn 0.0059 0.0269 -0.9996
vn 0.0262 0.0188 -0.9995
vn 0.9886 -0.1466 0.0351
vn 0.9396 -0.3415 0.0219
vn 0.9769 -0.2134 0.0091
vn 0.9541 -0.2913 0.0694
vn 0.9886 -0.1465 0.0351
vn 0.9990 -0.0422 0.0159
vn 0.9898 -0.1226 0.0720
vn 0.9975 -0.0644 0.0274
vn 0.9898 -0.1227 0.0721
vn -0.0121 0.4529 -0.8915
vn -0.0280 0.6271 -0.7784
vn -0.0114 0.5953 -0.8034
vn -0.0008 -0.9999 -0.0107
vn 0.0007 -0.9999 -0.0114
vn -0.0062 -0.9998 -0.0190
vn -0.0047 -0.9999 -0.0119
vn -0.0016 -0.9999 -0.0141
vn -0.0059 -0.9998 -0.0189
vn 0.4358 0.5848 0.6841
vn 0.5267 0.4314 0.7324
vn 0.5343 0.6318 0.5616
vn -0.9687 0.2151 0.1242
vn -0.9922 0.1210 0.0294
vn -0.9922 0.1209 0.0294
vn -0.9592 0.0801 0.2710
vn -0.9554 0.1815 0.2330
vn -0.6043 -0.0601 -0.7945
vn -0.5511 -0.0295 -0.8339
vn -0.4107 -0.1095 -0.9052
vn -0.6044 -0.1209 -0.7875
vn -0.6611 -0.0561 -0.7482
vn -0.4446 -0.2343 -0.8645
vn 0.0464 0.9882 0.1458
vn 0.0412 0.9876 0.1512
vn 0.0391 0.9962 0.0776
vn 0.0793 0.9538 0.2899
vn 0.0464 0.9882 0.1459
vn 0.0793 0.9538 0.2898
vn 0.7500 -0.6615 0.0043
vn 0.8889 -0.4572 -0.0271
vn 0.7131 -0.7002 -0.0351
vn 0.7499 -0.6615 0.0043
vn 0.6258 -0.7797 -0.0198
vn 0.6259 -0.7797 -0.0198
vn -0.0020 0.1535 0.9881
vn -0.0018 0.1535 0.9881
vn -0.0679 -0.9977 0.0023
vn -0.1243 -0.9922 -0.0109
vn -0.1495 -0.9888 -0.0015
vn 0.4004 0.1676 -0.9009
vn 0.3384 0.2556 -0.9056
vn 0.4643 0.2684 -0.8440
vn 0.4903 0.1081 -0.8648
vn 0.4003 0.1676 -0.9009
vn 0.4193 0.0645 -0.9056
vn 0.2686 0.1417 -0.9528
vn 0.0064 -0.0094 0.9999
vn -0.7796 0.6220 -0.0729
vn -0.6433 0.7605 -0.0886
vn -0.7414 -0.2969 -0.6018
vn -0.7656 -0.4569 -0.4529
vn -0.8624 -0.3053 -0.4037
vn -0.8844 -0.1697 -0.4347
vn -0.5764 -0.2929 -0.7629
vn -0.6281 -0.3368 -0.7014
vn -0.6281 -0.3369 -0.7014
vn 0.0019 0.9951 0.0985
vn 0.0019 0.9951 0.0984
vn -0.1032 0.8773 0.4687
vn -0.2182 0.8374 0.5012
vn -0.2205 0.7220 0.6559
vn -0.0727 0.7995 0.5963
vn -0.0420 0.9577 0.2846
vn -0.1241 0.9240 0.3618
vn -0.0370 0.8899 0.4546
vn -0.0033 -0.1851 0.9827
vn -0.0051 -0.1458 0.9893
vn -0.0061 -0.2995 0.9541
vn 0.7903 0.5191 -0.3254
vn 0.5700 0.6393 -0.5161
vn 0.6382 0.6355 -0.4345
vn 0.0036 -0.5108 0.8597
vn 0.0469 -0.5154 0.8556
vn 0.0239 -0.4008 0.9159
vn -0.9987 0.0500 0.0007
vn -0.9966 0.0796 -0.0228
vn -0.9998 0.0168 -0.0054
vn -0.9988 0.0476 -0.0142
vn -0.9998 -0.0106 -0.0143
vn -0.5202 -0.0425 0.8530
vn 0.8079 -0.5875 0.0464
vn 0.9406 -0.3371 0.0400
vn 0.9541 -0.2913 0.0695
vn 0.0012 0.1672 -0.9859
vn 0.0059 0.1122 -0.9937
vn -0.0008 0.1095 -0.9940
vn -0.0009 0.1095 -0.9940
vn 0.0018 -0.9922 -0.1249
vn -0.0055 -0.9944 -0.1051
vn -0.0025 -0.9640 -0.2657
vn -0.0055 -0.9944 -0.1052
vn 0.8925 0.0710 0.4453
vn 0.8444 -0.0025 0.5358
vn 0.8686 -0.0092 0.4954
vn -0.9075 0.4199 -0.0122
vn -0.9223 0.3855 0.0283
vn -0.8353 0.5488 0.0320
vn -0.8569 0.5154 -0.0073
vn -0.9870 -0.1581 -0.0277
vn -0.9624 -0.2704 -0.0240
vn -0.0018 0.5111 0.8595
vn 0.0034 0.3796 0.9252
vn 0.0024 0.3395 0.9406
vn -0.0006 0.4083 0.9128
vn 0.4688 -0.8348 -0.2888
vn 0.3837 -0.8661 -0.3204
vn -0.0611 0.0217 0.9979
vn -0.1320 0.0081 0.9912
vn -0.1185 -0.0238 0.9927
vn 0.0024 -0.8879 0.4601
vn -0.0014 -0.9449 0.3273
vn 0.9649 0.0311 -0.2607
vn 0.9540 0.0609 -0.2935
vn 0.0831 -0.9965 0.0005
vn 0.1486 -0.9889 0.0000
vn 0.1828 -0.9831 0.0053
vn 0.1829 -0.9831 0.0053
vn -0.2813 0.3340 -0.8996
vn -0.5662 0.3343 -0.7534
vn -0.4303 0.2818 -0.8576
vn -0.3943 -0.9189 -0.0150
vn -0.2432 -0.9700 -0.0055
vn -0.2964 -0.9546 0.0304
vn 0.9126 -0.0493 0.4058
vn 0.8050 -0.0990 0.5849
vn 0.9584 -0.0133 0.2850
vn 0.9126 -0.0493 0.4059
vn 0.7462 -0.1120 0.6562
vn -0.0073 0.9951 -0.0987
vn -0.0006 0.9969 -0.0786
vn -0.0061 0.9948 -0.1012
vn -0.2846 -0.0082 -0.9586
vn -0.2122 -0.0201 -0.9770
vn 0.2985 0.9491 0.1001
vn 0.1635 0.9812 0.1028
vn 0.2684 0.9351 0.2314
vn 0.4985 0.8423 0.2050
vn 0.5605 0.8272 0.0407
vn 0.0014 -1.0000 -0.0070
vn -0.0048 -0.9999 -0.0119
vn -0.6437 0.0840 0.7607
vn -0.6691 0.1603 0.7256
vn -0.7088 0.2164 0.6714
vn -0.9052 0.1351 0.4029
vn -0.6437 0.0841 0.7607
vn -0.7391 -0.6734 0.0191
vn -0.5761 -0.8173 -0.0107
vn -0.7391 -0.6734 0.0192
vn -0.7613 -0.6484 0.0030
vn -0.6070 -0.7947 0.0008
vn -0.7404 -0.6717 -0.0232
vn 0.0001 0.0318 0.9995
vn -0.0006 0.0178 0.9998
vn 0.9486 -0.0560 -0.3116
vn 0.9409 -0.1126 -0.3193
vn 0.8727 -0.1383 -0.4683
vn 0.9606 -0.0256 -0.2766
vn 0.8611 -0.0570 -0.5053
vn 0.9366 -0.0151 -0.3500
vn -0.2528 0.8776 0.4072
vn -0.0017 0.0031 1.0000
vn -0.0086 -0.0193 0.9998
vn -0.0091 -0.0496 0.9987
vn 0.6202 0.7844 0.0103
vn 0.8002 0.5998 0.0030
vn 0.6523 0.7527 -0.0887
vn 0.6202 0.7843 0.0103
vn 0.6778 0.7350 -0.0186
vn 0.0538 -0.9944 0.0909
vn 0.0160 -0.9981 0.0596
vn 0.0029 -0.9980 0.0628
vn -0.5631 0.1496 -0.8128
vn -0.5074 0.2288 -0.8308
vn -0.9964 -0.0837 0.0092
vn -0.9625 -0.2703 0.0243
vn -0.9963 -0.0860 -0.0047
vn -0.9279 -0.3726 -0.0110
vn 0.1408 0.4938 -0.8581
vn 0.1770 0.3226 -0.9298
vn 0.2395 0.5939 -0.7680
vn 0.0843 0.4634 -0.8821
vn 0.1404 0.5733 -0.8073
vn 0.0962 0.3611 -0.9276
vn 0.4627 -0.8484 0.2572
vn 0.6496 -0.7239 0.2324
vn 0.4172 -0.8395 0.3481
vn -0.0002 0.0689 -0.9976
vn 0.0005 0.0485 -0.9988
vn -0.0003 0.0689 -0.9976
vn -0.0005 0.0971 -0.9953
vn -0.0280 -0.6840 -0.7289
vn 0.0046 -0.8474 -0.5309
vn -0.0082 -0.6850 -0.7285
vn 0.9884 0.1157 0.0987
vn 0.9659 0.0628 0.2513
vn 0.9842 0.1355 0.1137
vn 0.9500 0.2220 0.2196
vn 0.9500 0.2220 0.2197
vn 0.0019 -0.9961 -0.0880
vn -0.6448 0.5309 0.5499
vn -0.5056 0.4385 0.7430
vn -0.4556 0.6329 0.6260
vn -0.6912 0.4981 0.5236
vn -0.4615 -0.0416 -0.8862
vn -0.5512 -0.0295 -0.8339
vn -0.6045 -0.0216 -0.7963
vn 0.0098 0.9999 0.0133
vn 0.0047 0.9997 0.0230
vn 0.0072 0.9998 0.0169
vn -0.0019 1.0000 -0.0016
vn 0.0082 0.9996 0.0265
vn 0.5799 -0.7951 -0.1774
vn 0.4785 -0.8686 -0.1288
vn 0.4670 -0.8649 -0.1841
vn 0.5502 -0.8262 -0.1214
vn 0.4670 -0.8649 -0.1842
vn 0.5669 -0.7777 -0.2717
vn 0.8126 -0.5486 -0.1967
vn -0.0518 0.1780 0.9827
vn 0.8453 -0.0138 -0.5341
vn 0.7608 0.0189 -0.6487
vn 0.8103 -0.0145 -0.5859
vn 0.2243 -0.5480 0.8059
vn 0.4588 -0.5031 0.7324
vn 0.0934 -0.3766 0.9216
vn -0.1894 0.9796 -0.0668
vn -0.2592 0.9627 -0.0770
vn -0.2930 0.9342 -0.2035
vn -0.3678 0.9257 -0.0889
vn -0.3532 -0.3971 0.8471
vn -0.4061 -0.2776 0.8706
vn -0.4239 -0.3280 0.8443
vn 0.0481 0.9988 -0.0102
vn 0.0079 1.0000 -0.0013
vn 0.0393 0.9992 0.0031
vn 0.0833 0.9965 -0.0108
vn 0.9721 -0.0058 0.2346
vn 0.9654 -0.0041 0.2608
vn 0.9973 -0.0307 0.0668
vn 0.9945 0.0002 0.1049
vn 0.9836 -0.0061 0.1805
vn 0.0055 0.9012 -0.4334
vn -0.0027 0.8857 -0.4642
vn 0.0002 0.7626 -0.6469
vn 0.0002 0.7626 -0.6468
vn -0.0046 0.7464 -0.6655
vn 0.0004 0.9020 -0.4318
vn 0.0012 0.9564 -0.2920
vn -0.2607 -0.8569 -0.4446
vn -0.1891 -0.8691 -0.4571
vn -0.1163 -0.9039 -0.4117
vn -0.1945 -0.8992 -0.3918
vn -0.3210 -0.8546 -0.4082
vn -0.3024 -0.8205 -0.4851
vn -0.2894 -0.7718 -0.5662
vn 0.4359 0.5848 0.6841
vn 0.3995 0.5342 0.7450
vn 0.3817 0.4972 0.7791
vn 0.5268 0.4314 0.7324
vn -0.9998 -0.0003 0.0214
vn -1.0000 0.0055 0.0062
vn -0.9997 0.0172 0.0183
vn -0.9996 0.0001 0.0275
vn -0.9998 -0.0004 0.0176
vn -0.9908 -0.0510 0.1252
vn -0.8595 -0.2314 0.4557
vn 0.5686 -0.8224 0.0186
vn -0.0838 0.0727 -0.9938
vn -0.0269 0.0989 -0.9947
vn 0.0055 -0.9987 -0.0505
vn 0.6428 0.2469 0.7251
vn 0.0948 -0.0075 -0.9955
vn 0.0395 -0.0035 -0.9992
vn -0.2762 0.9590 0.0636
vn -0.4384 0.8967 0.0612
vn -0.3924 0.9122 0.1180
vn -0.3320 0.9430 0.0217
vn -0.2763 0.9590 0.0636
vn -0.2936 0.9500 0.1060
vn -0.4977 -0.8319 -0.2455
vn 0.1637 0.0448 0.9855
vn 0.2418 0.0079 0.9703
vn 0.3296 0.0064 0.9441
vn 0.9973 -0.0728 0.0002
vn 0.9973 -0.0729 0.0002
vn 0.9777 -0.2094 -0.0180
vn 0.9987 -0.0510 -0.0011
vn -0.0133 -0.0857 0.9962
vn -0.0135 -0.0953 0.9954
vn 0.4292 0.6633 -0.6131
vn 0.4239 0.7536 -0.5024
vn -0.0070 -0.5992 0.8006
vn -0.0058 -0.7735 0.6338
vn -0.9896 0.1160 -0.0855
vn -0.9899 0.1411 -0.0161
vn -0.9483 0.3094 -0.0705
vn -0.9378 0.3239 -0.1247
vn -0.9842 0.1489 -0.0954
vn -0.8337 -0.5094 0.2132
vn -0.9294 -0.3637 0.0624
vn 0.0066 0.3114 -0.9503
vn 0.0062 0.1827 -0.9831
vn 0.2712 -0.0511 0.9612
vn -0.0280 0.9995 0.0148
vn -0.0113 0.9999 0.0097
vn 0.0096 -0.4161 -0.9093
vn 0.0025 -0.4085 -0.9127
vn 0.0030 -0.2835 -0.9590
vn 0.0067 -0.4280 -0.9037
vn 0.0061 -0.5694 -0.8220
vn 0.0047 -0.6118 -0.7910
vn 0.0051 -0.3060 -0.9520
vn 0.9304 0.3664 0.0088
vn 0.9375 0.3481 -0.0022
vn 0.9627 0.2697 0.0209
vn 0.8320 0.5544 0.0186
vn 0.8217 0.5681 0.0463
vn 0.9199 0.3872 0.0624
vn 0.0552 -0.9877 -0.1462
vn 0.0350 -0.9974 -0.0623
vn 0.0276 -0.9858 -0.1654
vn 0.0485 -0.9617 -0.2697
vn 0.0960 -0.9628 -0.2526
vn -0.5576 0.0091 0.8300
vn -0.5949 -0.0063 0.8038
vn -0.6634 0.0028 0.7483
vn -0.5576 0.0091 0.8301
vn -0.9832 -0.0130 -0.1821
vn -0.9248 -0.0482 -0.3775
vn 0.0004 0.8662 0.4997
vn 0.0224 0.7812 0.6239
vn 0.7132 -0.2615 -0.6504
vn 0.6909 -0.3310 -0.6427
vn 0.5656 -0.3637 -0.7401
vn 0.0019 1.0000 0.0069
vn -0.0005 0.9999 0.0140
vn -0.0039 0.9999 0.0137
vn 0.0019 1.0000 0.0068
vn 0.0018 1.0000 0.0069
vn -0.0052 1.0000 0.0078
vn -0.0006 0.9999 0.0141
vn 0.0024 1.0000 0.0037
vn -0.1826 -0.8551 0.4853
vn -0.2513 -0.8014 0.5428
vn 0.0003 -0.9797 0.2006
vn 0.0016 -0.9394 0.3429
vn -0.0026 -0.9802 0.1979
vn 0.0017 -0.9394 0.3429
vn 0.0012 -0.9960 0.0889
vn -0.0007 -0.9967 0.0815
vn -0.8415 0.3147 -0.4391
vn -0.8671 0.2959 -0.4008
vn -0.8896 0.2185 -0.4010
vn -0.7614 0.4954 -0.4182
vn -0.6537 0.5377 -0.5324
vn -0.8624 0.3042 -0.4046
vn -0.7534 0.3717 -0.5425
vn -0.8670 0.2959 -0.4009
vn -0.6537 0.5377 -0.5325
vn -0.7710 -0.4549 0.4458
vn 0.9993 -0.0280 0.0231
vn 0.9996 -0.0178 0.0218
vn -0.2555 0.8316 -0.4931
vn -0.2078 0.7191 -0.6631
vn 0.7542 0.4714 0.4572
vn 0.8635 0.3447 0.3682
vn -0.3175 -0.0133 -0.9482
vn -0.2847 -0.0082 -0.9586
vn -0.4474 0.0096 -0.8943
vn 0.0740 0.9931 0.0908
vn 0.9490 -0.3151 -0.0133
vn 0.9676 -0.2521 -0.0099
vn 0.9609 -0.2763 -0.0199
vn 0.9842 -0.1748 -0.0293
vn 0.9474 -0.3052 -0.0969
vn 0.9322 -0.3601 -0.0353
vn 0.9153 -0.3957 -0.0750
vn 0.9322 -0.3602 -0.0353
vn 0.0027 0.5174 0.8558
vn 0.0019 0.5509 0.8346
vn 0.0028 0.5174 0.8557
vn -0.0059 0.4130 0.9107
vn 0.0012 0.3488 0.9372
vn -0.0053 0.5349 0.8449
vn 0.0028 0.4316 0.9021
vn -0.1142 -0.8795 0.4619
vn 0.7144 0.0034 -0.6998
vn 0.0040 -0.1672 0.9859
vn 0.0040 -0.1673 0.9859
vn 0.0119 -0.2079 0.9781
vn -0.6998 0.7142 -0.0153
vn -0.9942 -0.1051 0.0207
vn -0.9942 -0.1052 0.0206
vn 0.0350 0.4961 -0.8676
vn 0.0028 0.4467 -0.8947
vn 0.0064 0.6231 -0.7821
vn 0.0027 0.4466 -0.8947
vn 0.4908 -0.8151 0.3077
vn 0.0006 0.0376 -0.9993
vn 0.9006 0.2484 0.3567
vn 0.0681 -0.9976 -0.0123
vn 0.2273 -0.9735 -0.0241
vn -0.2068 -0.9766 -0.0597
vn -0.2961 -0.9551 0.0034
vn -0.2023 -0.9792 -0.0146
vn 0.0171 0.0082 0.9998
vn 0.0737 -0.0147 0.9972
vn 0.1219 0.0064 0.9925
vn 0.0284 0.0135 0.9995
vn 0.0171 0.0081 0.9998
vn 0.0285 0.0135 0.9995
vn 0.7797 -0.2750 -0.5626
vn 0.8726 -0.1384 -0.4683
vn -0.0017 0.7970 0.6040
vn -0.2036 -0.1387 0.9692
vn -0.0755 -0.0667 0.9949
vn -0.2464 -0.0507 0.9678
vn -0.0923 -0.0973 0.9910
vn 0.5074 0.8506 -0.1379
vn 0.7294 0.6562 -0.1936
vn 0.6274 0.7628 -0.1564
vn 0.4859 0.8552 -0.1802
vn -0.0015 -0.9993 0.0372
vn 0.0032 -1.0000 0.0072
vn -0.0008 -0.9999 0.0131
vn -0.6589 0.0224 -0.7519
vn -0.6130 0.0021 -0.7901
vn -0.5973 0.0094 -0.8020
vn -0.6232 0.0324 -0.7814
vn -0.9957 -0.0261 -0.0889
vn -0.9812 0.0087 -0.1927
vn -0.0121 0.8457 0.5336
vn -0.0092 0.7633 0.6460
vn -0.0121 0.8457 0.5335
vn -0.0087 0.8898 0.4563
vn 0.0000 0.7405 0.6721
vn 0.5110 -0.4797 -0.7133
vn 0.3703 -0.3197 -0.8722
vn 0.6002 -0.4663 -0.6498
vn 0.5188 -0.5542 -0.6509
vn 0.1355 -0.6566 0.7420
vn -0.5809 0.6470 -0.4940
vn -0.5883 0.5634 -0.5800
vn -0.5518 0.6744 -0.4905
vn -0.5809 0.6470 -0.4939
vn -0.5883 0.5635 -0.5800
vn -0.2696 -0.8714 0.4098
vn -0.3597 -0.8551 0.3733
vn -0.2797 -0.9184 0.2798
vn -0.2406 -0.9315 0.2728
vn -0.3802 -0.8714 0.3100
vn -0.2697 -0.8714 0.4099
vn -0.0192 -0.1881 -0.9820
vn -0.0462 -0.2680 -0.9623
vn -0.0413 -0.1550 -0.9871
vn -0.0192 -0.1882 -0.9819
vn -0.0028 -0.1583 -0.9874
vn -0.0161 -0.0999 -0.9949
vn -0.0167 -0.3322 -0.9431
vn 0.0228 -0.9240 -0.3817
vn 0.0105 -0.8714 -0.4905
vn -0.9357 0.1399 0.3239
vn -0.9260 -0.0324 0.3761
vn -0.9260 -0.0324 0.3760
vn -0.4518 -0.7993 -0.3962
vn -0.4892 -0.8323 -0.2605
vn 0.0092 0.2037 0.9790
vn 0.0201 0.0914 0.9956
vn 0.0200 0.0914 0.9956
vn 0.9997 -0.0015 -0.0247
vn 0.9987 -0.0509 -0.0011
vn 0.9938 -0.1095 -0.0209
vn 0.0024 0.6969 0.7172
vn -0.0208 0.8094 0.5869
vn 0.6327 0.5204 -0.5735
vn 0.1930 -0.6724 0.7146
vn -0.9545 0.1310 -0.2680
vn -0.9690 0.1625 -0.1860
vn -0.9079 0.3944 -0.1421
vn -0.8091 -0.2995 0.5057
vn 0.0044 0.9976 -0.0692
vn 0.7160 -0.6965 0.0459
vn 0.6722 -0.7365 0.0753
vn -0.0076 -0.0029 -1.0000
vn -0.0031 -0.0065 -1.0000
vn -0.0031 -0.0066 -1.0000
vn -0.0788 -0.9969 0.0058
vn -0.1438 -0.9894 -0.0215
vn -0.0416 -0.9989 -0.0212
vn -0.1606 -0.9870 0.0043
vn -0.0260 -0.9996 -0.0105
vn -0.0942 -0.9956 0.0021
vn -0.1607 -0.9870 0.0043
vn 0.0040 -0.1127 -0.9936
vn -0.9056 -0.2483 -0.3437
vn -0.0004 0.9542 0.2993
vn -0.1384 0.0177 0.9902
vn -0.1102 0.0522 0.9925
vn -0.2350 0.0230 0.9717
vn -0.2050 0.0150 0.9786
vn -0.2050 0.0149 0.9786
vn -0.0100 -0.9990 0.0438
vn -0.0079 -0.9943 0.1064
vn -0.0068 -0.9992 0.0403
vn -0.0007 -0.9939 0.1100
vn 0.6133 0.0536 -0.7880
vn 0.5266 0.2096 -0.8239
vn 0.6230 0.2061 -0.7546
vn 0.6663 0.0552 -0.7436
vn -0.2593 0.9627 -0.0770
vn -0.4177 0.9069 -0.0544
vn -0.3909 -0.8962 0.2098
vn -0.4723 -0.8614 0.1868
vn -0.4722 -0.8615 0.1868
vn 0.1709 0.2562 -0.9514
vn 0.1699 0.1455 -0.9747
vn 0.0865 0.1465 -0.9854
vn 0.0953 0.2214 -0.9705
vn 0.9998 -0.0164 0.0063
vn -0.0641 -0.0256 -0.9976
vn -0.0640 -0.0255 -0.9976
vn -0.0263 -0.0162 -0.9995
vn -0.0439 -0.0553 -0.9975
vn -0.0641 -0.0255 -0.9976
vn -0.1421 0.0027 -0.9898
vn -0.0125 0.0034 -0.9999
vn -0.0074 -0.6440 -0.7650
vn 0.0032 -0.6307 -0.7760
vn 0.0070 -0.7662 -0.6426
vn -0.0040 -0.7489 -0.6627
vn -0.0044 -0.6420 -0.7667
vn -0.0044 -0.6421 -0.7666
vn -0.0044 -0.5073 -0.8618
vn -0.0045 -0.5061 -0.8625
vn -0.0044 -0.5073 -0.8617
vn -0.8062 -0.5783 -0.1251
vn -0.6569 -0.7246 -0.2086
vn -0.7406 -0.6543 -0.1528
vn 0.0022 0.3002 0.9539
vn 0.5719 0.0067 -0.8203
vn 0.5785 -0.0095 -0.8156
vn 0.6521 -0.0035 -0.7581
vn -0.0134 0.9999 0.0072
vn -0.0013 0.9998 0.0198
vn -0.0057 -0.2767 0.9609
vn 0.8765 0.4809 -0.0206
vn 0.8765 0.4809 -0.0207
vn 0.9413 0.3316 -0.0631
vn 0.1153 -0.9859 0.1216
vn 0.1624 -0.9534 0.2542
vn 0.2610 -0.9349 0.2404
vn -0.2994 0.0735 -0.9513
vn -0.3910 0.0730 -0.9175
vn -0.4349 0.0154 -0.9003
vn -0.9843 -0.0211 0.1751
vn -0.9887 -0.0312 0.1468
vn -0.9917 -0.0532 0.1168
vn 0.0279 0.9563 -0.2910
vn 0.4195 -0.4235 0.8029
vn 0.6330 -0.3611 0.6848
vn 0.4435 -0.5623 0.6980
vn -0.0011 1.0000 -0.0069
vn 0.0005 -0.9756 -0.2195
vn -0.0032 -0.9304 -0.3664
vn -0.8492 0.3269 0.4147
vn -0.8196 0.3976 0.4126
vn -0.8768 0.3601 0.3186
vn -0.8992 0.1412 0.4140
vn -0.9061 0.1021 0.4105
vn -0.8993 0.1412 0.4140
vn -0.6883 0.4130 0.5965
vn -0.6789 -0.7343 0.0046
vn 0.0102 0.0574 -0.9983
vn 0.0067 0.0947 -0.9955
vn 0.0107 0.0269 -0.9996
vn 0.0092 0.0629 -0.9980
vn 0.0067 0.0946 -0.9955
vn -0.3446 0.7624 -0.5477
vn -0.2606 0.8945 -0.3632
vn -0.3934 0.6824 -0.6161
vn -0.2554 0.8316 -0.4931
vn -0.3446 0.7623 -0.5478
vn -0.0187 -0.0720 -0.9972
vn 0.7113 0.7026 0.0183
vn 0.7113 0.7026 0.0182
vn 0.0377 -0.9987 -0.0333
vn 0.0060 -0.9999 -0.0152
vn -0.5456 0.0741 0.8347
vn -0.5980 0.1776 0.7816
vn -0.6564 0.0517 0.7526
vn -0.5457 0.0741 0.8347
vn -0.9929 -0.1170 -0.0235
vn -0.9801 -0.1964 -0.0301
vn -0.9936 -0.1116 -0.0149
vn 0.2321 0.4498 0.8624
vn 0.2796 0.4970 0.8215
vn 0.7906 -0.4964 -0.3585
vn 0.8921 -0.3902 -0.2277
vn 0.5707 -0.7048 -0.4213
vn -0.0009 0.2412 0.9705
vn -0.0023 0.2654 0.9641
vn 0.0007 0.2974 0.9548
vn -0.0019 0.1913 0.9815
vn -0.0254 -0.5749 0.8179
vn -0.0044 -0.5605 0.8282
vn 0.0102 -0.0380 0.9992
vn 0.0005 -0.0220 0.9998
vn 0.0163 -0.0702 0.9974
vn 0.0005 -0.0219 0.9998
vn -0.5633 0.7101 -0.4224
vn -0.7271 0.0073 0.6865
vn -0.8234 -0.0359 0.5664
vn -0.7220 -0.0122 0.6918
vn -0.7036 0.0051 0.7106
vn -0.7008 -0.0071 0.7134
vn -0.8233 -0.0359 0.5664
vn 0.0002 0.9999 -0.0112
vn 0.0041 1.0000 -0.0084
vn 0.0019 1.0000 -0.0038
vn 0.0001 0.9999 -0.0113
vn 0.5300 -0.8415 0.1044
vn 0.4626 -0.8484 0.2572
vn 0.3461 -0.9086 0.2337
vn 0.3571 -0.9270 0.1143
vn -0.1041 0.5476 -0.8302
vn -0.0063 -0.9963 -0.0854
vn -0.0007 -0.9717 -0.2363
vn -0.0028 -0.9664 -0.2570
vn 0.0034 -0.9933 -0.1158
vn 0.0026 -0.9931 -0.1172
vn 0.7358 0.0185 0.6770
vn 0.7209 0.0399 0.6919
vn 0.6796 0.0566 0.7314
vn 0.6639 0.0423 0.7466
vn 0.2542 -0.2900 -0.9227
vn 0.1654 -0.2563 -0.9523
vn -0.4701 0.8823 0.0221
vn -0.6198 0.7844 0.0243
vn -0.5558 0.8300 0.0457
vn -0.3320 0.9430 0.0216
vn 0.0073 0.9998 0.0169
vn 0.0046 0.9997 0.0231
vn 0.0059 0.9999 0.0117
vn 0.9749 -0.0737 -0.2099
vn -0.2011 -0.8539 0.4799
vn 0.3417 0.7078 -0.6183
vn -0.9976 -0.0103 -0.0682
vn -0.9996 -0.0267 -0.0101
vn -0.9978 0.0163 -0.0636
vn 0.2457 -0.9120 0.3285
vn -0.3174 -0.0133 -0.9482
vn -0.2123 -0.0201 -0.9770
vn 0.0186 -0.0647 -0.9977
vn -0.8243 0.5660 0.0150
vn -0.6684 0.7433 0.0277
vn -0.2657 -0.6605 -0.7022
vn -0.2213 -0.6308 -0.7437
vn -0.3234 -0.7480 -0.5795
vn 0.9885 -0.0836 -0.1262
vn -0.0401 -0.0404 0.9984
vn 0.3183 0.7947 -0.5169
vn 0.4291 0.6633 -0.6131
vn 0.3183 0.7946 -0.5170
vn -0.0029 -0.7389 0.6738
vn -0.0029 -0.7390 0.6737
vn -0.7663 -0.6425 -0.0070
vn -0.7961 -0.6050 -0.0087
vn 0.0006 0.2760 -0.9612
vn 0.0260 0.2999 -0.9536
vn 0.0041 0.4391 -0.8984
vn 0.7642 -0.0121 0.6448
vn 0.6967 -0.0040 0.7173
vn -0.0100 0.9765 -0.2154
vn 0.0037 -0.3435 -0.9392
vn 0.0073 -0.2125 -0.9771
vn 0.0037 -0.3435 -0.9391
vn -0.0043 -0.3666 -0.9304
vn 0.0067 -0.4281 -0.9037
vn 0.9420 0.3338 0.0340
vn 0.0682 -0.9976 -0.0123
vn 0.2273 -0.9735 -0.0242
vn -0.3609 0.0659 0.9303
vn -0.9988 -0.0483 -0.0111
vn 0.9221 -0.3326 -0.1975
vn -0.5180 -0.8211 -0.2396
vn -0.5181 -0.8211 -0.2395
vn -0.4924 -0.8299 -0.2623
vn -0.3988 -0.8861 -0.2363
vn -0.0228 0.9997 0.0007
vn -0.0114 0.9999 0.0097
vn 0.8469 0.5080 -0.1571
vn -0.4249 0.1660 -0.8899
vn -0.0012 1.0000 -0.0089
vn 0.0017 1.0000 -0.0061
vn -0.0225 -0.4642 -0.8855
vn 0.9876 0.1572 0.0000
vn 0.0067 -0.0123 -0.9999
vn 0.0053 0.0038 -1.0000
vn 0.0077 0.0141 -0.9999
vn 0.0181 -0.0088 -0.9998
vn 0.0077 0.0142 -0.9999
vn -0.4223 0.8877 0.1835
vn -0.9740 -0.0042 -0.2267
vn 0.0080 0.9856 0.1689
vn -0.0250 0.2126 0.9768
vn 0.1889 -0.0853 0.9783
vn 0.2922 -0.0973 0.9514
vn 0.1731 -0.0722 0.9823
vn 0.0747 -0.1197 0.9900
vn 0.1430 -0.0567 0.9881
vn 0.1731 -0.0721 0.9823
vn -0.4177 0.9070 -0.0545
vn -0.8067 -0.5402 0.2394
vn 0.0380 0.6443 -0.7638
vn 0.0975 0.5678 -0.8174
vn 0.0350 0.4960 -0.8676
vn 0.2232 0.4082 0.8852
vn 0.2232 0.4081 0.8852
vn -0.9987 0.0145 0.0479
vn -0.7761 -0.3889 -0.4965
vn -0.0029 0.6686 0.7436
vn -0.2076 0.5550 0.8055
vn 0.5167 0.3180 -0.7949
vn 0.5253 0.3307 -0.7840
vn 0.0097 -0.9060 0.4231
vn -0.6403 -0.0010 0.7681
vn 0.0868 0.9866 -0.1379
vn -0.0067 0.3946 -0.9188
vn -0.0040 -0.4045 -0.9145
vn -0.9858 -0.1172 -0.1204
vn -0.9789 -0.1802 -0.0963
vn 0.2136 -0.0005 0.9769
vn 0.1835 -0.0300 0.9826
vn 0.2262 -0.0082 0.9740
vn 0.1835 -0.0301 0.9826
vn 0.1596 -0.0468 0.9861
vn 0.2711 -0.0510 0.9612
vn -0.4163 -0.9073 0.0592
vn -0.4243 -0.8991 0.1077
vn -0.4731 -0.8798 0.0468
vn 0.1184 0.0338 -0.9924
vn 0.1268 0.0191 -0.9917
vn 0.0012 1.0000 -0.0059
vn 0.2350 0.9720 0.0036
vn -0.0073 -0.8946 -0.4468
vn -0.9357 0.1398 0.3239
vn -0.9053 0.1351 0.4028
vn 0.3954 -0.8528 0.3411
vn 0.4048 -0.8718 0.2758
vn -0.1368 0.3905 -0.9104
vn -0.1450 0.4925 -0.8581
vn 0.0376 -0.9987 -0.0333
vn -0.3664 0.1871 0.9114
vn -0.3657 0.1070 0.9246
vn -0.4369 0.0977 0.8942
vn 0.0026 0.9863 0.1649
vn 0.8257 0.5242 -0.2084
vn 0.6810 0.6635 -0.3099
vn 0.9246 0.3700 -0.0905
vn 0.7419 0.6693 -0.0403
vn -0.0017 -1.0000 -0.0027
vn 0.0014 -1.0000 -0.0071
vn -0.5972 0.0094 -0.8020
vn -0.5510 0.0194 -0.8343
vn 0.0040 1.0000 -0.0001
vn 0.0040 1.0000 -0.0002
vn 0.9986 -0.0130 0.0522
vn 0.9946 -0.0810 0.0655
vn 0.6987 0.6694 0.2524
vn 0.7335 0.6706 0.1108
vn 0.4617 0.8310 0.3102
vn 0.4984 0.8423 0.2051
vn 0.4617 0.8310 0.3103
vn 0.4985 0.8423 0.2051
vn 0.1586 -0.4049 -0.9005
vn -0.4605 -0.2705 -0.8455
vn -0.4604 -0.2706 -0.8454
vn -0.4529 -0.3387 -0.8247
vn -0.6281 -0.3369 -0.7015
vn -0.3722 -0.2134 -0.9033
vn 0.0080 0.9993 0.0363
vn 0.0097 0.9998 0.0199
vn 0.0059 0.9999 0.0116
vn -0.0070 0.0314 0.9995
vn -0.0088 0.0095 0.9999
vn -0.5989 0.8000 -0.0365
vn -0.4982 -0.8414 0.2093
vn -0.5595 -0.7737 0.2972
vn -0.6943 -0.6620 0.2825
vn 0.4016 -0.0855 0.9118
vn -0.0263 -0.0161 -0.9995
vn -0.9288 -0.2409 -0.2817
vn 0.5332 -0.5779 -0.6178
vn -0.0064 0.0211 0.9998
vn -0.8835 -0.0024 0.4685
vn 0.0066 0.9825 -0.1864
vn 0.0051 0.9390 -0.3439
vn 0.0066 0.9825 -0.1863
vn 0.0048 0.9958 -0.0915
vn 0.8188 -0.5714 0.0556
vn -0.0008 0.0877 -0.9961
vn -0.0015 0.1880 -0.9822
vn -0.4604 0.8804 0.1138
vn -0.4605 0.8803 0.1138
vn -0.0059 -0.7735 0.6338
vn -0.9936 0.0133 -0.1120
vn -0.5723 -0.2645 -0.7762
vn -0.0020 1.0000 0.0041
vn 0.0018 1.0000 0.0091
vn -0.2389 0.0849 0.9673
vn -0.2389 0.0850 0.9673
vn -0.0012 -0.9830 0.1838
vn 0.0038 -0.9918 0.1280
vn -0.4325 0.9012 -0.0293
vn 0.4670 -0.0029 -0.8843
vn -0.0046 0.7463 -0.6655
vn 0.0000 0.6624 -0.7491
vn -0.0025 0.6143 -0.7890
vn 0.0052 -0.9350 -0.3545
vn -0.9992 0.0373 0.0124
vn -0.0132 0.9935 0.1130
vn -0.0420 0.9578 0.2845
vn -0.0095 -0.3857 0.9226
vn -0.0126 -0.4986 0.8668
vn -0.4473 0.0096 -0.8943
vn -0.4348 0.0154 -0.9004
vn -0.1890 -0.8691 -0.4571
vn -0.0760 -0.8617 -0.5018
vn -0.1715 -0.7323 -0.6591
vn -0.0760 -0.8616 -0.5018
vn -0.8563 0.3325 0.3952
vn -0.6913 0.4981 0.5235
vn 0.9952 0.0164 -0.0960
vn 0.9649 0.0312 -0.2607
vn -0.0042 -0.9996 0.0282
vn -0.6346 0.5077 -0.5827
vn 0.1444 0.0611 -0.9876
vn 0.1699 0.1454 -0.9747
vn 0.1445 0.0611 -0.9876
vn -0.0410 -0.8362 -0.5469
vn -0.0782 -0.7557 -0.6502
vn 0.9842 0.1354 0.1137
vn -0.4978 -0.8318 -0.2455
vn -0.3025 -0.8205 -0.4851
vn 0.0139 0.0125 0.9998
vn 0.0149 0.0346 0.9993
vn 0.0099 0.0090 0.9999
vn 0.0161 0.0198 0.9997
vn 0.0092 -0.0155 0.9998
vn 0.0122 -0.0021 0.9999
vn 0.9222 -0.3326 -0.1975
vn 0.0007 0.5900 0.8074
vn 0.1223 -0.5124 0.8500
vn 0.2243 -0.5480 0.8058
vn 0.8187 -0.5715 0.0556
vn -0.0008 0.0878 -0.9961
vn -0.0014 0.1880 -0.9822
vn -0.1714 -0.7323 -0.6591
vn 0.9006 0.2484 0.3568
vn -0.0039 0.9960 -0.0894
vn 0.0013 1.0000 -0.0086
vn 0.9994 -0.0004 0.0334
vn -0.1460 0.5623 -0.8139
vn 0.0000 -0.9999 -0.0107
vn 0.0406 -0.9297 -0.3661
vn 0.0484 -0.9617 -0.2697
vn 0.0558 -0.9444 -0.3241
vn -0.2727 -0.1003 -0.9569
vn 0.0741 0.9931 0.0909
vn 0.1475 0.9551 0.2568
vn 0.1636 0.9812 0.1028
vn 0.9035 -0.4280 -0.0239
vn 0.0021 0.1159 0.9933
vn -0.0019 -1.0000 0.0080
vn 0.7358 -0.0141 -0.6770
vn 0.0139 -0.3445 0.9387
vn -0.9078 0.3945 -0.1421
vn -0.5142 0.8314 0.2105
vn 0.0521 0.1522 0.9870
vn -0.0021 0.9999 0.0142
vn -0.0069 0.9981 0.0620
vn 0.3017 0.9532 -0.0182
vn 0.1539 0.9880 -0.0099
vn 0.0017 -0.9393 0.3430
vn -0.0017 0.5111 0.8595
vn -0.0050 -0.8974 0.4413
vn 0.0301 0.8652 -0.5005
vn 0.0850 0.7824 -0.6170
vn 0.0851 0.7824 -0.6170
vn 0.7845 -0.2439 0.5702
vn -0.0100 -0.7794 -0.6265
vn -0.0040 -0.7489 -0.6626
vn -0.0040 -0.7490 -0.6626
vn -0.9150 0.3024 0.2671
vn -0.0016 -1.0000 -0.0035
vn 0.0016 -1.0000 0.0035
vn -0.0016 -1.0000 -0.0034
vn -0.0033 -1.0000 -0.0070
vn -0.0034 -1.0000 -0.0070
vn 0.2202 0.7191 0.6591
vn 0.0010 -0.7350 -0.6780
vn -0.6508 -0.0084 0.7592
vn 0.0015 1.0000 -0.0056
vn 0.9012 -0.4041 0.1570
vn -0.9997 0.0005 -0.0226
vn -0.0294 0.9883 -0.1495
vn -0.0295 0.9972 -0.0682
vn -0.3657 0.1069 0.9246
vn 0.8530 0.3585 -0.3792
vn 0.2611 -0.9349 0.2404
vn -0.2779 -0.9606 -0.0077
vn -0.4152 -0.9097 -0.0042
vn 0.0466 0.0562 0.9973
vn 0.1218 0.0077 0.9925
vn -0.0404 -0.0963 0.9945
vn 0.0029 -0.9980 0.0627
vn -0.5767 -0.2815 0.7669
vn 0.0013 0.9999 -0.0112
vn -0.0050 1.0000 -0.0029
vn 0.0026 -0.9931 -0.1173
vn -0.3463 0.0055 0.9381
vn 0.8453 -0.3963 -0.3583
vn 0.8923 -0.3899 -0.2277
vn -0.0027 0.4438 0.8961
vn -0.1020 -0.9444 0.3126
vn -0.0700 -0.9851 0.1568
vn 0.2651 0.0709 -0.9616
vn -0.7466 0.6631 -0.0547
vn 0.0024 0.3396 0.9406
vn 0.0037 0.2638 0.9646
vn -0.0088 0.0094 0.9999
vn 0.6382 0.6355 -0.4346
vn 0.1223 -0.5123 0.8501
vn -0.5767 -0.2816 0.7669
vn -0.4061 -0.2775 0.8707
vn 0.0039 0.0150 -0.9999
vn 0.6427 0.0518 0.7644
vn -0.5558 0.8301 0.0456
vn -0.0075 1.0000 0.0000
vn -0.8068 -0.5403 0.2393
vn -0.0074 1.0000 0.0000
vn 0.0009 0.9999 0.0126
vn 0.3952 -0.9025 -0.1711
vn -0.2009 0.1707 0.9646
vn -0.0413 -0.1550 -0.9870
vn -0.9998 0.0169 -0.0053
vn 0.8610 -0.0570 -0.5054
vn 0.8726 -0.1383 -0.4684
vn 0.7752 -0.1330 -0.6175
vn -0.4314 0.2259 -0.8734
vn 0.1247 0.9106 0.3940
vn 0.7687 -0.3298 -0.5481
vn 0.0022 0.9998 -0.0222
vn 0.0015 1.0000 -0.0057
vn 0.0000 -0.9999 -0.0108
vn -0.4219 -0.8870 -0.1875
vn 0.9656 -0.2590 -0.0231
vn 0.0007 0.5899 0.8074
vn -0.0680 -0.9977 0.0023
vn -0.1600 -0.9870 0.0153
vn -0.0149 -0.9992 0.0382
vn -0.0149 -0.9992 0.0383
vn 0.0055 -0.9985 0.0552
vn 0.0092 -0.0156 0.9998
vn 0.0051 0.9390 -0.3438
vn 0.0067 0.9288 -0.3706
vn 0.3836 -0.8662 -0.3203
vn 0.2500 -0.9449 -0.2114
vn -0.8106 -0.0206 -0.5852
vn -0.0035 -0.8090 0.5878
vn 0.9814 -0.0234 -0.1906
vn 0.1355 -0.6565 0.7420
vn 0.0469 -0.5155 0.8556
vn 0.6370 -0.7495 0.1801
vn 0.0061 -0.5694 -0.8221
vn 0.9719 -0.0236 0.2344
vn 0.4898 0.8263 -0.2781
vn 0.4438 0.1824 0.8774
vn 0.0047 -0.0547 -0.9985
vn -0.8446 -0.4186 0.3337
vn 0.1796 0.8911 0.4168
vn 0.9609 -0.2762 -0.0198
vn 0.4588 -0.5030 0.7324
vn 0.0010 -0.7351 -0.6780
vn -0.9858 -0.1172 -0.1205
vn 0.9473 0.3177 -0.0421
vn -0.9880 0.0066 -0.1544
vn 0.0022 0.3003 0.9538
vn -0.0040 -0.4044 -0.9146
vn -0.0042 -0.2479 -0.9688
vn -0.3206 0.8732 -0.3671
vn -0.3207 0.8732 -0.3671
vn -0.2470 0.5935 -0.7660
vn -0.7035 -0.0020 -0.7107
vn -0.6719 0.0031 -0.7406
vn 0.0073 -0.2124 -0.9772
vn -0.9957 -0.0261 -0.0888
vn -0.9976 -0.0102 -0.0682
vn 0.2349 0.9720 0.0036
vn 0.6635 -0.7481 0.0084
vn 0.2321 0.4499 0.8624
vn 0.1247 0.9106 0.3939
vn 0.0300 0.8652 -0.5006
vn 0.1539 0.9880 -0.0098
vn -0.4062 -0.4524 0.7940
vn -0.5760 -0.8174 -0.0107
vn 0.0033 -0.0233 -0.9997
vn 0.3461 -0.9086 0.2336
vn -0.7962 -0.6050 -0.0087
vn 0.1218 0.0064 0.9925
vn 0.5160 0.8552 -0.0495
vn -0.6420 0.7538 0.1399
vn 0.0100 0.0508 -0.9987
vn -0.2146 -0.0162 -0.9766
vt 0.138601 0.738142
vt 0.123854 0.749496
vt 0.124736 0.731676
vt 0.132276 0.764145
vt 0.149166 0.748092
vt 0.127753 0.724483
vt 0.155490 0.737614
vt 0.142106 0.722335
vt 0.155745 0.724768
vt 0.381408 0.687119
vt 0.386196 0.660118
vt 0.397532 0.660020
vt 0.367018 0.687720
vt 0.937293 0.813715
vt 0.951629 0.816349
vt 0.931498 0.845580
vt 0.916278 0.840600
vt 0.921888 0.807838
vt 0.393666 0.684066
vt 0.916083 0.979404
vt 0.925539 0.974946
vt 0.919867 0.985107
vt 0.913025 0.988582
vt 0.909640 0.984810
vt 0.910212 0.971359
vt 0.918456 0.965702
vt 0.054793 0.742527
vt 0.063502 0.733818
vt 0.063714 0.748989
vt 0.038372 0.739017
vt 0.045716 0.731606
vt 0.044827 0.748552
vt 0.851358 0.469305
vt 0.846766 0.504970
vt 0.838310 0.504102
vt 0.867232 0.473219
vt 0.845561 0.467349
vt 0.837758 0.411141
vt 0.928762 0.331262
vt 0.965200 0.341077
vt 0.958409 0.344767
vt 0.901823 0.094761
vt 0.850942 0.088582
vt 0.901754 0.086296
vt 0.431334 0.209594
vt 0.430005 0.197227
vt 0.443194 0.199790
vt 0.420663 0.218708
vt 0.419197 0.211846
vt 0.431063 0.221647
vt 0.442828 0.210825
vt 0.133338 0.117721
vt 0.138467 0.118770
vt 0.121794 0.152345
vt 0.116956 0.150988
vt 0.770456 0.240277
vt 0.767339 0.263700
vt 0.764601 0.242167
vt 0.320202 0.172653
vt 0.326424 0.170986
vt 0.327576 0.202412
vt 0.321830 0.205402
vt 0.633803 0.419476
vt 0.604369 0.430906
vt 0.630976 0.415985
vt 0.133442 0.195700
vt 0.148020 0.198009
vt 0.135007 0.210123
vt 0.143746 0.187003
vt 0.111818 0.214586
vt 0.109111 0.198939
vt 0.130015 0.186535
vt 0.857967 0.220496
vt 0.879447 0.223709
vt 0.863212 0.230464
vt 0.878063 0.212506
vt 0.843830 0.227458
vt 0.840131 0.213646
vt 0.493700 0.179500
vt 0.509233 0.166647
vt 0.516224 0.180367
vt 0.484435 0.163758
vt 0.833815 0.372557
vt 0.824679 0.369035
vt 0.831535 0.361538
vt 0.847996 0.365804
vt 0.806214 0.183889
vt 0.783501 0.201723
vt 0.796318 0.174253
vt 0.852431 0.389187
vt 0.836206 0.391837
vt 0.794313 0.207069
vt 0.694702 0.905730
vt 0.671678 0.912248
vt 0.690279 0.894646
vt 0.683752 0.919620
vt 0.707650 0.894813
vt 0.713304 0.906269
vt 0.701733 0.914579
vt 0.348228 0.731748
vt 0.351869 0.715265
vt 0.394742 0.716766
vt 0.391907 0.732202
vt 0.216290 0.091975
vt 0.244596 0.096950
vt 0.242387 0.111026
vt 0.348963 0.746490
vt 0.306562 0.721965
vt 0.211504 0.106074
vt 0.647102 0.977147
vt 0.647102 0.996924
vt 0.626871 0.992026
vt 0.077831 0.774842
vt 0.106464 0.779020
vt 0.093306 0.798242
vt 0.293610 0.917833
vt 0.315961 0.922823
vt 0.300223 0.927770
vt 0.258287 0.922540
vt 0.267418 0.903197
vt 0.295584 0.894663
vt 0.099868 0.749748
vt 0.895420 0.641535
vt 0.884040 0.644585
vt 0.893250 0.629998
vt 0.895474 0.653234
vt 0.887783 0.654395
vt 0.901301 0.627828
vt 0.903414 0.640837
vt 0.282008 0.653429
vt 0.239366 0.653375
vt 0.240671 0.643040
vt 0.009928 0.329726
vt 0.054613 0.317753
vt 0.060033 0.330486
vt 0.289252 0.668498
vt 0.937484 0.000629
vt 0.987173 0.000629
vt 0.942284 0.012091
vt 0.284438 0.644114
vt 0.307486 0.665354
vt 0.531598 0.338113
vt 0.528632 0.318295
vt 0.533287 0.318806
vt 0.530003 0.355728
vt 0.527094 0.338009
vt 0.533924 0.356136
vt 0.535522 0.338626
vt 0.740295 0.892132
vt 0.762471 0.908172
vt 0.752194 0.917930
vt 0.685951 0.252845
vt 0.676579 0.273970
vt 0.663225 0.248254
vt 0.748809 0.868771
vt 0.770119 0.880309
vt 0.720262 0.903077
vt 0.714509 0.881271
vt 0.188813 0.578509
vt 0.198365 0.590846
vt 0.184530 0.595881
vt 0.183512 0.559481
vt 0.204859 0.553686
vt 0.177783 0.581932
vt 0.207282 0.571507
vt 0.216818 0.263706
vt 0.211314 0.269716
vt 0.194217 0.252284
vt 0.200068 0.247068
vt 0.225163 0.258191
vt 0.458077 0.810479
vt 0.479492 0.800094
vt 0.480167 0.807247
vt 0.458059 0.816068
vt 0.457447 0.803806
vt 0.675325 0.752023
vt 0.721658 0.757223
vt 0.675730 0.757237
vt 0.631602 0.758328
vt 0.631336 0.753318
vt 0.674708 0.746613
vt 0.721471 0.751863
vt 0.050679 0.835613
vt 0.064342 0.799686
vt 0.074413 0.818994
vt 0.042880 0.806813
vt 0.030214 0.827813
vt 0.089292 0.850868
vt 0.065019 0.870712
vt 0.017603 0.858642
vt 0.715784 0.952230
vt 0.704215 0.942390
vt 0.723138 0.927606
vt 0.702397 0.985688
vt 0.693193 0.976417
vt 0.733941 0.936301
vt 0.371361 0.231134
vt 0.374071 0.220280
vt 0.394312 0.229656
vt 0.360757 0.231322
vt 0.782442 0.731688
vt 0.768647 0.743147
vt 0.767116 0.726110
vt 0.783972 0.748725
vt 0.778899 0.715844
vt 0.790280 0.723373
vt 0.794131 0.738728
vt 0.755696 0.645504
vt 0.753690 0.641745
vt 0.772755 0.636771
vt 0.734938 0.651806
vt 0.235329 0.432167
vt 0.213187 0.421579
vt 0.218308 0.415490
vt 0.761165 0.656548
vt 0.754057 0.648285
vt 0.954983 0.230859
vt 0.942776 0.194036
vt 0.951885 0.192652
vt 0.945363 0.234074
vt 0.896365 0.155119
vt 0.928634 0.154363
vt 0.901084 0.167638
vt 0.924456 0.142135
vt 0.963302 0.229335
vt 0.892194 0.144468
vt 0.143236 0.643472
vt 0.162672 0.650107
vt 0.150587 0.647954
vt 0.142423 0.652366
vt 0.130951 0.654618
vt 0.141110 0.638419
vt 0.157677 0.641447
vt 0.132963 0.658190
vt 0.514930 0.606753
vt 0.517667 0.620552
vt 0.511260 0.620410
vt 0.687807 0.493006
vt 0.695518 0.453246
vt 0.699599 0.457972
vt 0.627488 0.047066
vt 0.672488 0.047939
vt 0.628456 0.052552
vt 0.008504 0.475578
vt 0.013511 0.474237
vt 0.012427 0.517386
vt 0.009608 0.428309
vt 0.582405 0.052680
vt 0.996630 0.389832
vt 0.993864 0.350865
vt 0.998797 0.348017
vt 0.965213 0.880608
vt 0.954640 0.891782
vt 0.954685 0.878932
vt 0.957345 0.837181
vt 0.970882 0.852762
vt 0.133643 0.062960
vt 0.150033 0.052416
vt 0.156608 0.070245
vt 0.976681 0.880535
vt 0.974486 0.891203
vt 0.614487 0.591469
vt 0.605866 0.595789
vt 0.600995 0.571274
vt 0.614387 0.605866
vt 0.611308 0.569168
vt 0.623984 0.588432
vt 0.625831 0.602574
vt 0.327547 0.952229
vt 0.313806 0.953098
vt 0.328338 0.942926
vt 0.327177 0.959460
vt 0.312787 0.966512
vt 0.350670 0.949593
vt 0.352891 0.956039
vt 0.637904 0.570119
vt 0.642573 0.557539
vt 0.645499 0.558041
vt 0.096947 0.276794
vt 0.115645 0.280463
vt 0.101853 0.306603
vt 0.084479 0.298677
vt 0.084176 0.271522
vt 0.092023 0.257339
vt 0.106291 0.260016
vt 0.507107 0.585716
vt 0.489136 0.535316
vt 0.511574 0.582607
vt 0.929782 0.693609
vt 0.890630 0.681084
vt 0.931042 0.686520
vt 0.441521 0.018456
vt 0.445564 0.019447
vt 0.439145 0.058584
vt 0.482796 0.536345
vt 0.503217 0.588562
vt 0.435065 0.059020
vt 0.371420 0.468403
vt 0.369411 0.459699
vt 0.377566 0.465403
vt 0.378064 0.478349
vt 0.360577 0.475492
vt 0.357001 0.467306
vt 0.369459 0.485204
vt 0.086993 0.356311
vt 0.078826 0.387751
vt 0.065592 0.374708
vt 0.571492 0.078069
vt 0.571058 0.055812
vt 0.577976 0.076198
vt 0.066736 0.338623
vt 0.557374 0.062211
vt 0.100697 0.366635
vt 0.561602 0.083633
vt 0.619970 0.811215
vt 0.580775 0.811983
vt 0.580510 0.806830
vt 0.511800 0.899151
vt 0.494020 0.941739
vt 0.506668 0.897638
vt 0.620005 0.816402
vt 0.499154 0.943725
vt 0.620797 0.805811
vt 0.516912 0.901243
vt 0.248966 0.290040
vt 0.258677 0.319930
vt 0.238680 0.293770
vt 0.380349 0.090778
vt 0.396425 0.127810
vt 0.380349 0.128324
vt 0.260549 0.284714
vt 0.361319 0.129353
vt 0.361833 0.092321
vt 0.396293 0.090721
vt 0.950654 0.933285
vt 0.970517 0.917935
vt 0.966951 0.941342
vt 0.310123 0.658733
vt 0.304975 0.633902
vt 0.318159 0.632715
vt 0.933022 0.984268
vt 0.128141 0.434764
vt 0.124458 0.402000
vt 0.146029 0.396622
vt 0.323504 0.656750
vt 0.309618 0.670891
vt 0.156330 0.237872
vt 0.165543 0.243612
vt 0.154991 0.248379
vt 0.020435 0.743862
vt 0.028102 0.740858
vt 0.033133 0.751377
vt 0.809693 0.733679
vt 0.822549 0.726380
vt 0.820855 0.736302
vt 0.767423 0.579960
vt 0.768142 0.565788
vt 0.777395 0.575931
vt 0.021629 0.733240
vt 0.777948 0.586869
vt 0.118324 0.781506
vt 0.113460 0.804775
vt 0.141674 0.785221
vt 0.134637 0.802183
vt 0.749843 0.090296
vt 0.747509 0.082839
vt 0.761029 0.079679
vt 0.767179 0.088091
vt 0.758852 0.096483
vt 0.750329 0.101542
vt 0.469321 0.280492
vt 0.471025 0.291508
vt 0.463545 0.291203
vt 0.804523 0.792318
vt 0.810648 0.789024
vt 0.813517 0.798409
vt 0.462711 0.280287
vt 0.475366 0.272477
vt 0.479769 0.279962
vt 0.806872 0.802684
vt 0.307490 0.698636
vt 0.314513 0.692300
vt 0.313551 0.698107
vt 0.121322 0.343504
vt 0.119854 0.332761
vt 0.137714 0.338906
vt 0.113313 0.357336
vt 0.097661 0.349287
vt 0.095071 0.337159
vt 0.371237 0.663791
vt 0.396749 0.625218
vt 0.381915 0.626577
vt 0.704206 0.524511
vt 0.686149 0.545491
vt 0.683601 0.524842
vt 0.736189 0.523707
vt 0.709731 0.545690
vt 0.908079 0.040800
vt 0.934042 0.053197
vt 0.903470 0.058688
vt 0.934786 0.035865
vt 0.861592 0.037718
vt 0.291458 0.860009
vt 0.304511 0.859044
vt 0.299640 0.870489
vt 0.782251 0.179992
vt 0.770965 0.197980
vt 0.302391 0.850352
vt 0.763097 0.192052
vt 0.285969 0.852380
vt 0.275790 0.876183
vt 0.595164 0.414859
vt 0.631323 0.404024
vt 0.599526 0.421338
vt 0.586761 0.406741
vt 0.623384 0.398917
vt 0.094975 0.890009
vt 0.092687 0.882490
vt 0.139628 0.883662
vt 0.141452 0.891127
vt 0.099168 0.900855
vt 0.054501 0.447805
vt 0.044158 0.452038
vt 0.049031 0.441957
vt 0.054252 0.457240
vt 0.047284 0.458273
vt 0.060395 0.434521
vt 0.066401 0.452285
vt 0.063711 0.440815
vt 0.525556 0.471268
vt 0.523539 0.443027
vt 0.541026 0.455249
vt 0.832878 0.272943
vt 0.833049 0.258839
vt 0.850128 0.270661
vt 0.507803 0.481888
vt 0.507593 0.454991
vt 0.848757 0.282387
vt 0.830690 0.285529
vt 0.481457 0.539322
vt 0.453588 0.540648
vt 0.500175 0.591770
vt 0.479489 0.544014
vt 0.449362 0.541744
vt 0.278254 0.018622
vt 0.233644 0.019004
vt 0.233644 0.014753
vt 0.891938 0.478260
vt 0.891938 0.453851
vt 0.920555 0.477934
vt 0.099967 0.587980
vt 0.115111 0.599952
vt 0.108142 0.615847
vt 0.086349 0.560414
vt 0.104849 0.574063
vt 0.919684 0.503322
vt 0.865825 0.454431
vt 0.450427 0.925586
vt 0.435391 0.968873
vt 0.413348 0.962532
vt 0.462802 0.877539
vt 0.477999 0.884812
vt 0.465509 0.931297
vt 0.431195 0.918092
vt 0.445198 0.509586
vt 0.442889 0.488385
vt 0.452169 0.493929
vt 0.436486 0.518984
vt 0.436143 0.499847
vt 0.457880 0.518662
vt 0.449790 0.531010
vt 0.878817 0.952944
vt 0.893658 0.964957
vt 0.889480 0.973702
vt 0.855305 0.939319
vt 0.883783 0.941631
vt 0.634535 0.170078
vt 0.633071 0.167887
vt 0.638973 0.150002
vt 0.641844 0.150908
vt 0.872912 0.959148
vt 0.730037 0.143585
vt 0.737593 0.147602
vt 0.727726 0.154825
vt 0.720598 0.130845
vt 0.731724 0.135373
vt 0.739279 0.139390
vt 0.717908 0.151156
vt 0.718853 0.138418
vt 0.606501 0.952049
vt 0.596537 0.921271
vt 0.612670 0.919185
vt 0.619395 0.977971
vt 0.609169 0.980815
vt 0.619475 0.952657
vt 0.597468 0.954704
vt 0.835981 0.851917
vt 0.830585 0.849524
vt 0.839244 0.830944
vt 0.835739 0.037134
vt 0.810652 0.069060
vt 0.832051 0.034175
vt 0.816068 0.073055
vt 0.844726 0.833133
vt 0.840851 0.040754
vt 0.842430 0.855993
vt 0.109636 0.485379
vt 0.105669 0.486078
vt 0.109029 0.461486
vt 0.113227 0.463042
vt 0.605588 0.325883
vt 0.607019 0.340771
vt 0.604120 0.342169
vt 0.115209 0.485297
vt 0.609242 0.326477
vt 0.603085 0.325709
vt 0.527251 0.784206
vt 0.479143 0.773033
vt 0.530822 0.774905
vt 0.478514 0.782219
vt 0.444630 0.578851
vt 0.449822 0.577323
vt 0.454540 0.610202
vt 0.441046 0.582548
vt 0.477382 0.790770
vt 0.530460 0.793019
vt 0.157032 0.410682
vt 0.159342 0.396720
vt 0.175307 0.409606
vt 0.150191 0.398200
vt 0.440722 0.825650
vt 0.430417 0.803511
vt 0.448458 0.807511
vt 0.173375 0.418808
vt 0.160586 0.428211
vt 0.410821 0.826608
vt 0.139525 0.426760
vt 0.569175 0.712715
vt 0.561744 0.708334
vt 0.571223 0.692534
vt 0.570144 0.730336
vt 0.562426 0.727899
vt 0.575818 0.711093
vt 0.576615 0.728905
vt 0.630562 0.742422
vt 0.673922 0.737519
vt 0.674433 0.743880
vt 0.630950 0.748452
vt 0.391878 0.393586
vt 0.385676 0.393622
vt 0.393337 0.342748
vt 0.399564 0.342390
vt 0.629797 0.735444
vt 0.399374 0.394150
vt 0.213657 0.231297
vt 0.211509 0.219117
vt 0.245544 0.226156
vt 0.423210 0.236293
vt 0.428832 0.232506
vt 0.429890 0.251909
vt 0.423948 0.255775
vt 0.417901 0.237229
vt 0.221540 0.245537
vt 0.892951 0.263769
vt 0.869160 0.265870
vt 0.869861 0.252598
vt 0.891450 0.278293
vt 0.890439 0.247606
vt 0.913529 0.288685
vt 0.911753 0.260764
vt 0.622023 0.520679
vt 0.632061 0.531172
vt 0.626306 0.529943
vt 0.933526 0.677726
vt 0.933336 0.680592
vt 0.891381 0.669883
vt 0.992180 0.598433
vt 0.988926 0.564204
vt 0.995676 0.564412
vt 0.998354 0.598665
vt 0.991286 0.632959
vt 0.973851 0.669405
vt 0.967508 0.316038
vt 0.963842 0.272865
vt 0.968643 0.272445
vt 0.124589 0.459206
vt 0.120381 0.459383
vt 0.123011 0.437272
vt 0.129613 0.459128
vt 0.124005 0.483768
vt 0.129012 0.437414
vt 0.119608 0.484616
vt 0.252263 0.824345
vt 0.239393 0.814995
vt 0.252749 0.815075
vt 0.766270 0.806090
vt 0.747036 0.794985
vt 0.761591 0.774261
vt 0.033551 0.401127
vt 0.046837 0.389459
vt 0.041289 0.409315
vt 0.245420 0.825474
vt 0.778785 0.785315
vt 0.784971 0.814826
vt 0.579543 0.863215
vt 0.622476 0.862846
vt 0.626953 0.884673
vt 0.580169 0.884494
vt 0.545646 0.877979
vt 0.544793 0.859320
vt 0.578556 0.845924
vt 0.500443 0.634788
vt 0.513773 0.647387
vt 0.509390 0.652875
vt 0.486804 0.619919
vt 0.489871 0.615617
vt 0.496239 0.649577
vt 0.506197 0.629248
vt 0.768342 0.437532
vt 0.763699 0.418251
vt 0.771136 0.432916
vt 0.793556 0.460945
vt 0.764502 0.442487
vt 0.796797 0.457266
vt 0.798466 0.452088
vt 0.891559 0.890577
vt 0.918363 0.919514
vt 0.904987 0.926247
vt 0.759864 0.427785
vt 0.892337 0.932311
vt 0.817004 0.531675
vt 0.817252 0.498949
vt 0.832943 0.505755
vt 0.800527 0.547524
vt 0.802106 0.526424
vt 0.830912 0.537831
vt 0.815337 0.555621
vt 0.186930 0.065634
vt 0.172181 0.081343
vt 0.172576 0.052336
vt 0.185977 0.044423
vt 0.200882 0.055323
vt 0.188616 0.087361
vt 0.203956 0.076634
vt 0.278591 0.535937
vt 0.302286 0.529581
vt 0.300842 0.545843
vt 0.280165 0.554531
vt 0.251051 0.525869
vt 0.279671 0.521024
vt 0.247663 0.547573
vt 0.065418 0.168178
vt 0.051471 0.175056
vt 0.061351 0.148965
vt 0.081898 0.162088
vt 0.087014 0.173260
vt 0.499591 0.673745
vt 0.523261 0.686555
vt 0.502653 0.685964
vt 0.069098 0.179042
vt 0.059845 0.193584
vt 0.743864 0.611779
vt 0.748396 0.624741
vt 0.727892 0.630157
vt 0.756320 0.585138
vt 0.762788 0.606605
vt 0.722347 0.617215
vt 0.734865 0.590476
vt 0.934201 0.098668
vt 0.926960 0.101478
vt 0.930769 0.093733
vt 0.439555 0.248171
vt 0.433105 0.234201
vt 0.445810 0.238571
vt 0.934624 0.092371
vt 0.453512 0.251892
vt 0.447412 0.267213
vt 0.932851 0.106939
vt 0.139008 0.871066
vt 0.138379 0.877472
vt 0.091271 0.877278
vt 0.345630 0.326681
vt 0.377541 0.342136
vt 0.374070 0.344591
vt 0.593449 0.002139
vt 0.638449 0.002139
vt 0.594501 0.007646
vt 0.136215 0.868046
vt 0.153530 0.831887
vt 0.089439 0.873262
vt 0.898462 0.846853
vt 0.893229 0.811805
vt 0.904348 0.813470
vt 0.156921 0.198546
vt 0.155069 0.190125
vt 0.162953 0.188327
vt 0.166026 0.197943
vt 0.156021 0.217894
vt 0.886326 0.823010
vt 0.882506 0.846188
vt 0.053043 0.282642
vt 0.071765 0.265732
vt 0.059728 0.287745
vt 0.065205 0.252157
vt 0.198897 0.384993
vt 0.202478 0.379844
vt 0.226114 0.400404
vt 0.182362 0.381529
vt 0.179520 0.371352
vt 0.222366 0.406337
vt 0.195475 0.393833
vt 0.930511 0.197715
vt 0.969216 0.164091
vt 0.930460 0.171874
vt 0.503071 0.498472
vt 0.513434 0.521262
vt 0.504856 0.525402
vt 0.938781 0.994838
vt 0.927095 0.984476
vt 0.940262 0.993086
vt 0.938265 0.997979
vt 0.925274 0.988311
vt 0.080482 0.493148
vt 0.062863 0.494642
vt 0.077684 0.486222
vt 0.083836 0.502285
vt 0.064619 0.499490
vt 0.933265 0.375078
vt 0.944240 0.369006
vt 0.953976 0.390289
vt 0.318544 0.263066
vt 0.352936 0.289489
vt 0.320596 0.299633
vt 0.906138 0.345598
vt 0.919202 0.335552
vt 0.919442 0.386889
vt 0.349371 0.254933
vt 0.950859 0.174305
vt 0.952427 0.134918
vt 0.961169 0.171366
vt 0.261012 0.148573
vt 0.237192 0.124883
vt 0.262735 0.136836
vt 0.939191 0.138752
vt 0.259621 0.156705
vt 0.234916 0.135395
vt 0.939026 0.179546
vt 0.216629 0.335276
vt 0.210583 0.338163
vt 0.205959 0.306786
vt 0.231472 0.366618
vt 0.224264 0.368772
vt 0.212257 0.305057
vt 0.222474 0.333867
vt 0.897654 0.985329
vt 0.901726 0.976868
vt 0.423156 0.838752
vt 0.418679 0.844981
vt 0.414597 0.836910
vt 0.181098 0.661793
vt 0.172627 0.643149
vt 0.192018 0.644542
vt 0.199343 0.659811
vt 0.886299 0.987678
vt 0.074898 0.725667
vt 0.083445 0.740243
vt 0.056309 0.720661
vt 0.039047 0.968918
vt 0.052091 0.955965
vt 0.046000 0.973263
vt 0.756548 0.135923
vt 0.750814 0.127015
vt 0.761559 0.127513
vt 0.745395 0.136229
vt 0.037414 0.980741
vt 0.774690 0.136751
vt 0.044613 0.949872
vt 0.820416 0.828555
vt 0.818389 0.812431
vt 0.826221 0.813586
vt 0.827997 0.824586
vt 0.818561 0.847725
vt 0.810050 0.852439
vt 0.814678 0.827056
vt 0.188741 0.623440
vt 0.197654 0.633959
vt 0.184494 0.630395
vt 0.189290 0.610284
vt 0.196442 0.620720
vt 0.178212 0.622829
vt 0.463131 0.597466
vt 0.460024 0.604623
vt 0.455770 0.573189
vt 0.464394 0.567953
vt 0.473558 0.596491
vt 0.113205 0.519339
vt 0.118112 0.513523
vt 0.133795 0.544122
vt 0.483708 0.601664
vt 0.429703 0.730345
vt 0.436513 0.748561
vt 0.413619 0.741061
vt 0.401093 0.714847
vt 0.413139 0.701232
vt 0.437547 0.716716
vt 0.448272 0.735935
vt 0.364822 0.559127
vt 0.367395 0.546119
vt 0.369946 0.557719
vt 0.371321 0.581894
vt 0.359175 0.563223
vt 0.016588 0.860085
vt 0.016588 0.904593
vt 0.002981 0.898883
vt 0.376133 0.580409
vt 0.349814 0.547640
vt 0.420604 0.346439
vt 0.431400 0.362739
vt 0.414672 0.398512
vt 0.407196 0.395709
vt 0.070177 0.093226
vt 0.045817 0.066601
vt 0.068358 0.071039
vt 0.410337 0.345069
vt 0.432487 0.324714
vt 0.449300 0.339278
vt 0.278679 0.206423
vt 0.284198 0.218382
vt 0.265814 0.221377
vt 0.291328 0.205094
vt 0.260560 0.207922
vt 0.273143 0.193120
vt 0.289335 0.192680
vt 0.037399 0.946296
vt 0.047719 0.919535
vt 0.055609 0.921979
vt 0.779299 0.129978
vt 0.782886 0.120296
vt 0.807558 0.129942
vt 0.766078 0.120857
vt 0.631576 0.456849
vt 0.621977 0.483426
vt 0.620033 0.433626
vt 0.639213 0.500364
vt 0.632042 0.501332
vt 0.644163 0.458495
vt 0.904147 0.026703
vt 0.937716 0.025143
vt 0.936431 0.030935
vt 0.657320 0.438691
vt 0.322845 0.682955
vt 0.323446 0.677494
vt 0.338751 0.678432
vt 0.342376 0.686107
vt 0.309979 0.689245
vt 0.310918 0.684152
vt 0.322702 0.688577
vt 0.844816 0.710186
vt 0.835759 0.728271
vt 0.829384 0.716691
vt 0.854979 0.687841
vt 0.861415 0.707935
vt 0.851246 0.721636
vt 0.154201 0.270977
vt 0.168797 0.277072
vt 0.157915 0.287145
vt 0.157951 0.258751
vt 0.794895 0.991313
vt 0.813728 0.964185
vt 0.821689 0.967502
vt 0.960608 0.541853
vt 0.963453 0.546191
vt 0.916117 0.544469
vt 0.958179 0.538904
vt 0.976229 0.504948
vt 0.977711 0.533602
vt 0.914179 0.541431
vt 0.325696 0.810395
vt 0.314181 0.800679
vt 0.328595 0.801086
vt 0.311269 0.811469
vt 0.334260 0.819487
vt 0.323410 0.820276
vt 0.448812 0.166438
vt 0.466529 0.166960
vt 0.453417 0.185312
vt 0.337864 0.812629
vt 0.423928 0.203079
vt 0.395646 0.221205
vt 0.394704 0.200719
vt 0.422898 0.175768
vt 0.148419 0.458614
vt 0.135606 0.459033
vt 0.135128 0.438302
vt 0.145835 0.481860
vt 0.168486 0.480900
vt 0.168163 0.457880
vt 0.979312 0.911872
vt 0.976023 0.912971
vt 0.976305 0.901139
vt 0.667756 0.913751
vt 0.650868 0.939811
vt 0.641401 0.937766
vt 0.996011 0.898327
vt 0.985902 0.909766
vt 0.986954 0.932182
vt 0.982774 0.935139
vt 0.847730 0.868929
vt 0.874205 0.886578
vt 0.846277 0.886858
vt 0.647155 0.141370
vt 0.677593 0.133263
vt 0.669575 0.151105
vt 0.824539 0.865650
vt 0.875606 0.868245
vt 0.639237 0.162201
vt 0.654162 0.124355
vt 0.915407 0.089916
vt 0.922136 0.086377
vt 0.921881 0.092165
vt 0.820994 0.332861
vt 0.834022 0.330688
vt 0.824567 0.336736
vt 0.915116 0.094283
vt 0.814751 0.336539
vt 0.905398 0.091606
vt 0.415072 0.448114
vt 0.429223 0.437210
vt 0.431864 0.453812
vt 0.398138 0.459698
vt 0.399896 0.443578
vt 0.415360 0.431957
vt 0.415931 0.464782
vt 0.746671 0.448634
vt 0.747698 0.454032
vt 0.700290 0.444305
vt 0.656996 0.437065
vt 0.627230 0.059099
vt 0.355334 0.016099
vt 0.360178 0.009431
vt 0.383414 0.029708
vt 0.543481 0.824935
vt 0.544993 0.820151
vt 0.579427 0.820572
vt 0.578018 0.827097
vt 0.768495 0.030674
vt 0.740766 0.021664
vt 0.771733 0.025453
vt 0.542686 0.831539
vt 0.244748 0.986574
vt 0.264166 0.937851
vt 0.266915 0.945631
vt 0.922113 0.592493
vt 0.913104 0.590835
vt 0.915620 0.556848
vt 0.336916 0.170989
vt 0.306435 0.151826
vt 0.340627 0.154047
vt 0.910098 0.612471
vt 0.938116 0.596927
vt 0.922555 0.613160
vt 0.927732 0.556007
vt 0.298611 0.167743
vt 0.674173 0.355343
vt 0.675943 0.367652
vt 0.650454 0.364831
vt 0.983051 0.838463
vt 0.983051 0.791674
vt 0.997869 0.833074
vt 0.651534 0.338582
vt 0.673976 0.338679
vt 0.648645 0.353638
vt 0.016315 0.484596
vt 0.011885 0.443763
vt 0.025297 0.441398
vt 0.704954 0.355414
vt 0.038129 0.706695
vt 0.031532 0.716009
vt 0.027479 0.705091
vt 0.030131 0.691930
vt 0.045027 0.694742
vt 0.047299 0.711848
vt 0.053994 0.700240
vt 0.653940 0.653025
vt 0.652293 0.677198
vt 0.642769 0.656018
vt 0.655584 0.632671
vt 0.670112 0.653485
vt 0.666261 0.676707
vt 0.885496 0.723825
vt 0.889215 0.684672
vt 0.892516 0.724083
vt 0.838573 0.106485
vt 0.822985 0.076924
vt 0.829401 0.077025
vt 0.883583 0.683935
vt 0.876945 0.743894
vt 0.877981 0.722774
vt 0.859701 0.743499
vt 0.393419 0.883773
vt 0.408984 0.881567
vt 0.397346 0.889995
vt 0.373844 0.896021
vt 0.372508 0.890673
vt 0.391634 0.876709
vt 0.403675 0.876629
vt 0.587599 0.200739
vt 0.555776 0.164205
vt 0.589943 0.185128
vt 0.614451 0.190406
vt 0.465556 0.752296
vt 0.482673 0.766123
vt 0.615511 0.203157
vt 0.591383 0.219036
vt 0.554489 0.247040
vt 0.915399 0.551023
vt 0.961862 0.550450
vt 0.960313 0.555455
vt 0.913562 0.554870
vt 0.721959 0.763062
vt 0.916165 0.547471
vt 0.055817 0.785214
vt 0.484634 0.165971
vt 0.487612 0.185142
vt 0.468973 0.183268
vt 0.081880 0.791204
vt 0.202153 0.126975
vt 0.191938 0.145634
vt 0.180865 0.133209
vt 0.225747 0.131782
vt 0.213056 0.146329
vt 0.697640 0.287370
vt 0.704179 0.263544
vt 0.715255 0.285203
vt 0.693852 0.297647
vt 0.672792 0.305852
vt 0.400876 0.316284
vt 0.392874 0.316974
vt 0.391573 0.286307
vt 0.400392 0.286550
vt 0.409575 0.316217
vt 0.524263 0.318275
vt 0.508011 0.403104
vt 0.496360 0.398966
vt 0.509231 0.397950
vt 0.516989 0.407335
vt 0.508291 0.414693
vt 0.501915 0.410560
vt 0.522464 0.396720
vt 0.932260 0.240773
vt 0.917310 0.207759
vt 0.939795 0.261056
vt 0.624401 0.721652
vt 0.599619 0.691695
vt 0.629997 0.696277
vt 0.596510 0.719282
vt 0.918174 0.247661
vt 0.676696 0.863946
vt 0.666718 0.845526
vt 0.687931 0.852233
vt 0.699022 0.872109
vt 0.646593 0.872540
vt 0.683482 0.883831
vt 0.656669 0.885885
vt 0.154243 0.848827
vt 0.154551 0.843301
vt 0.196414 0.851988
vt 0.201143 0.858259
vt 0.156871 0.856429
vt 0.392254 0.777792
vt 0.394799 0.781303
vt 0.344901 0.791543
vt 0.347845 0.785307
vt 0.391207 0.772852
vt 0.586636 0.655438
vt 0.567937 0.647348
vt 0.599817 0.631644
vt 0.675819 0.987496
vt 0.671431 0.974131
vt 0.686177 0.972990
vt 0.561755 0.680058
vt 0.658602 0.972196
vt 0.604936 0.650325
vt 0.598150 0.684320
vt 0.317503 0.528809
vt 0.320204 0.543069
vt 0.294859 0.514042
vt 0.912927 0.717438
vt 0.951645 0.712244
vt 0.919195 0.725624
vt 0.723609 0.197788
vt 0.710632 0.219125
vt 0.713637 0.192999
vt 0.944928 0.703968
vt 0.554726 0.340371
vt 0.549269 0.339752
vt 0.553774 0.320400
vt 0.559667 0.320548
vt 0.903312 0.706965
vt 0.700071 0.656145
vt 0.685221 0.636188
vt 0.702963 0.640033
vt 0.696903 0.682216
vt 0.682794 0.654742
vt 0.720752 0.659353
vt 0.719112 0.684218
vt 0.164698 0.593426
vt 0.128848 0.579607
vt 0.129329 0.575793
vt 0.164610 0.597907
vt 0.666633 0.502971
vt 0.666927 0.461006
vt 0.671538 0.461209
vt 0.661725 0.501970
vt 0.165069 0.589161
vt 0.671658 0.503923
vt 0.187692 0.355971
vt 0.177982 0.359978
vt 0.187435 0.345456
vt 0.196772 0.344847
vt 0.177823 0.371778
vt 0.929850 0.960967
vt 0.744712 0.939546
vt 0.746925 0.966186
vt 0.732481 0.941703
vt 0.516891 0.355998
vt 0.512643 0.337107
vt 0.518512 0.337232
vt 0.759749 0.962508
vt 0.521980 0.355996
vt 0.755471 0.936724
vt 0.511047 0.355351
vt 0.361495 0.023319
vt 0.314210 0.023215
vt 0.313271 0.015811
vt 0.971759 0.339065
vt 0.986112 0.379096
vt 0.981707 0.379878
vt 0.999810 0.310810
vt 0.976353 0.338829
vt 0.963870 0.320291
vt 0.266154 0.797875
vt 0.267955 0.781811
vt 0.294693 0.800908
vt 0.292881 0.812253
vt 0.263854 0.810489
vt 0.004417 0.901382
vt 0.014663 0.905112
vt 0.006249 0.943041
vt 0.178987 0.175399
vt 0.164339 0.167499
vt 0.200959 0.182659
vt 0.298003 0.180238
vt 0.286249 0.164190
vt 0.301010 0.169951
vt 0.286444 0.180679
vt 0.303040 0.189822
vt 0.309306 0.183104
vt 0.159449 0.386649
vt 0.171277 0.395325
vt 0.443258 0.391833
vt 0.451442 0.373938
vt 0.475460 0.380366
vt 0.587284 0.710903
vt 0.580398 0.692629
vt 0.586878 0.686974
vt 0.585842 0.727948
vt 0.047574 0.499582
vt 0.061861 0.486626
vt 0.032436 0.495415
vt 0.047057 0.491420
vt 0.051328 0.508635
vt 0.035456 0.503212
vt 0.698597 0.398574
vt 0.655607 0.371476
vt 0.700791 0.378965
vt 0.702948 0.417263
vt 0.659850 0.405171
vt 0.747011 0.397776
vt 0.801721 0.029196
vt 0.785069 0.035019
vt 0.790534 0.020786
vt 0.540568 0.965322
vt 0.528147 0.991959
vt 0.526947 0.955204
vt 0.805207 0.015879
vt 0.699402 0.052203
vt 0.675804 0.044433
vt 0.681231 0.014822
vt 0.201500 0.308378
vt 0.204965 0.339706
vt 0.198777 0.285733
vt 0.983639 0.425468
vt 0.978360 0.424346
vt 0.985268 0.407333
vt 0.193962 0.286328
vt 0.975286 0.449521
vt 0.114647 0.097608
vt 0.099282 0.154221
vt 0.104992 0.101185
vt 0.122518 0.097162
vt 0.110473 0.148816
vt 0.112240 0.072896
vt 0.028072 0.165438
vt 0.053022 0.202511
vt 0.049891 0.207781
vt 0.071129 0.071983
vt 0.055678 0.194026
vt 0.734372 0.124028
vt 0.743462 0.122913
vt 0.742549 0.127183
vt 0.367478 0.955260
vt 0.368964 0.962050
vt 0.365680 0.950277
vt 0.377526 0.950778
vt 0.733179 0.129480
vt 0.163195 0.702390
vt 0.137213 0.710481
vt 0.143768 0.696159
vt 0.182766 0.715845
vt 0.187946 0.695063
vt 0.165753 0.682608
vt 0.291770 0.067005
vt 0.248576 0.043298
vt 0.296199 0.064388
vt 0.290239 0.109853
vt 0.798505 0.056740
vt 0.824768 0.028055
vt 0.800025 0.062116
vt 0.817404 0.028339
vt 0.394711 0.012747
vt 0.389632 0.032607
vt 0.383822 0.031312
vt 0.766295 0.051567
vt 0.076361 0.117894
vt 0.083004 0.143413
vt 0.096872 0.095876
vt 0.089475 0.114352
vt 0.057239 0.115507
vt 0.065120 0.096136
vt 0.805892 0.043467
vt 0.805892 0.027473
vt 0.813971 0.027504
vt 0.029558 0.543947
vt 0.078550 0.538253
vt 0.084198 0.550080
vt 0.629413 0.810169
vt 0.677470 0.803416
vt 0.677408 0.821983
vt 0.626903 0.828739
vt 0.631180 0.794491
vt 0.869967 0.553479
vt 0.874797 0.535927
vt 0.910878 0.553806
vt 0.032400 0.554923
vt 0.468604 0.213956
vt 0.465489 0.224494
vt 0.452597 0.222891
vt 0.454578 0.213523
vt 0.486339 0.203366
vt 0.485493 0.218442
vt 0.471991 0.201697
vt 0.335012 0.218568
vt 0.342508 0.204546
vt 0.341558 0.221131
vt 0.328246 0.217419
vt 0.334521 0.204831
vt 0.328629 0.225829
vt 0.333225 0.228533
vt 0.887987 0.777603
vt 0.898142 0.760444
vt 0.313280 0.979363
vt 0.327152 0.966714
vt 0.635043 0.555589
vt 0.630676 0.566214
vt 0.619977 0.563655
vt 0.631660 0.553294
vt 0.637891 0.531360
vt 0.840737 0.343550
vt 0.863033 0.347251
vt 0.842534 0.352821
vt 0.838666 0.335496
vt 0.861214 0.335069
vt 0.826838 0.341510
vt 0.830228 0.347984
vt 0.600002 0.324679
vt 0.600838 0.341519
vt 0.100813 0.485510
vt 0.100515 0.461522
vt 0.105058 0.461639
vt 0.095304 0.485730
vt 0.596393 0.324335
vt 0.347112 0.771814
vt 0.302607 0.755065
vt 0.346866 0.763672
vt 0.302793 0.763217
vt 0.389458 0.767099
vt 0.347696 0.779905
vt 0.389596 0.759284
vt 0.397454 0.114674
vt 0.411048 0.126487
vt 0.397454 0.131682
vt 0.414456 0.102673
vt 0.262002 0.865352
vt 0.400074 0.083829
vt 0.457468 0.287103
vt 0.869404 0.609580
vt 0.860570 0.596243
vt 0.873404 0.588821
vt 0.806417 0.779595
vt 0.814015 0.785156
vt 0.877081 0.612164
vt 0.868235 0.625986
vt 0.718111 0.496300
vt 0.716869 0.501906
vt 0.667911 0.512498
vt 0.721352 0.490673
vt 0.756272 0.542521
vt 0.691887 0.488418
vt 0.309037 0.621519
vt 0.288396 0.637326
vt 0.285269 0.630723
vt 0.799019 0.948913
vt 0.808202 0.959827
vt 0.792418 0.953375
vt 0.980250 0.695420
vt 0.955058 0.722851
vt 0.975489 0.689875
vt 0.790298 0.925921
vt 0.963960 0.723519
vt 0.527417 0.415151
vt 0.520549 0.424748
vt 0.548204 0.412207
vt 0.541936 0.424071
vt 0.534057 0.402380
vt 0.534519 0.435099
vt 0.953525 0.128810
vt 0.971622 0.120371
vt 0.971136 0.166319
vt 0.910605 0.872903
vt 0.925384 0.877828
vt 0.893385 0.890582
vt 0.956218 0.084660
vt 0.314669 0.990135
vt 0.352468 0.976890
vt 0.360007 0.997048
vt 0.455893 0.439815
vt 0.451792 0.418435
vt 0.115788 0.663841
vt 0.110602 0.662322
vt 0.117623 0.655578
vt 0.121565 0.658269
vt 0.119704 0.666592
vt 0.038108 0.465433
vt 0.043115 0.475804
vt 0.027195 0.477909
vt 0.022377 0.470657
vt 0.294041 0.475846
vt 0.249596 0.463937
vt 0.298833 0.456733
vt 0.270437 0.491264
vt 0.241096 0.481507
vt 0.233270 0.860755
vt 0.226672 0.854719
vt 0.203331 0.862265
vt 0.233261 0.866454
vt 0.238849 0.854808
vt 0.627316 0.779767
vt 0.602824 0.769856
vt 0.630794 0.770326
vt 0.542267 0.906548
vt 0.523036 0.951754
vt 0.535637 0.905353
vt 0.588718 0.780896
vt 0.624819 0.786773
vt 0.551583 0.907763
vt 0.530726 0.948278
vt 0.316356 0.563464
vt 0.301147 0.564386
vt 0.314648 0.550776
vt 0.419156 0.486311
vt 0.423779 0.476066
vt 0.424330 0.492344
vt 0.415555 0.501685
vt 0.408636 0.491630
vt 0.406576 0.482805
vt 0.908685 0.952314
vt 0.900935 0.958171
vt 0.768248 0.414874
vt 0.969171 0.681937
vt 0.147470 0.087159
vt 0.160499 0.045340
vt 0.972250 0.423362
vt 0.969962 0.448574
vt 0.961152 0.446873
vt 0.963731 0.421269
vt 0.973543 0.404928
vt 0.978657 0.407133
vt 0.414571 0.877258
vt 0.417185 0.883752
vt 0.403261 0.894371
vt 0.592747 0.528408
vt 0.579942 0.537998
vt 0.577513 0.506725
vt 0.181265 0.520030
vt 0.149509 0.501298
vt 0.188355 0.506302
vt 0.592138 0.497162
vt 0.143919 0.517987
vt 0.170972 0.535824
vt 0.610772 0.522849
vt 0.838748 0.959577
vt 0.864420 0.989748
vt 0.829458 0.968535
vt 0.979099 0.586539
vt 0.834811 0.926508
vt 0.841991 0.943584
vt 0.870809 0.986004
vt 0.251205 0.765037
vt 0.222642 0.764856
vt 0.240628 0.755174
vt 0.260279 0.756303
vt 0.011164 0.782366
vt 0.030880 0.787190
vt 0.004931 0.798725
vt 0.242950 0.774567
vt 0.523730 0.206657
vt 0.509529 0.194198
vt 0.509225 0.218568
vt 0.166554 0.131328
vt 0.149600 0.167122
vt 0.157496 0.129152
vt 0.156617 0.115090
vt 0.716985 0.245178
vt 0.732590 0.259980
vt 0.722668 0.264354
vt 0.177301 0.116050
vt 0.412929 0.256932
vt 0.418643 0.285325
vt 0.411325 0.285405
vt 0.406258 0.257793
vt 0.417813 0.257063
vt 0.407691 0.238292
vt 0.413537 0.238397
vt 0.899827 0.882280
vt 0.901635 0.863271
vt 0.646215 0.219617
vt 0.663875 0.215385
vt 0.408226 0.006899
vt 0.413852 0.014643
vt 0.395834 0.026858
vt 0.644698 0.251672
vt 0.879300 0.899340
vt 0.632352 0.223720
vt 0.387235 0.440837
vt 0.375865 0.437957
vt 0.387719 0.427371
vt 0.376049 0.455996
vt 0.374778 0.446553
vt 0.384493 0.455512
vt 0.401679 0.430325
vt 0.226054 0.833170
vt 0.225760 0.841596
vt 0.198462 0.831523
vt 0.200023 0.823270
vt 0.228893 0.823226
vt 0.243583 0.841855
vt 0.241680 0.833348
vt 0.305514 0.130381
vt 0.305000 0.091807
vt 0.338688 0.090264
vt 0.552575 0.636874
vt 0.541101 0.640309
vt 0.533207 0.618358
vt 0.340231 0.129358
vt 0.545808 0.615802
vt 0.573407 0.633374
vt 0.392889 0.858517
vt 0.377643 0.862616
vt 0.385487 0.844856
vt 0.404426 0.864639
vt 0.385933 0.870644
vt 0.400140 0.848305
vt 0.402121 0.856786
vt 0.064777 0.711874
vt 0.085397 0.713758
vt 0.076766 0.701847
vt 0.810106 0.121074
vt 0.825804 0.136415
vt 0.070081 0.886523
vt 0.587572 0.258355
vt 0.602584 0.252658
vt 0.608272 0.256324
vt 0.808235 0.822576
vt 0.789010 0.839351
vt 0.800681 0.813537
vt 0.812632 0.809527
vt 0.802400 0.849991
vt 0.794842 0.847484
vt 0.535006 0.682208
vt 0.537222 0.705214
vt 0.527498 0.684355
vt 0.543706 0.694257
vt 0.544621 0.670405
vt 0.054635 0.162434
vt 0.029097 0.145264
vt 0.034460 0.141744
vt 0.527324 0.672627
vt 0.338364 0.728376
vt 0.328409 0.717826
vt 0.336037 0.714853
vt 0.417176 0.587378
vt 0.421699 0.587554
vt 0.427688 0.618110
vt 0.526790 0.834767
vt 0.470946 0.836595
vt 0.479797 0.827192
vt 0.527876 0.827488
vt 0.527560 0.842991
vt 0.422496 0.619086
vt 0.412143 0.587556
vt 0.471252 0.144855
vt 0.492691 0.133672
vt 0.489094 0.151527
vt 0.467778 0.157412
vt 0.470784 0.714494
vt 0.483207 0.720772
vt 0.466755 0.729471
vt 0.457778 0.724487
vt 0.452735 0.703603
vt 0.476031 0.127337
vt 0.315579 0.856233
vt 0.816117 0.367478
vt 0.821341 0.359002
vt 0.814264 0.361097
vt 0.083692 0.560668
vt 0.083561 0.569442
vt 0.033061 0.563599
vt 0.503081 0.001670
vt 0.547369 0.001670
vt 0.547799 0.008604
vt 0.503671 0.007652
vt 0.460126 0.007652
vt 0.502035 0.001154
vt 0.107918 0.544364
vt 0.873160 0.822585
vt 0.878603 0.796366
vt 0.867677 0.781554
vt 0.865239 0.842422
vt 0.862693 0.815339
vt 0.846683 0.926033
vt 0.873967 0.920535
vt 0.873237 0.928025
vt 0.231845 0.394036
vt 0.260671 0.401147
vt 0.846724 0.918108
vt 0.206856 0.372671
vt 0.237240 0.386185
vt 0.651974 0.305584
vt 0.593118 0.301383
vt 0.651045 0.299833
vt 0.448364 0.058558
vt 0.455551 0.020826
vt 0.453943 0.059115
vt 0.450467 0.020360
vt 0.443479 0.058381
vt 0.653780 0.311992
vt 0.594426 0.307430
vt 0.474359 0.617750
vt 0.469211 0.610982
vt 0.424885 0.976098
vt 0.421047 0.979318
vt 0.420884 0.965888
vt 0.484668 0.636454
vt 0.425985 0.967817
vt 0.478946 0.641825
vt 0.468649 0.623688
vt 0.852061 0.178645
vt 0.835389 0.195411
vt 0.830580 0.179770
vt 0.887366 0.173772
vt 0.855668 0.201267
vt 0.841494 0.155883
vt 0.885037 0.147621
vt 0.580232 0.800503
vt 0.531437 0.797706
vt 0.544230 0.788269
vt 0.621753 0.800804
vt 0.545353 0.806793
vt 0.581592 0.793597
vt 0.396016 0.532347
vt 0.411400 0.522603
vt 0.408449 0.545170
vt 0.605696 0.610081
vt 0.596663 0.616116
vt 0.592658 0.601621
vt 0.384796 0.520468
vt 0.402789 0.511320
vt 0.635328 0.340955
vt 0.635316 0.355177
vt 0.626133 0.341690
vt 0.630574 0.324023
vt 0.646370 0.321594
vt 0.350112 0.936773
vt 0.327513 0.937631
vt 0.330120 0.931892
vt 0.352190 0.930169
vt 0.366532 0.930239
vt 0.364818 0.937518
vt 0.350643 0.942205
vt 0.090780 0.971953
vt 0.073466 0.965650
vt 0.088002 0.936636
vt 0.104494 0.943632
vt 0.118667 0.983602
vt 0.085803 0.990679
vt 0.070386 0.985945
vt 0.835480 0.816794
vt 0.832013 0.813718
vt 0.838593 0.808867
vt 0.840440 0.817380
vt 0.835936 0.828304
vt 0.829578 0.831627
vt 0.214762 0.587026
vt 0.204382 0.603776
vt 0.438665 0.650875
vt 0.435423 0.617137
vt 0.438451 0.616805
vt 0.128286 0.582632
vt 0.435274 0.651204
vt 0.442754 0.650418
vt 0.827998 0.924185
vt 0.832136 0.908282
vt 0.819569 0.923409
vt 0.823548 0.906790
vt 0.391059 0.765468
vt 0.413941 0.749877
vt 0.411706 0.763403
vt 0.544192 0.720970
vt 0.536217 0.727191
vt 0.529288 0.707955
vt 0.573145 0.371460
vt 0.562471 0.350405
vt 0.605046 0.354343
vt 0.612876 0.374003
vt 0.582095 0.391214
vt 0.520693 0.370153
vt 0.090781 0.936481
vt 0.141887 0.932857
vt 0.140898 0.949596
vt 0.094934 0.916094
vt 0.738519 0.738908
vt 0.746429 0.747361
vt 0.736593 0.759331
vt 0.747596 0.727279
vt 0.725586 0.750343
vt 0.728895 0.728227
vt 0.846713 0.237896
vt 0.850733 0.247148
vt 0.831779 0.243750
vt 0.867304 0.241919
vt 0.715167 0.075547
vt 0.676132 0.046652
vt 0.715294 0.064004
vt 0.720007 0.129585
vt 0.699762 0.085870
vt 0.754803 0.042626
vt 0.673281 0.052090
vt 0.088167 0.024587
vt 0.126381 0.015211
vt 0.130800 0.027352
vt 0.695953 0.938151
vt 0.679265 0.965106
vt 0.688134 0.932087
vt 0.685156 0.970487
vt 0.717947 0.920023
vt 0.707956 0.921733
vt 0.209155 0.785005
vt 0.203473 0.803344
vt 0.161723 0.780818
vt 0.537832 0.082812
vt 0.501167 0.065024
vt 0.534858 0.057698
vt 0.229051 0.802865
vt 0.166676 0.756855
vt 0.553899 0.096680
vt 0.475387 0.981231
vt 0.481203 0.983116
vt 0.104877 0.208226
vt 0.105670 0.202996
vt 0.469602 0.979493
vt 0.489085 0.939904
vt 0.049038 0.211886
vt 0.104765 0.214461
vt 0.923029 0.627450
vt 0.923878 0.639965
vt 0.912308 0.639756
vt 0.912050 0.625894
vt 0.937367 0.628679
vt 0.938375 0.614698
vt 0.373615 0.167105
vt 0.359266 0.152077
vt 0.374404 0.152131
vt 0.322537 0.671248
vt 0.310675 0.678324
vt 0.336069 0.669561
vt 0.523540 0.337534
vt 0.519244 0.317745
vt 0.383688 0.317012
vt 0.384510 0.285716
vt 0.116247 0.774318
vt 0.103288 0.760871
vt 0.115279 0.736462
vt 0.951312 0.415553
vt 0.964306 0.402450
vt 0.927069 0.418076
vt 0.945326 0.399154
vt 0.950112 0.435373
vt 0.026600 0.110351
vt 0.029149 0.122891
vt 0.023995 0.121829
vt 0.201686 0.917584
vt 0.184629 0.931308
vt 0.187706 0.912202
vt 0.199759 0.898911
vt 0.098720 0.175627
vt 0.094414 0.164782
vt 0.221231 0.942590
vt 0.198753 0.934945
vt 0.222964 0.922837
vt 0.431838 0.618030
vt 0.426155 0.587775
vt 0.661292 0.537694
vt 0.656725 0.524706
vt 0.661843 0.522419
vt 0.666005 0.544524
vt 0.660160 0.558344
vt 0.655580 0.538344
vt 0.811100 0.348143
vt 0.815480 0.345886
vt 0.818230 0.352787
vt 0.805518 0.350838
vt 0.805332 0.345285
vt 0.813610 0.354660
vt 0.811296 0.343213
vt 0.788330 0.372710
vt 0.785810 0.377252
vt 0.722322 0.370264
vt 0.726028 0.366443
vt 0.790703 0.363854
vt 0.818285 0.369271
vt 0.378292 0.319377
vt 0.389145 0.343704
vt 0.811950 0.432313
vt 0.431945 0.284688
vt 0.429489 0.316525
vt 0.424252 0.284313
vt 0.764016 0.822502
vt 0.765291 0.828746
vt 0.743028 0.815792
vt 0.773790 0.810672
vt 0.743883 0.811457
vt 0.015431 0.950229
vt 0.015431 0.978343
vt 0.008542 0.977252
vt 0.746026 0.807243
vt 0.584557 0.951387
vt 0.580806 0.913951
vt 0.972561 0.233081
vt 0.979040 0.230831
vt 0.981645 0.243515
vt 0.976501 0.248071
vt 0.968174 0.236746
vt 0.676059 0.461181
vt 0.681034 0.461427
vt 0.676982 0.505343
vt 0.893889 0.685836
vt 0.897532 0.725267
vt 0.898002 0.685932
vt 0.615498 0.357565
vt 0.616546 0.342918
vt 0.617824 0.357786
vt 0.377989 0.902599
vt 0.363299 0.912356
vt 0.612472 0.344393
vt 0.617280 0.174450
vt 0.591187 0.171011
vt 0.621698 0.163918
vt 0.097161 0.729262
vt 0.115328 0.716169
vt 0.725804 0.803498
vt 0.677316 0.787538
vt 0.724467 0.788017
vt 0.316987 0.356386
vt 0.304631 0.398778
vt 0.298871 0.354788
vt 0.727873 0.823575
vt 0.320659 0.401785
vt 0.331226 0.355736
vt 0.238964 0.743428
vt 0.260202 0.738871
vt 0.256737 0.748327
vt 0.215190 0.755253
vt 0.214105 0.743395
vt 0.238327 0.734121
vt 0.747008 0.268789
vt 0.755684 0.267000
vt 0.760024 0.280273
vt 0.751602 0.241723
vt 0.739873 0.239437
vt 0.753473 0.284494
vt 0.740284 0.276440
vt 0.255315 0.182688
vt 0.256262 0.196350
vt 0.242200 0.189858
vt 0.230724 0.179607
vt 0.248070 0.168772
vt 0.268932 0.178968
vt 0.464865 0.756995
vt 0.455880 0.765955
vt 0.451659 0.750190
vt 0.525055 0.381632
vt 0.506476 0.388619
vt 0.511047 0.373550
vt 0.537773 0.386967
vt 0.461831 0.740649
vt 0.545397 0.371341
vt 0.823654 0.346795
vt 0.817355 0.341122
vt 0.865825 0.435716
vt 0.844612 0.436587
vt 0.844612 0.424691
vt 0.865534 0.422660
vt 0.892083 0.435426
vt 0.705031 0.598339
vt 0.717329 0.566967
vt 0.482538 0.070000
vt 0.465970 0.107368
vt 0.444708 0.102374
vt 0.543841 0.899612
vt 0.580566 0.903369
vt 0.446025 0.068748
vt 0.268736 0.417284
vt 0.285696 0.397835
vt 0.497360 0.107408
vt 0.485375 0.491984
vt 0.477120 0.480139
vt 0.506828 0.471699
vt 0.471339 0.495367
vt 0.874343 0.650775
vt 0.877548 0.631331
vt 0.878454 0.644727
vt 0.489311 0.504726
vt 0.868158 0.640748
vt 0.858150 0.648113
vt 0.635335 0.107394
vt 0.643833 0.112628
vt 0.632074 0.145116
vt 0.114208 0.154533
vt 0.128792 0.099909
vt 0.132064 0.104096
vt 0.613074 0.071115
vt 0.626918 0.137303
vt 0.629424 0.105664
vt 0.613008 0.565050
vt 0.623694 0.550108
vt 0.541241 0.963919
vt 0.550246 0.968118
vt 0.542454 0.994496
vt 0.705212 0.124497
vt 0.331946 0.973432
vt 0.354398 0.969842
vt 0.315109 0.988027
vt 0.700964 0.131456
vt 0.768196 0.114330
vt 0.781698 0.104969
vt 0.784481 0.113338
vt 0.758379 0.112859
vt 0.760807 0.106320
vt 0.947360 0.022513
vt 0.975011 0.012888
vt 0.945078 0.028289
vt 0.571364 0.442839
vt 0.588559 0.464147
vt 0.560533 0.447044
vt 0.995246 0.563507
vt 0.988359 0.526738
vt 0.998432 0.524962
vt 0.610349 0.456840
vt 0.932972 0.000985
vt 0.826750 0.027381
vt 0.816107 0.027381
vt 0.824066 0.000506
vt 0.132688 0.367661
vt 0.151454 0.346046
vt 0.145909 0.361860
vt 0.141608 0.377545
vt 0.116645 0.384336
vt 0.112995 0.370302
vt 0.134329 0.351991
vt 0.736695 0.977640
vt 0.747156 0.978882
vt 0.871814 0.689872
vt 0.870296 0.651206
vt 0.708921 0.990616
vt 0.711901 0.968822
vt 0.678901 0.711044
vt 0.722908 0.716348
vt 0.672952 0.717219
vt 0.156171 0.491428
vt 0.199588 0.497955
vt 0.682107 0.696477
vt 0.725563 0.707248
vt 0.667402 0.682631
vt 0.744921 0.231374
vt 0.734120 0.231170
vt 0.743700 0.191970
vt 0.753432 0.193498
vt 0.384999 0.555488
vt 0.391028 0.577653
vt 0.380371 0.556164
vt 0.389482 0.555029
vt 0.754422 0.233781
vt 0.359541 0.195835
vt 0.350893 0.212738
vt 0.341818 0.178599
vt 0.353300 0.171429
vt 0.167179 0.179071
vt 0.164459 0.172670
vt 0.169528 0.171950
vt 0.066886 0.460790
vt 0.159795 0.180663
vt 0.124162 0.309762
vt 0.135372 0.283919
vt 0.823681 0.894645
vt 0.846720 0.898420
vt 0.822407 0.882858
vt 0.146341 0.314739
vt 0.825442 0.903811
vt 0.969428 0.101671
vt 0.973572 0.100863
vt 0.979587 0.145274
vt 0.955046 0.080785
vt 0.201198 0.015517
vt 0.843514 0.115305
vt 0.875377 0.103972
vt 0.869226 0.117376
vt 0.384941 0.467245
vt 0.396354 0.469948
vt 0.389587 0.483254
vt 0.199219 0.897254
vt 0.201322 0.886424
vt 0.230179 0.892184
vt 0.927203 0.334043
vt 0.951162 0.366672
vt 0.326383 0.232051
vt 0.350308 0.232515
vt 0.638171 0.015104
vt 0.654136 0.016973
vt 0.648702 0.046661
vt 0.022451 0.036915
vt 0.020287 0.056968
vt 0.007079 0.054401
vt 0.967581 0.475673
vt 0.959784 0.473796
vt 0.383836 0.006007
vt 0.383836 0.028239
vt 0.361272 0.008308
vt 0.017943 0.250210
vt 0.039560 0.250471
vt 0.041582 0.282537
vt 0.027060 0.293797
vt 0.003059 0.262369
vt 0.268565 0.123805
vt 0.268369 0.100393
vt 0.789823 0.541212
vt 0.785660 0.559487
vt 0.775926 0.541973
vt 0.791620 0.523258
vt 0.680447 0.122852
vt 0.620056 0.526924
vt 0.614092 0.553941
vt 0.611077 0.527046
vt 0.038656 0.523227
vt 0.027436 0.526587
vt 0.027205 0.515350
vt 0.037588 0.514055
vt 0.052928 0.517686
vt 0.040060 0.537886
vt 0.055809 0.532345
vt 0.382845 0.254537
vt 0.391594 0.258967
vt 0.367556 0.237572
vt 0.378699 0.233630
vt 0.374901 0.287576
vt 0.370515 0.259669
vt 0.389859 0.240245
vt 0.270229 0.315553
vt 0.269867 0.352861
vt 0.286727 0.310322
vt 0.296639 0.343869
vt 0.281114 0.348677
vt 0.954185 0.990371
vt 0.986254 0.949944
vt 0.760875 0.450248
vt 0.789464 0.466668
vt 0.786046 0.474861
vt 0.971295 0.997428
vt 0.755628 0.457555
vt 0.787935 0.576465
vt 0.778113 0.561759
vt 0.798533 0.565457
vt 0.784485 0.586539
vt 0.798244 0.578848
vt 0.802083 0.096149
vt 0.809210 0.104228
vt 0.773546 0.099325
vt 0.819243 0.802583
vt 0.824662 0.806547
vt 0.328249 0.699018
vt 0.326420 0.703360
vt 0.331022 0.693273
vt 0.341685 0.706661
vt 0.340697 0.711800
vt 0.015495 0.906633
vt 0.015495 0.941704
vt 0.007989 0.941161
vt 0.415802 0.655404
vt 0.409726 0.677914
vt 0.408164 0.657734
vt 0.407835 0.623438
vt 0.416459 0.620280
vt 0.421398 0.654556
vt 0.420654 0.676418
vt 0.856047 0.513028
vt 0.424782 0.686752
vt 0.444438 0.671436
vt 0.246656 0.361203
vt 0.239607 0.364076
vt 0.228520 0.331436
vt 0.380834 0.579142
vt 0.375590 0.556961
vt 0.235067 0.329097
vt 0.385597 0.578188
vt 0.253651 0.358202
vt 0.593382 0.007764
vt 0.548497 0.007764
vt 0.592194 0.002021
vt 0.107531 0.617790
vt 0.081144 0.575594
vt 0.880323 0.747080
vt 0.492630 0.412344
vt 0.500692 0.423534
vt 0.484850 0.430698
vt 0.484708 0.406110
vt 0.476211 0.421855
vt 0.544439 0.489748
vt 0.540035 0.512776
vt 0.520558 0.518531
vt 0.171345 0.961162
vt 0.156904 0.974629
vt 0.143860 0.936468
vt 0.179526 0.992593
vt 0.896355 0.185328
vt 0.093355 0.440432
vt 0.099587 0.440430
vt 0.094283 0.461544
vt 0.098126 0.422959
vt 0.866400 0.404890
vt 0.891211 0.403723
vt 0.891938 0.412504
vt 0.091892 0.422435
vt 0.866113 0.413302
vt 0.845196 0.406899
vt 0.199136 0.839798
vt 0.226716 0.848835
vt 0.153807 0.836794
vt 0.155347 0.828941
vt 0.197757 0.846505
vt 0.728517 0.358521
vt 0.718622 0.312626
vt 0.735781 0.308527
vt 0.716878 0.366161
vt 0.705979 0.318798
vt 0.749525 0.356031
vt 0.451483 0.973667
vt 0.446244 0.474009
vt 0.458296 0.482534
vt 0.430460 0.484376
vt 0.866603 0.556674
vt 0.846954 0.546607
vt 0.871602 0.519674
vt 0.734348 0.158896
vt 0.862679 0.582477
vt 0.845645 0.571685
vt 0.629087 0.653938
vt 0.625585 0.677215
vt 0.619428 0.650720
vt 0.641017 0.641963
vt 0.638331 0.677860
vt 0.630252 0.632942
vt 0.701508 0.044562
vt 0.712233 0.027575
vt 0.717418 0.053188
vt 0.698383 0.017764
vt 0.851582 0.836535
vt 0.850738 0.823459
vt 0.382184 0.908168
vt 0.387930 0.912202
vt 0.376358 0.931388
vt 0.599294 0.346498
vt 0.610110 0.343015
vt 0.371392 0.923335
vt 0.480252 0.604431
vt 0.111475 0.540766
vt 0.130335 0.554652
vt 0.768582 0.619546
vt 0.750783 0.632482
vt 0.731579 0.639041
vt 0.484714 0.268484
vt 0.462249 0.271896
vt 0.471719 0.256876
vt 0.494854 0.259011
vt 0.262796 0.721575
vt 0.259056 0.730384
vt 0.242350 0.719917
vt 0.258411 0.707706
vt 0.276367 0.710395
vt 0.423577 0.403197
vt 0.440167 0.376106
vt 0.464057 0.351798
vt 0.239242 0.210166
vt 0.238291 0.200409
vt 0.662796 0.617217
vt 0.667637 0.604196
vt 0.675234 0.616999
vt 0.670066 0.633253
vt 0.646701 0.614972
vt 0.652720 0.602862
vt 0.194569 0.748128
vt 0.167739 0.753941
vt 0.177800 0.734077
vt 0.682392 0.506567
vt 0.891297 0.654599
vt 0.509624 0.713990
vt 0.488361 0.689022
vt 0.521243 0.708820
vt 0.482115 0.675724
vt 0.179907 0.262380
vt 0.172511 0.253363
vt 0.179932 0.249738
vt 0.187679 0.260229
vt 0.184075 0.283797
vt 0.171687 0.263571
vt 0.193171 0.280486
vt 0.721665 0.723255
vt 0.673694 0.724611
vt 0.976287 0.382373
vt 0.969975 0.386435
vt 0.720607 0.730130
vt 0.341210 0.827181
vt 0.333093 0.827837
vt 0.344737 0.821781
vt 0.348173 0.835686
vt 0.341547 0.835687
vt 0.126564 0.153741
vt 0.761442 0.263335
vt 0.143167 0.122108
vt 0.758898 0.240551
vt 0.759680 0.841086
vt 0.781873 0.843753
vt 0.779125 0.851029
vt 0.733430 0.840647
vt 0.738175 0.829539
vt 0.762387 0.834280
vt 0.755272 0.852575
vt 0.547470 0.182191
vt 0.546485 0.168382
vt 0.540184 0.194574
vt 0.651096 0.523974
vt 0.103436 0.423672
vt 0.107843 0.423637
vt 0.104894 0.440671
vt 0.664738 0.899913
vt 0.599856 0.318161
vt 0.598149 0.314053
vt 0.658764 0.316998
vt 0.259671 0.081282
vt 0.287299 0.078119
vt 0.257455 0.085397
vt 0.302018 0.745669
vt 0.288093 0.073135
vt 0.578337 0.834504
vt 0.543352 0.838682
vt 0.239128 0.951287
vt 0.044670 0.007770
vt 0.051958 0.002075
vt 0.060516 0.034617
vt 0.901974 0.611884
vt 0.900948 0.589594
vt 0.906239 0.558253
vt 0.240353 0.627449
vt 0.240123 0.622468
vt 0.240273 0.634461
vt 0.545122 0.319617
vt 0.544203 0.339277
vt 0.539690 0.338986
vt 0.423579 0.315800
vt 0.541406 0.319140
vt 0.549607 0.320056
vt 0.062365 0.959582
vt 0.063280 0.926667
vt 0.385882 0.075619
vt 0.382659 0.076539
vt 0.380657 0.033511
vt 0.348403 0.014430
vt 0.213016 0.630317
vt 0.212587 0.643293
vt 0.689457 0.563956
vt 0.675148 0.549879
vt 0.672317 0.528927
vt 0.631684 0.762506
vt 0.675977 0.763504
vt 0.020183 0.811357
vt 0.038680 0.799693
vt 0.623584 0.325065
vt 0.620564 0.342219
vt 0.618671 0.325665
vt 0.135979 0.482540
vt 0.129018 0.483028
vt 0.778117 0.763947
vt 0.759004 0.736632
vt 0.758983 0.753738
vt 0.733783 0.647592
vt 0.752354 0.636856
vt 0.771962 0.631067
vt 0.936012 0.171148
vt 0.124871 0.660854
vt 0.127135 0.664019
vt 0.127918 0.651462
vt 0.058580 0.470030
vt 0.045248 0.482888
vt 0.059710 0.479547
vt 0.162515 0.879473
vt 0.202350 0.876940
vt 0.998529 0.469985
vt 0.993277 0.499765
vt 0.991687 0.466660
vt 0.997647 0.428806
vt 0.995271 0.317604
vt 0.783512 0.041330
vt 0.765324 0.051019
vt 0.762823 0.043223
vt 0.660221 0.938832
vt 0.643134 0.593071
vt 0.658237 0.595719
vt 0.646291 0.606790
vt 0.632973 0.604405
vt 0.633305 0.590786
vt 0.655917 0.574232
vt 0.646701 0.571807
vt 0.002651 0.314312
vt 0.048719 0.314312
vt 0.008224 0.329034
vt 0.894366 0.667762
vt 0.932836 0.648867
vt 0.940036 0.668648
vt 0.994521 0.146116
vt 0.981996 0.146116
vt 0.993396 0.102906
vt 0.045746 0.661929
vt 0.058050 0.664823
vt 0.050380 0.681932
vt 0.038660 0.679032
vt 0.034057 0.659022
vt 0.375762 0.944753
vt 0.841795 0.124436
vt 0.811537 0.110665
vt 0.596506 0.248316
vt 0.596941 0.221914
vt 0.842351 0.119347
vt 0.580243 0.255596
vt 0.592237 0.249401
vt 0.625042 0.519028
vt 0.606741 0.488928
vt 0.173969 0.908929
vt 0.173900 0.927002
vt 0.163479 0.923398
vt 0.180065 0.895582
vt 0.306172 0.706755
vt 0.310443 0.702233
vt 0.319909 0.706869
vt 0.165885 0.901032
vt 0.168087 0.886223
vt 0.173219 0.243137
vt 0.164216 0.252022
vt 0.743130 0.548254
vt 0.833715 0.017072
vt 0.870669 0.014724
vt 0.839005 0.035141
vt 0.837764 0.003322
vt 0.857999 0.060799
vt 0.281300 0.841474
vt 0.285652 0.832366
vt 0.301273 0.840643
vt 0.260380 0.832863
vt 0.737686 0.175448
vt 0.274083 0.864608
vt 0.363217 0.211028
vt 0.372704 0.199538
vt 0.369613 0.166837
vt 0.056792 0.427240
vt 0.043278 0.433553
vt 0.873227 0.912149
vt 0.755903 0.662795
vt 0.736108 0.674229
vt 0.735890 0.667782
vt 0.756999 0.668609
vt 0.755508 0.656830
vt 0.920365 0.105278
vt 0.923739 0.111547
vt 0.924524 0.096223
vt 0.907648 0.111423
vt 0.916510 0.099912
vt 0.911860 0.116540
vt 0.360710 0.420919
vt 0.376290 0.424739
vt 0.362611 0.437903
vt 0.250952 0.089826
vt 0.272713 0.092762
vt 0.306843 0.736958
vt 0.347486 0.755981
vt 0.744171 0.015270
vt 0.580055 0.816250
vt 0.774890 0.020722
vt 0.546435 0.815722
vt 0.385701 0.149973
vt 0.386892 0.165528
vt 0.397711 0.148983
vt 0.399040 0.163506
vt 0.938817 0.641472
vt 0.923930 0.652025
vt 0.654492 0.370787
vt 0.027631 0.724452
vt 0.039792 0.721144
vt 0.030877 0.727255
vt 0.022760 0.714179
vt 0.019212 0.726470
vt 0.609829 0.678803
vt 0.639375 0.975195
vt 0.651186 0.975075
vt 0.629596 0.976415
vt 0.628343 0.944567
vt 0.975327 0.049104
vt 0.953220 0.056287
vt 0.966910 0.025021
vt 0.535228 0.054260
vt 0.511493 0.043798
vt 0.533964 0.022143
vt 0.982200 0.094353
vt 0.574123 0.040779
vt 0.033054 0.983673
vt 0.016733 0.957696
vt 0.034176 0.949562
vt 0.422004 0.870768
vt 0.410210 0.869997
vt 0.417555 0.865297
vt 0.234058 0.613476
vt 0.261229 0.594830
vt 0.256206 0.610964
vt 0.233729 0.631381
vt 0.218995 0.615267
vt 0.240837 0.593828
vt 0.457217 0.766186
vt 0.550547 0.674750
vt 0.551363 0.695161
vt 0.551088 0.713394
vt 0.016955 0.528648
vt 0.016644 0.517413
vt 0.028411 0.543038
vt 0.817160 0.167272
vt 0.799856 0.153067
vt 0.820981 0.141207
vt 0.811197 0.187866
vt 0.800047 0.173177
vt 0.554612 0.393971
vt 0.574565 0.412557
vt 0.558629 0.377877
vt 0.583161 0.398491
vt 0.411050 0.552215
vt 0.426071 0.565863
vt 0.418790 0.578274
vt 0.410586 0.577485
vt 0.403140 0.552905
vt 0.798054 0.251941
vt 0.816034 0.219402
vt 0.817934 0.281226
vt 0.783450 0.245427
vt 0.134280 0.637161
vt 0.123419 0.648534
vt 0.119356 0.644140
vt 0.129695 0.630693
vt 0.140699 0.622696
vt 0.568022 0.271659
vt 0.593041 0.288992
vt 0.592345 0.294062
vt 0.352145 0.798977
vt 0.356583 0.801290
vt 0.349400 0.834056
vt 0.345095 0.829315
vt 0.349263 0.794682
vt 0.397280 0.785077
vt 0.400404 0.787776
vt 0.105372 0.834414
vt 0.091336 0.844546
vt 0.082900 0.832872
vt 0.100190 0.817548
vt 0.122340 0.822119
vt 0.124807 0.833032
vt 0.108958 0.844561
vt 0.334896 0.540296
vt 0.325690 0.556506
vt 0.332509 0.521444
vt 0.349060 0.525733
vt 0.352066 0.541645
vt 0.685434 0.182127
vt 0.675022 0.204897
vt 0.660703 0.172743
vt 0.691473 0.211264
vt 0.693811 0.161105
vt 0.710572 0.167211
vt 0.702647 0.188989
vt 0.868531 0.280596
vt 0.851415 0.257672
vt 0.891507 0.675396
vt 0.118608 0.437576
vt 0.115978 0.459686
vt 0.033382 0.368936
vt 0.050738 0.361881
vt 0.041911 0.339994
vt 0.203906 0.813650
vt 0.620578 0.846590
vt 0.443739 0.867641
vt 0.885460 0.634310
vt 0.355984 0.658072
vt 0.351729 0.670105
vt 0.338440 0.659619
vt 0.620319 0.682659
vt 0.344511 0.647960
vt 0.769160 0.962006
vt 0.777502 0.957868
vt 0.778713 0.966368
vt 0.763735 0.932917
vt 0.864551 0.757591
vt 0.854136 0.747248
vt 0.854700 0.733767
vt 0.766728 0.972673
vt 0.133985 0.815261
vt 0.480715 0.290478
vt 0.474623 0.306880
vt 0.467393 0.308595
vt 0.920056 0.411634
vt 0.919693 0.421209
vt 0.591515 0.323472
vt 0.596791 0.341073
vt 0.592203 0.340224
vt 0.586940 0.339377
vt 0.087605 0.486044
vt 0.586631 0.321715
vt 0.852942 0.076459
vt 0.900950 0.074128
vt 0.936729 0.078844
vt 0.422478 0.226895
vt 0.413648 0.218840
vt 0.995196 0.437641
vt 0.992077 0.402896
vt 0.997922 0.403063
vt 0.988869 0.437135
vt 0.087675 0.869704
vt 0.127306 0.179366
vt 0.107605 0.189572
vt 0.106428 0.181592
vt 0.125947 0.172257
vt 0.139692 0.171032
vt 0.142176 0.178417
vt 0.077627 0.253172
vt 0.069655 0.293089
vt 0.522487 0.576038
vt 0.500313 0.529292
vt 0.528842 0.572576
vt 0.477647 0.506370
vt 0.930226 0.983368
vt 0.931219 0.961904
vt 0.104491 0.497815
vt 0.100289 0.510306
vt 0.374019 0.318496
vt 0.352238 0.322837
vt 0.509647 0.946885
vt 0.521783 0.902720
vt 0.528781 0.904517
vt 0.495619 0.988426
vt 0.491033 0.986484
vt 0.504402 0.945025
vt 0.515762 0.949310
vt 0.588965 0.548675
vt 0.224253 0.300514
vt 0.231157 0.297255
vt 0.241883 0.326776
vt 0.218303 0.302626
vt 0.209320 0.281089
vt 0.215682 0.278844
vt 0.394733 0.835889
vt 0.378821 0.829847
vt 0.390187 0.821402
vt 0.403485 0.825762
vt 0.407732 0.839943
vt 0.314689 0.932089
vt 0.648506 0.569671
vt 0.649597 0.558237
vt 0.654383 0.558232
vt 0.314497 0.942736
vt 0.571451 0.950376
vt 0.585513 0.984055
vt 0.598058 0.982657
vt 0.808821 0.063416
vt 0.828715 0.032222
vt 0.825690 0.848532
vt 0.153856 0.334729
vt 0.168384 0.335163
vt 0.165368 0.344765
vt 0.542027 0.905535
vt 0.493437 0.890861
vt 0.535883 0.883568
vt 0.372495 0.596440
vt 0.387150 0.594234
vt 0.443268 0.334478
vt 0.475889 0.334982
vt 0.475172 0.352941
vt 0.443995 0.315306
vt 0.356801 0.596050
vt 0.429413 0.757265
vt 0.444657 0.763493
vt 0.509732 0.734225
vt 0.521915 0.731265
vt 0.492405 0.734684
vt 0.038935 0.887888
vt 0.287820 0.750250
vt 0.264270 0.766593
vt 0.258970 0.745148
vt 0.291771 0.767522
vt 0.031727 0.569875
vt 0.631631 0.776119
vt 0.631908 0.768752
vt 0.676166 0.770028
vt 0.029690 0.575023
vt 0.676125 0.778187
vt 0.631644 0.784703
vt 0.307044 0.224819
vt 0.313044 0.237959
vt 0.297783 0.244392
vt 0.298609 0.213940
vt 0.312075 0.211014
vt 0.289408 0.232524
vt 0.739349 0.705026
vt 0.740879 0.719766
vt 0.723769 0.716680
vt 0.754775 0.707527
vt 0.511654 0.432863
vt 0.746730 0.443135
vt 0.111066 0.637037
vt 0.120449 0.625864
vt 0.107189 0.645355
vt 0.218558 0.460615
vt 0.250354 0.444718
vt 0.218316 0.476325
vt 0.425964 0.509931
vt 0.424172 0.531550
vt 0.727073 0.857500
vt 0.651459 0.195694
vt 0.971225 0.917247
vt 0.952130 0.910318
vt 0.980354 0.937430
vt 0.560678 0.962383
vt 0.567992 0.984893
vt 0.562285 0.985758
vt 0.672795 0.575484
vt 0.669578 0.598181
vt 0.696746 0.590942
vt 0.707682 0.573722
vt 0.412219 0.903326
vt 0.399009 0.921718
vt 0.392896 0.918573
vt 0.212765 0.974768
vt 0.216000 0.959796
vt 0.246008 0.980036
vt 0.192882 0.962996
vt 0.407829 0.897727
vt 0.190125 0.974731
vt 0.208565 0.986086
vt 0.129358 0.570890
vt 0.165991 0.584728
vt 0.447543 0.648981
vt 0.447168 0.614937
vt 0.451603 0.647747
vt 0.442032 0.615159
vt 0.166290 0.580547
vt 0.128520 0.566524
vt 0.426371 0.768909
vt 0.399716 0.783714
vt 0.550940 0.729046
vt 0.206944 0.779108
vt 0.556467 0.726624
vt 0.037120 0.064953
vt 0.024990 0.026592
vt 0.788184 0.357378
vt 0.726189 0.361162
vt 0.017190 0.023252
vt 0.014740 0.094825
vt 0.411314 0.322388
vt 0.817025 0.305945
vt 0.416683 0.315288
vt 0.845827 0.908024
vt 0.081035 0.340993
vt 0.060146 0.333785
vt 0.959584 0.070969
vt 0.981842 0.096329
vt 0.461963 0.516100
vt 0.467056 0.513178
vt 0.364944 0.450207
vt 0.159265 0.799412
vt 0.913310 0.651380
vt 0.626441 0.355930
vt 0.621724 0.356583
vt 0.782122 0.087575
vt 0.426904 0.148527
vt 0.460918 0.148489
vt 0.431533 0.155027
vt 0.412146 0.140762
vt 0.435009 0.141609
vt 0.085971 0.018721
vt 0.061289 0.036654
vt 0.062160 0.012759
vt 0.455882 0.652747
vt 0.453014 0.634751
vt 0.464584 0.653744
vt 0.507423 0.316125
vt 0.498431 0.300038
vt 0.525725 0.300428
vt 0.443492 0.670658
vt 0.159553 0.939269
vt 0.170682 0.944362
vt 0.170377 0.566378
vt 0.171750 0.536838
vt 0.485434 0.819528
vt 0.529566 0.820703
vt 0.511169 0.150784
vt 0.541044 0.140180
vt 0.534325 0.156606
vt 0.515903 0.128675
vt 0.313726 0.846559
vt 0.312106 0.840578
vt 0.324523 0.838788
vt 0.325953 0.845982
vt 0.104823 0.511857
vt 0.914897 0.532354
vt 0.123757 0.950237
vt 0.141757 0.950237
vt 0.123410 0.992033
vt 0.999335 0.891527
vt 0.958024 0.904950
vt 0.954677 0.892678
vt 0.074497 0.426427
vt 0.072738 0.415741
vt 0.093555 0.404971
vt 0.096384 0.414208
vt 0.079134 0.435355
vt 0.570531 0.988206
vt 0.560849 0.958843
vt 0.535447 0.950782
vt 0.975093 0.217540
vt 0.982154 0.225714
vt 0.398109 0.034451
vt 0.391072 0.074940
vt 0.391799 0.037704
vt 0.903253 0.724803
vt 0.901146 0.725102
vt 0.901421 0.685882
vt 0.927481 0.740510
vt 0.996798 0.939158
vt 0.993672 0.903426
vt 0.998500 0.897437
vt 0.416275 0.014849
vt 0.179190 0.346316
vt 0.161736 0.359602
vt 0.180072 0.334859
vt 0.189733 0.335938
vt 0.341287 0.570469
vt 0.319936 0.559838
vt 0.334009 0.554552
vt 0.351339 0.566261
vt 0.349389 0.590258
vt 0.335480 0.597409
vt 0.327470 0.575889
vt 0.322039 0.219142
vt 0.765988 0.701567
vt 0.772499 0.705522
vt 0.769073 0.711161
vt 0.305856 0.200026
vt 0.308805 0.193128
vt 0.492971 0.375418
vt 0.493315 0.391197
vt 0.456438 0.792288
vt 0.443428 0.788584
vt 0.479030 0.391462
vt 0.453986 0.777813
vt 0.519297 0.643123
vt 0.495257 0.610761
vt 0.524299 0.640635
vt 0.563355 0.089565
vt 0.597064 0.091931
vt 0.593798 0.100646
vt 0.547035 0.776095
vt 0.583621 0.786313
vt 0.550491 0.768975
vt 0.557284 0.099172
vt 0.569064 0.081144
vt 0.635568 0.147541
vt 0.647900 0.110157
vt 0.741102 0.133166
vt 0.353046 0.962996
vt 0.722380 0.125111
vt 0.120065 0.719957
vt 0.121849 0.706391
vt 0.998812 0.652367
vt 0.991892 0.652367
vt 0.996203 0.614126
vt 0.997412 0.682352
vt 0.990768 0.492755
vt 0.519900 0.221848
vt 0.515808 0.264351
vt 0.510304 0.255094
vt 0.985429 0.172654
vt 0.996552 0.176127
vt 0.980280 0.196521
vt 0.970680 0.192755
vt 0.976798 0.169600
vt 0.984940 0.155730
vt 0.995863 0.157087
vt 0.479817 0.812255
vt 0.459028 0.821695
vt 0.206488 0.277804
vt 0.439287 0.221056
vt 0.342271 0.484143
vt 0.356316 0.496368
vt 0.343385 0.471237
vt 0.322896 0.227433
vt 0.150600 0.177499
vt 0.157743 0.174454
vt 0.153099 0.182747
vt 0.148040 0.169836
vt 0.155197 0.168892
vt 0.833064 0.250514
vt 0.550776 0.446032
vt 0.557249 0.437858
vt 0.886974 0.338705
vt 0.869522 0.355953
vt 0.115051 0.437390
vt 0.112644 0.441366
vt 0.113330 0.424261
vt 0.501107 0.047776
vt 0.181725 0.103982
vt 0.205703 0.120357
vt 0.402972 0.698234
vt 0.608279 0.729528
vt 0.624779 0.757094
vt 0.598747 0.744360
vt 0.465205 0.127279
vt 0.432610 0.132937
vt 0.434563 0.120285
vt 0.463604 0.140044
vt 0.028725 0.201096
vt 0.000140 0.213193
vt 0.002086 0.198611
vt 0.027771 0.189842
vt 0.820343 0.796782
vt 0.942301 0.095894
vt 0.639109 0.001653
vt 0.684766 0.001653
vt 0.683991 0.008621
vt 0.689067 0.619979
vt 0.128038 0.585932
vt 0.164817 0.602568
vt 0.615181 0.326154
vt 0.332992 0.904369
vt 0.351234 0.904303
vt 0.346486 0.918222
vt 0.330493 0.888301
vt 0.350259 0.887300
vt 0.326505 0.915327
vt 0.677411 0.568554
vt 0.669676 0.565162
vt 0.336922 0.399172
vt 0.334701 0.417834
vt 0.345368 0.396833
vt 0.354488 0.412271
vt 0.340291 0.353617
vt 0.982226 0.792314
vt 0.982226 0.840269
vt 0.961023 0.838889
vt 0.503822 0.240267
vt 0.483799 0.241477
vt 0.485681 0.228849
vt 0.511463 0.229621
vt 0.228322 0.163220
vt 0.211106 0.197336
vt 0.206037 0.179793
vt 0.460601 0.403559
vt 0.457232 0.414091
vt 0.165177 0.385267
vt 0.272224 0.693607
vt 0.929983 0.117414
vt 0.932843 0.126070
vt 0.920419 0.132654
vt 0.915002 0.125064
vt 0.936730 0.111016
vt 0.938145 0.122015
vt 0.891938 0.422079
vt 0.919639 0.435136
vt 0.768968 0.032049
vt 0.258460 0.988050
vt 0.280083 0.968725
vt 0.271526 0.996836
vt 0.569600 0.043754
vt 0.570861 0.055802
vt 0.267662 0.946691
vt 0.704441 0.101712
vt 0.656936 0.114006
vt 0.652507 0.111963
vt 0.958493 0.773146
vt 0.954646 0.773482
vt 0.955238 0.728649
vt 0.041691 0.270961
vt 0.051964 0.229822
vt 0.054533 0.232934
vt 0.958759 0.816850
vt 0.285025 0.616591
vt 0.287715 0.620016
vt 0.235468 0.614517
vt 0.303628 0.589245
vt 0.851190 0.512269
vt 0.963994 0.673281
vt 0.168023 0.658525
vt 0.197103 0.669183
vt 0.745223 0.117182
vt 0.755487 0.120209
vt 0.143846 0.676096
vt 0.306068 0.036918
vt 0.307129 0.064510
vt 0.294680 0.107752
vt 0.337851 0.689106
vt 0.569791 0.674561
vt 0.566685 0.685988
vt 0.561781 0.682866
vt 0.348089 0.695517
vt 0.349985 0.702021
vt 0.497792 0.352339
vt 0.496486 0.364634
vt 0.475466 0.367180
vt 0.489503 0.872548
vt 0.628195 0.721012
vt 0.628896 0.728112
vt 0.673820 0.731120
vt 0.262515 0.822581
vt 0.734810 0.190053
vt 0.723651 0.231964
vt 0.288761 0.824310
vt 0.725071 0.187643
vt 0.358333 0.223713
vt 0.347888 0.223783
vt 0.348969 0.231317
vt 0.057163 0.398984
vt 0.067470 0.409194
vt 0.088563 0.395416
vt 0.801887 0.873856
vt 0.811415 0.863071
vt 0.810814 0.878615
vt 0.912768 0.303650
vt 0.887027 0.292754
vt 0.860262 0.324884
vt 0.025275 0.506379
vt 0.022164 0.498276
vt 0.013720 0.499425
vt 0.016144 0.509751
vt 0.413576 0.020177
vt 0.420547 0.059696
vt 0.401055 0.055196
vt 0.427813 0.997893
vt 0.427813 0.967860
vt 0.468469 0.983481
vt 0.366382 0.627351
vt 0.297331 0.271753
vt 0.275960 0.280628
vt 0.565400 0.612619
vt 0.599071 0.630711
vt 0.308625 0.302382
vt 0.028985 0.190114
vt 0.143045 0.080505
vt 0.821439 0.597309
vt 0.808825 0.589065
vt 0.824293 0.582153
vt 0.019348 0.690707
vt 0.024895 0.677550
vt 0.839785 0.590160
vt 0.834154 0.606421
vt 0.803764 0.601226
vt 0.735379 0.656265
vt 0.592374 0.219918
vt 0.000625 0.171992
vt 0.028386 0.171347
vt 0.001983 0.176734
vt 0.480030 0.017676
vt 0.468651 0.060788
vt 0.469064 0.020293
vt 0.546072 0.561119
vt 0.561258 0.554233
vt 0.477523 0.061992
vt 0.537184 0.568639
vt 0.493693 0.011953
vt 0.421870 0.416169
vt 0.198384 0.454910
vt 0.222482 0.442887
vt 0.198347 0.470275
vt 0.808031 0.719350
vt 0.792179 0.713115
vt 0.574679 0.757754
vt 0.619554 0.567212
vt 0.628337 0.567932
vt 0.204522 0.284004
vt 0.367690 0.799028
vt 0.368219 0.848416
vt 0.356198 0.814080
vt 0.067757 0.670121
vt 0.058368 0.684992
vt 0.364586 0.943038
vt 0.375892 0.940861
vt 0.075016 0.931342
vt 0.626086 0.277211
vt 0.616196 0.254091
vt 0.625053 0.252604
vt 0.617222 0.277755
vt 0.635900 0.277289
vt 0.831679 0.804756
vt 0.835656 0.806466
vt 0.220389 0.600052
vt 0.233513 0.581092
vt 0.209084 0.616607
vt 0.472517 0.607592
vt 0.451843 0.614519
vt 0.129119 0.561760
vt 0.167993 0.570140
vt 0.166634 0.575243
vt 0.107336 0.564959
vt 0.106184 0.575197
vt 0.287012 0.019028
vt 0.286254 0.027242
vt 0.813743 0.921982
vt 0.816873 0.909559
vt 0.809268 0.960283
vt 0.297129 0.785203
vt 0.318024 0.789747
vt 0.045068 0.011339
vt 0.061202 0.038488
vt 0.031753 0.018309
vt 0.188558 0.201447
vt 0.774638 0.700340
vt 0.781335 0.706837
vt 0.913489 0.212565
vt 0.901302 0.231220
vt 0.883607 0.233366
vt 0.641088 0.528890
vt 0.646124 0.538032
vt 0.646732 0.523271
vt 0.896250 0.212797
vt 0.636656 0.526207
vt 0.954337 0.073861
vt 0.937568 0.081680
vt 0.937053 0.035283
vt 0.968777 0.024964
vt 0.996976 0.055204
vt 0.983244 0.069459
vt 0.952976 0.117848
vt 0.961262 0.835112
vt 0.960897 0.794971
vt 0.979228 0.795347
vt 0.355519 0.401328
vt 0.732954 0.920342
vt 0.342600 0.427610
vt 0.338943 0.405555
vt 0.237819 0.848131
vt 0.476703 0.935609
vt 0.495732 0.893450
vt 0.483712 0.937973
vt 0.489202 0.890397
vt 0.462595 0.977284
vt 0.892721 0.588465
vt 0.893116 0.560546
vt 0.892954 0.610712
vt 0.884594 0.609549
vt 0.884246 0.565014
vt 0.883452 0.590712
vt 0.948022 0.937315
vt 0.940211 0.955292
vt 0.931688 0.940699
vt 0.164128 0.376498
vt 0.933320 0.912569
vt 0.770914 0.930330
vt 0.777861 0.926953
vt 0.784563 0.955874
vt 0.526277 0.355343
vt 0.147827 0.779341
vt 0.937491 0.448020
vt 0.978438 0.750400
vt 0.967281 0.720662
vt 0.983865 0.736349
vt 0.911014 0.398912
vt 0.023274 0.144185
vt 0.034221 0.109219
vt 0.034445 0.119395
vt 0.443050 0.774955
vt 0.928254 0.088998
vt 0.774339 0.913884
vt 0.769132 0.930037
vt 0.781908 0.892095
vt 0.688349 0.292890
vt 0.667467 0.288112
vt 0.978483 0.754907
vt 0.958639 0.754907
vt 0.752416 0.374528
vt 0.339459 0.231402
vt 0.976738 0.941204
vt 0.577314 0.056991
vt 0.588423 0.043731
vt 0.755883 0.079033
vt 0.620025 0.834686
vt 0.781601 0.484179
vt 0.749149 0.468249
vt 0.783696 0.923969
vt 0.787811 0.893924
vt 0.115351 0.856758
vt 0.103602 0.866690
vt 0.131150 0.842898
vt 0.947976 0.470346
vt 0.511880 0.012376
vt 0.935953 0.481715
vt 0.193895 0.948151
vt 0.431664 0.651710
vt 0.548003 0.113585
vt 0.581634 0.123147
vt 0.573694 0.152054
vt 0.804559 0.341171
vt 0.810461 0.339224
vt 0.801760 0.343035
vt 0.933275 0.083255
vt 0.933078 0.087980
vt 0.927074 0.083948
vt 0.991201 0.366175
vt 0.363909 0.324520
vt 0.382600 0.346170
vt 0.784513 0.837816
vt 0.255377 0.408439
vt 0.735704 0.661661
vt 0.755034 0.652419
vt 0.472191 0.510019
vt 0.959394 0.192356
vt 0.965119 0.191853
vt 0.971138 0.229799
vt 0.494970 0.532918
vt 0.908930 0.995799
vt 0.925441 0.991160
vt 0.908563 0.992288
vt 0.204499 0.869641
vt 0.233316 0.873300
vt 0.157942 0.861972
vt 0.158988 0.872335
vt 0.160122 0.867237
vt 0.006552 0.049236
vt 0.006552 0.018768
vt 0.011061 0.048099
vt 0.502047 0.990533
vt 0.766120 0.534426
vt 0.761225 0.537356
vt 0.731325 0.487674
vt 0.736431 0.486104
vt 0.770956 0.532494
vt 0.590229 0.579868
vt 0.356763 0.874293
vt 0.364344 0.883147
vt 0.354269 0.922300
vt 0.633914 0.252480
vt 0.648714 0.277032
vt 0.225131 0.562475
vt 0.491070 0.716669
vt 0.748410 0.110219
vt 0.126376 0.671356
vt 0.126056 0.689325
vt 0.104695 0.668180
vt 0.566580 0.468999
vt 0.513380 0.317502
vt 0.499293 0.335869
vt 0.500024 0.316582
vt 0.953670 0.348395
vt 0.964171 0.392223
vt 0.303524 0.831997
vt 0.051150 0.419633
vt 0.125074 0.263639
vt 0.746184 0.425861
vt 0.699706 0.431830
vt 0.589959 0.080247
vt 0.611041 0.088904
vt 0.752985 0.004551
vt 0.773511 0.013460
vt 0.742537 0.009823
vt 0.249779 0.323344
vt 0.261139 0.355709
vt 0.234506 0.668153
vt 0.285731 0.686037
vt 0.261436 0.692603
vt 0.774718 0.498890
vt 0.739872 0.481037
vt 0.764343 0.512878
vt 0.776485 0.534735
vt 0.765874 0.547415
vt 0.996309 0.246189
vt 0.995059 0.237331
vt 0.917110 0.741750
vt 0.801256 0.092570
vt 0.899540 0.745107
vt 0.463087 0.781524
vt 0.977671 0.101411
vt 0.991997 0.101411
vt 0.980854 0.145654
vt 0.228781 0.249630
vt 0.203762 0.239205
vt 0.267521 0.239832
vt 0.069400 0.529674
vt 0.068565 0.517205
vt 0.086167 0.524216
vt 0.738043 0.294286
vt 0.732201 0.281613
vt 0.745374 0.290374
vt 0.725082 0.289886
vt 0.730162 0.300571
vt 0.796160 0.131763
vt 0.778485 0.137318
vt 0.494515 0.443534
vt 0.881549 0.122558
vt 0.885852 0.109184
vt 0.903961 0.105235
vt 0.887286 0.132115
vt 0.977423 0.230035
vt 0.919426 0.453561
vt 0.773423 0.070685
vt 0.370732 0.529743
vt 0.366228 0.505477
vt 0.829963 0.794775
vt 0.827628 0.800314
vt 0.701209 0.143696
vt 0.678866 0.604099
vt 0.692950 0.604457
vt 0.661770 0.460787
vt 0.388309 0.076783
vt 0.185516 0.242961
vt 0.299035 0.420113
vt 0.458449 0.241579
vt 0.471538 0.240951
vt 0.632350 0.410257
vt 0.333091 0.176171
vt 0.651185 0.538413
vt 0.828392 0.354719
vt 0.303163 0.769477
vt 0.595560 0.310537
vt 0.873370 0.555977
vt 0.459825 0.311978
vt 0.237489 0.617728
vt 0.290716 0.624391
vt 0.805195 0.493943
vt 0.059874 0.982132
vt 0.053279 0.978708
vt 0.174375 0.613592
vt 0.366059 0.584284
vt 0.472142 0.645966
vt 0.459752 0.624777
vt 0.707485 0.312911
vt 0.705614 0.302544
vt 0.718644 0.301032
vt 0.724081 0.310027
vt 0.818029 0.201843
vt 0.836218 0.210096
vt 0.818837 0.216010
vt 0.185846 0.409148
vt 0.177670 0.389244
vt 0.191557 0.402045
vt 0.208185 0.671342
vt 0.232773 0.669886
vt 0.222488 0.695610
vt 0.200149 0.696837
vt 0.596333 0.734410
vt 0.128937 0.666237
vt 0.135159 0.662096
vt 0.659005 0.426452
vt 0.138183 0.988033
vt 0.128761 0.984971
vt 0.144233 0.947388
vt 0.984585 0.012324
vt 0.997877 0.053234
vt 0.968855 0.022892
vt 0.904491 0.316172
vt 0.215694 0.371258
vt 0.026061 0.210537
vt 0.047816 0.220774
vt 0.176914 0.096077
vt 0.857630 0.602103
vt 0.852037 0.618815
vt 0.358202 0.456244
vt 0.350995 0.442757
vt 0.789036 0.770848
vt 0.802459 0.760738
vt 0.531095 0.638511
vt 0.634430 0.364306
vt 0.067804 0.694654
vt 0.093438 0.686807
vt 0.081284 0.679078
vt 0.165314 0.607429
vt 0.165909 0.612805
vt 0.127366 0.595289
vt 0.309162 0.949752
vt 0.309162 0.990072
vt 0.302873 0.950647
vt 0.127578 0.590253
vt 0.322015 0.829398
vt 0.333589 0.837415
vt 0.308348 0.822005
vt 0.313418 0.832944
vt 0.672162 0.318058
vt 0.697772 0.328758
vt 0.033456 0.945145
vt 0.017311 0.907843
vt 0.035526 0.899349
vt 0.205937 0.480904
vt 0.842327 0.816024
vt 0.829842 0.777561
vt 0.840487 0.774735
vt 0.120728 0.396076
vt 0.853127 0.817084
vt 0.018494 0.673445
vt 0.037699 0.629703
vt 0.044093 0.647429
vt 0.171618 0.016337
vt 0.634154 0.855044
vt 0.111362 0.654096
vt 0.267595 0.514453
vt 0.391959 0.499567
vt 0.373997 0.504217
vt 0.389415 0.485467
vt 0.290141 0.588404
vt 0.265300 0.587010
vt 0.282800 0.573350
vt 0.371841 0.492492
vt 0.921673 0.949181
vt 0.978328 0.754312
vt 0.546389 0.356524
vt 0.541458 0.356619
vt 0.632629 0.615811
vt 0.217458 0.061844
vt 0.214096 0.044608
vt 0.220884 0.040221
vt 0.614568 0.633650
vt 0.617348 0.613504
vt 0.229860 0.051012
vt 0.847520 0.044561
vt 0.969296 0.308979
vt 0.969296 0.259514
vt 0.988141 0.273505
vt 0.861396 0.035153
vt 0.848842 0.060679
vt 0.537251 0.745930
vt 0.527687 0.767302
vt 0.487070 0.751544
vt 0.473120 0.558855
vt 0.483178 0.587635
vt 0.537051 0.728027
vt 0.552463 0.959501
vt 0.560061 0.959501
vt 0.555964 0.993043
vt 0.407372 0.285413
vt 0.063548 0.242678
vt 0.069266 0.237349
vt 0.055894 0.240969
vt 0.073686 0.238360
vt 0.289410 0.087247
vt 0.460646 0.059507
vt 0.067476 0.508752
vt 0.310034 0.942988
vt 0.980850 0.747244
vt 0.999362 0.773682
vt 0.980579 0.790427
vt 0.635230 0.570829
vt 0.618344 0.142036
vt 0.621893 0.161355
vt 0.710979 0.607636
vt 0.723959 0.630774
vt 0.705794 0.621862
vt 0.197003 0.337123
vt 0.168810 0.627108
vt 0.139716 0.533727
vt 0.164111 0.548612
vt 0.399426 0.739128
vt 0.343792 0.550779
vt 0.141479 0.159857
vt 0.916647 0.222065
vt 0.251123 0.022031
vt 0.254212 0.027382
vt 0.208603 0.025971
vt 0.413897 0.965270
vt 0.420252 0.965270
vt 0.415676 0.998526
vt 0.886180 0.314236
vt 0.820367 0.726283
vt 0.779900 0.682465
vt 0.780313 0.678132
vt 0.285526 0.024250
vt 0.822368 0.722273
vt 0.108010 0.439686
vt 0.157487 0.810965
vt 0.156937 0.820424
vt 0.709495 0.371313
vt 0.698776 0.324747
vt 0.860436 0.767581
vt 0.848669 0.754377
vt 0.789149 0.964146
vt 0.309850 0.577096
vt 0.467899 0.696938
vt 0.455619 0.681217
vt 0.318361 0.605505
vt 0.301914 0.613363
vt 0.036309 0.120115
vt 0.041087 0.093598
vt 0.372745 0.395749
vt 0.376443 0.395220
vt 0.459317 0.003092
vt 0.458873 0.008161
vt 0.415928 0.005662
vt 0.380844 0.394220
vt 0.149197 0.220744
vt 0.644304 0.626862
vt 0.938701 0.883394
vt 0.925483 0.899178
vt 0.945014 0.848842
vt 0.522339 0.955560
vt 0.522339 0.996005
vt 0.501633 0.995778
vt 0.618387 0.218551
vt 0.360829 0.910876
vt 0.631254 0.206517
vt 0.346555 0.352225
vt 0.351367 0.349457
vt 0.351284 0.395825
vt 0.722765 0.770188
vt 0.723077 0.777735
vt 0.399499 0.259433
vt 0.399236 0.240776
vt 0.353640 0.675777
vt 0.579587 0.678303
vt 0.566774 0.311499
vt 0.567524 0.349777
vt 0.341522 0.820250
vt 0.619998 0.827722
vt 0.619661 0.821133
vt 0.800735 0.448734
vt 0.773040 0.427940
vt 0.720982 0.172775
vt 0.728275 0.176044
vt 0.772711 0.875493
vt 0.952154 0.063594
vt 0.310890 0.068656
vt 0.299139 0.107810
vt 0.358078 0.059558
vt 0.471689 0.845936
vt 0.456895 0.850198
vt 0.192868 0.305185
vt 0.454548 0.828960
vt 0.719796 0.736144
vt 0.720726 0.742312
vt 0.161416 0.014503
vt 0.121853 0.014503
vt 0.158575 0.000174
vt 0.629336 0.186189
vt 0.685152 0.210046
vt 0.316410 0.940500
vt 0.297655 0.942493
vt 0.305035 0.935492
vt 0.098309 0.855295
vt 0.087355 0.866670
vt 0.812805 0.573990
vt 0.793968 0.592921
vt 0.177133 0.636097
vt 0.979784 0.561780
vt 0.002684 0.842972
vt 0.529551 0.729090
vt 0.230425 0.802717
vt 0.224566 0.790473
vt 0.250532 0.786418
vt 0.392758 0.173422
vt 0.629328 0.364330
vt 0.758745 0.719886
vt 0.203307 0.430052
vt 0.934096 0.133927
vt 0.255748 0.690662
vt 0.240120 0.690468
vt 0.746041 0.436568
vt 0.991714 0.854503
vt 0.993990 0.876660
vt 0.982464 0.871598
vt 0.981007 0.848909
vt 0.584177 0.609147
vt 0.423571 0.556676
vt 0.587874 0.623536
vt 0.655818 0.570319
vt 0.109456 0.705451
vt 0.104070 0.726050
vt 0.139980 0.828704
vt 0.288289 0.963062
vt 0.302110 0.956617
vt 0.302220 0.995438
vt 0.560292 0.297564
vt 0.520110 0.278830
vt 0.016231 0.997966
vt 0.016231 0.959471
vt 0.034161 0.990315
vt 0.555176 0.278988
vt 0.566015 0.319737
vt 0.646154 0.976132
vt 0.625566 0.991090
vt 0.618523 0.979126
vt 0.177444 0.956618
vt 0.530283 0.811799
vt 0.432357 0.416289
vt 0.019366 0.545175
vt 0.007544 0.530912
vt 0.008340 0.519329
vt 0.368864 0.505717
vt 0.078026 0.184308
vt 0.104808 0.174777
vt 0.741067 0.821979
vt 0.895685 0.203199
vt 0.665913 0.935712
vt 0.390420 0.742231
vt 0.390179 0.750885
vt 0.990524 0.890113
vt 0.438390 0.544421
vt 0.297046 0.716528
vt 0.576239 0.531523
vt 0.560537 0.509728
vt 0.587820 0.560764
vt 0.537241 0.318742
vt 0.040093 0.602077
vt 0.093690 0.598042
vt 0.091954 0.603420
vt 0.727534 0.693968
vt 0.037959 0.606911
vt 0.019258 0.568728
vt 0.128439 0.609628
vt 0.235219 0.500985
vt 0.631968 0.905501
vt 0.465224 0.506750
vt 0.631534 0.165642
vt 0.625560 0.168995
vt 0.865150 0.964292
vt 0.878038 0.977263
vt 0.867174 0.978660
vt 0.664819 0.986453
vt 0.726614 0.023959
vt 0.714954 0.009847
vt 0.727569 0.006850
vt 0.739100 0.018437
vt 0.379089 0.936847
vt 0.645433 0.500599
vt 0.169695 0.564202
vt 0.753794 0.558227
vt 0.770552 0.583180
vt 0.556849 0.706776
vt 0.132789 0.156825
vt 0.273617 0.237276
vt 0.358909 0.586532
vt 0.835543 0.738988
vt 0.837209 0.746977
vt 0.487995 0.269039
vt 0.535785 0.865495
vt 0.399032 0.592284
vt 0.405417 0.586421
vt 0.527957 0.853860
vt 0.763465 0.235987
vt 0.772870 0.240529
vt 0.367745 0.397800
vt 0.656632 0.501153
vt 0.656778 0.460487
vt 0.651680 0.500493
vt 0.868403 0.727025
vt 0.947075 0.350981
vt 0.602046 0.426309
vt 0.079248 0.451268
vt 0.856851 0.320701
vt 0.832614 0.326423
vt 0.902809 0.097556
vt 0.021674 0.489343
vt 0.030659 0.484606
vt 0.669533 0.055596
vt 0.935755 0.301398
vt 0.030968 0.249310
vt 0.049658 0.225692
vt 0.659482 0.085951
vt 0.006623 0.769045
vt 0.003249 0.810930
vt 0.002672 0.769045
vt 0.005913 0.725273
vt 0.830315 0.562954
vt 0.815697 0.100829
vt 0.713513 0.568054
vt 0.332884 0.852482
vt 0.871484 0.513012
vt 0.915433 0.512730
vt 0.392000 0.957663
vt 0.412379 0.911155
vt 0.769467 0.353511
vt 0.754653 0.303309
vt 0.623874 0.849170
vt 0.677193 0.842257
vt 0.266213 0.161998
vt 0.844901 0.414535
vt 0.313018 0.502886
vt 0.329174 0.503558
vt 0.107990 0.223887
vt 0.105810 0.219781
vt 0.643366 0.567791
vt 0.033287 0.622670
vt 0.095283 0.634916
vt 0.014306 0.643104
vt 0.703907 0.885549
vt 0.242127 0.529435
vt 0.209867 0.528643
vt 0.223207 0.512245
vt 0.239891 0.559498
vt 0.502125 0.895745
vt 0.736260 0.001442
vt 0.761284 0.978123
vt 0.438667 0.183640
vt 0.775071 0.863475
vt 0.568032 0.485529
vt 0.304100 0.433653
vt 0.231191 0.882747
vt 0.551685 0.967531
vt 0.093235 0.662939
vt 0.375382 0.925045
vt 0.078703 0.652352
vt 0.456337 0.200651
vt 0.770318 0.271545
vt 0.987587 0.951688
vt 0.992907 0.995015
vt 0.972358 0.997921
vt 0.953419 0.523195
vt 0.736477 0.681988
vt 0.889126 0.920979
vt 0.620794 0.224442
vt 0.330809 0.436144
vt 0.342555 0.456038
vt 0.579357 0.584848
vt 0.337755 0.628063
vt 0.352580 0.622905
vt 0.028682 0.182063
vt 0.002465 0.182496
vt 0.028400 0.177748
vt 0.002371 0.187420
vt 0.460981 0.153230
vt 0.494971 0.281029
vt 0.485186 0.301272
vt 0.426810 0.652685
vt 0.930640 0.066595
vt 0.522942 0.099457
vt 0.615643 0.389986
vt 0.144211 0.900697
vt 0.150169 0.913434
vt 0.566648 0.423231
vt 0.876351 0.376083
vt 0.886426 0.402057
vt 0.662970 0.066602
vt 0.681870 0.092483
vt 0.645881 0.073134
vt 0.107761 0.197342
vt 0.903537 0.651713
vt 0.313542 0.912629
vt 0.166757 0.953589
vt 0.175870 0.969301
vt 0.435773 0.585425
vt 0.427813 0.785375
vt 0.410985 0.805179
vt 0.214158 0.727226
vt 0.234620 0.710556
vt 0.207699 0.714940
vt 0.394174 0.317566
vt 0.209041 0.209506
vt 0.668549 0.442974
vt 0.647349 0.460931
vt 0.874277 0.007910
vt 0.905348 0.006520
vt 0.905068 0.010604
vt 0.084801 0.758607
vt 0.873620 0.033436
vt 0.801382 0.346249
vt 0.027963 0.567836
vt 0.769097 0.266948
vt 0.253944 0.240673
vt 0.828238 0.233114
vt 0.826058 0.225114
vt 0.282958 0.105165
vt 0.884981 0.624394
vt 0.781158 0.521243
vt 0.788380 0.492242
vt 0.681059 0.678338
vt 0.787794 0.070329
vt 0.477447 0.315949
vt 0.084183 0.242020
vt 0.480246 0.605348
vt 0.394032 0.088434
vt 0.891048 0.358821
vt 0.865007 0.347647
vt 0.906299 0.403103
vt 0.207072 0.105082
vt 0.871415 0.655708
vt 0.877281 0.682122
vt 0.144503 0.990993
vt 0.144503 0.950788
vt 0.152953 0.989836
vt 0.413611 0.858838
vt 0.097893 0.699277
vt 0.354490 0.393485
vt 0.389287 0.408556
vt 0.149426 0.125057
vt 0.822100 0.216158
vt 0.136833 0.615725
vt 0.004493 0.079177
vt 0.017150 0.089308
vt 0.306348 0.573591
vt 0.702785 0.216033
vt 0.833945 0.099851
vt 0.098943 0.323915
vt 0.130204 0.317682
vt 0.134663 0.327925
vt 0.170450 0.311787
vt 0.154400 0.316923
vt 0.466681 0.859556
vt 0.743688 0.766978
vt 0.039695 0.427489
vt 0.076525 0.816503
vt 0.017470 0.860628
vt 0.976965 0.656255
vt 0.517048 0.579295
vt 0.460841 0.020427
vt 0.840739 0.125996
vt 0.880027 0.123031
vt 0.623369 0.793720
vt 0.412180 0.828450
vt 0.286537 0.485471
vt 0.271349 0.492453
vt 0.157318 0.323416
vt 0.169634 0.323706
vt 0.959355 0.817999
vt 0.004939 0.943818
vt 0.015609 0.943818
vt 0.007141 0.977905
vt 0.954146 0.851368
vt 0.786052 0.671476
vt 0.818171 0.615694
vt 0.792621 0.670191
vt 0.758719 0.657021
vt 0.017792 0.596606
vt 0.730846 0.844738
vt 0.426435 0.857804
vt 0.104935 0.690363
vt 0.229913 0.156026
vt 0.395208 0.944612
vt 0.251895 0.960157
vt 0.968154 0.168526
vt 0.962275 0.189540
vt 0.955992 0.190080
vt 0.530989 0.803168
vt 0.431133 0.586896
vt 0.186565 0.448182
vt 0.197984 0.438594
vt 0.171547 0.378462
vt 0.056238 0.233371
vt 0.493520 0.057194
vt 0.490357 0.077577
vt 0.805613 0.801650
vt 0.777357 0.604223
vt 0.143149 0.448609
vt 0.226347 0.021430
vt 0.196179 0.027342
vt 0.194042 0.015222
vt 0.088805 0.042830
vt 0.086959 0.020186
vt 0.095338 0.071764
vt 0.545593 0.452389
vt 0.964516 0.229950
vt 0.636063 0.009652
vt 0.636063 0.005025
vt 0.681452 0.009259
vt 0.876859 0.291895
vt 0.874846 0.286299
vt 0.322314 0.334975
vt 0.420019 0.852911
vt 0.411746 0.851869
vt 0.979356 0.259774
vt 0.611486 0.224241
vt 0.231883 0.648509
vt 0.814453 0.998298
vt 0.635373 0.378348
vt 0.732432 0.642881
vt 0.570258 0.240731
vt 0.594249 0.281992
vt 0.652264 0.289037
vt 0.651133 0.294040
vt 0.778618 0.994089
vt 0.759932 0.980513
vt 0.793884 0.970686
vt 0.016705 0.912609
vt 0.950863 0.887085
vt 0.958299 0.909383
vt 0.003585 0.162797
vt 0.990367 0.377473
vt 0.008056 0.564051
vt 0.008410 0.543407
vt 0.019012 0.565820
vt 0.114512 0.236384
vt 0.386921 0.979824
vt 0.396760 0.960324
vt 0.413316 0.982371
vt 0.377163 0.956963
vt 0.389736 0.409543
vt 0.373738 0.407906
vt 0.402070 0.411710
vt 0.489543 0.661697
vt 0.480078 0.670222
vt 0.773381 0.531649
vt 0.642253 0.199313
vt 0.652458 0.213223
vt 0.633327 0.194894
vt 0.516832 0.675762
vt 0.520599 0.602825
vt 0.524137 0.616000
vt 0.142430 0.935625
vt 0.155026 0.974393
vt 0.151046 0.974845
vt 0.012453 0.399455
vt 0.659721 0.306609
vt 0.160172 0.762944
vt 0.984913 0.691870
vt 0.731312 0.695421
vt 0.131630 0.484553
vt 0.334709 0.843782
vt 0.725520 0.904032
vt 0.820376 0.789669
vt 0.012956 0.300992
vt 0.797994 0.902571
vt 0.537789 0.356366
vt 0.096239 0.245141
vt 0.625208 0.910033
vt 0.706228 0.000138
vt 0.016587 0.041922
vt 0.011300 0.042854
vt 0.013118 0.019279
vt 0.998381 0.050695
vt 0.988899 0.021512
vt 0.994586 0.019755
vt 0.351880 0.079087
vt 0.397161 0.089958
vt 0.333450 0.089102
vt 0.146941 0.024181
vt 0.144918 0.266272
vt 0.156839 0.288632
vt 0.381093 0.492585
vt 0.486064 0.984661
vt 0.573958 0.558488
vt 0.563845 0.563953
vt 0.252405 0.415758
vt 0.510630 0.031009
vt 0.512246 0.082668
vt 0.547534 0.111755
vt 0.395871 0.577566
vt 0.722541 0.642168
vt 0.844590 0.819598
vt 0.169821 0.601084
vt 0.374395 0.545639
vt 0.044639 0.146857
vt 0.770296 0.626677
vt 0.915216 0.759637
vt 0.916733 0.809706
vt 0.589026 0.110143
vt 0.584570 0.122297
vt 0.609738 0.106053
vt 0.253358 0.564219
vt 0.611721 0.277889
vt 0.933942 0.009376
vt 0.153006 0.249110
vt 0.137884 0.232229
vt 0.625567 0.521969
vt 0.416186 0.067576
vt 0.495712 0.656995
vt 0.635458 0.009271
vt 0.590080 0.009271
vt 0.634694 0.004428
vt 0.304530 0.596434
vt 0.727029 0.459645
vt 0.721553 0.747867
vt 0.199125 0.439029
vt 0.794838 0.700475
vt 0.210297 0.373062
vt 0.206695 0.488450
vt 0.358920 0.168668
vt 0.038743 0.125037
vt 0.973889 0.255739
vt 0.966904 0.243766
vt 0.854946 0.768118
vt 0.259522 0.162677
vt 0.234801 0.143410
vt 0.573424 0.011787
vt 0.091021 0.612286
vt 0.345282 0.593542
vt 0.499913 0.106914
vt 0.806565 0.354732
vt 0.015896 0.336246
vt 0.025438 0.384211
vt 0.007341 0.387011
vt 0.994378 0.219834
vt 0.998850 0.232529
vt 0.983386 0.213318
vt 0.142193 0.265061
vt 0.120681 0.497557
vt 0.875189 0.002041
vt 0.393404 0.554365
vt 0.401587 0.577505
vt 0.603086 0.348169
vt 0.344869 0.501833
vt 0.027912 0.235546
vt 0.653759 0.284994
vt 0.318079 0.410495
vt 0.805189 0.730734
vt 0.281382 0.350615
vt 0.692964 0.005014
vt 0.677730 0.013170
vt 0.612172 0.326500
vt 0.842677 0.086669
vt 0.874140 0.098751
vt 0.319737 0.334063
vt 0.557831 0.674194
vt 0.397869 0.553825
vt 0.998962 0.722295
vt 0.259410 0.578598
vt 0.472510 0.737828
vt 0.405188 0.577349
vt 0.237406 0.858827
vt 0.299168 0.991564
vt 0.291606 0.994021
vt 0.286937 0.964883
vt 0.062009 0.322197
vt 0.326967 0.856659
vt 0.162387 0.950892
vt 0.024223 0.420114
vt 0.462217 0.872643
vt 0.034646 0.065780
vt 0.466822 0.742300
vt 0.746962 0.927145
vt 0.566415 0.904887
vt 0.539630 0.949693
vt 0.603443 0.223520
vt 0.166728 0.891419
vt 0.481151 0.314708
vt 0.535591 0.850091
vt 0.752739 0.179678
vt 0.745671 0.984431
vt 0.759221 0.965780
vt 0.756001 0.991656
vt 0.757084 0.439866
vt 0.187087 0.983771
vt 0.798145 0.962686
vt 0.842499 0.908111
vt 0.524238 0.493087
vt 0.302728 0.774225
vt 0.312020 0.090498
vt 0.311254 0.080419
vt 0.734421 0.022161
vt 0.860851 0.839383
vt 0.851395 0.862432
vt 0.321670 0.068504
vt 0.617844 0.111092
s 1
usemtl Material
f 1/1/1 2/2/2 3/3/3
f 1/1/1 4/4/4 2/2/2
f 1/1/1 5/5/5 4/4/4
f 1/1/1 3/3/3 6/6/6
f 1/1/1 7/7/7 5/5/5
f 1/1/1 6/6/6 8/8/8
f 1/1/1 9/9/9 7/7/7
f 1/1/1 8/8/8 9/9/9
f 10/10/10 11/11/11 12/12/12
f 10/10/10 13/13/13 11/11/11
f 10/14/14 14/15/15 15/16/16
f 10/14/14 16/17/17 13/18/13
f 10/14/14 15/16/16 16/17/17
f 10/10/10 12/12/12 14/19/18
f 17/20/19 18/21/20 19/22/21
f 17/20/19 19/22/21 20/23/22
f 17/20/19 21/24/23 22/25/24
f 17/20/19 22/25/24 23/26/25
f 17/20/19 23/26/25 18/21/20
f 17/20/19 20/23/22 21/24/23
f 24/27/26 25/28/27 26/29/28
f 24/27/26 27/30/29 28/31/30
f 24/27/26 26/29/28 29/32/31
f 24/27/26 29/32/31 27/30/29
f 24/27/26 28/31/30 25/28/27
f 30/33/32 31/34/33 32/35/34
f 30/33/32 33/36/35 31/34/33
f 30/33/32 34/37/36 35/38/37
f 30/33/32 32/35/34 34/37/36
f 30/39/32 35/40/38 36/41/39
f 30/42/40 36/43/39 33/44/35
f 37/45/41 38/46/42 39/47/43
f 37/45/41 40/48/44 41/49/45
f 37/45/41 42/50/46 40/48/44
f 37/45/41 41/49/45 38/46/42
f 37/45/41 39/47/43 43/51/47
f 37/45/41 43/51/47 42/50/46
f 44/52/48 45/53/49 46/54/50
f 44/52/48 46/54/50 47/55/51
f 44/56/52 48/57/53 45/58/54
f 44/59/55 49/60/56 50/61/57
f 44/59/55 50/61/57 48/62/53
f 44/63/52 47/64/51 49/65/58
f 51/66/59 52/67/60 53/68/61
f 51/66/59 54/69/62 52/67/60
f 51/66/59 55/70/63 56/71/64
f 51/66/59 53/68/61 55/70/63
f 51/66/59 56/71/64 57/72/65
f 51/66/59 57/72/65 54/69/62
f 58/73/66 59/74/67 60/75/68
f 58/73/66 61/76/69 59/74/67
f 58/73/66 62/77/70 63/78/71
f 58/73/66 60/75/68 62/77/70
f 58/79/66 64/80/72 61/81/69
f 58/79/66 63/82/71 64/80/72
f 65/83/73 66/84/74 67/85/75
f 65/83/73 67/85/75 68/86/76
f 65/87/73 69/88/77 66/89/74
f 65/83/73 70/90/78 71/91/79
f 65/87/73 71/92/79 69/88/77
f 65/83/73 68/86/76 70/90/78
f 72/93/80 73/94/81 74/95/82
f 72/93/80 75/96/83 73/94/81
f 72/93/80 74/95/82 76/97/84
f 72/93/80 76/97/84 77/98/85
f 72/93/80 78/99/86 75/96/83
f 72/93/80 77/98/85 78/99/86
f 79/100/87 80/101/88 81/102/89
f 79/100/87 81/102/89 82/103/90
f 79/104/87 83/105/91 84/106/92
f 79/100/87 85/107/93 83/108/94
f 79/104/87 84/106/92 80/109/88
f 79/100/87 82/103/90 85/107/93
f 86/110/95 87/111/96 88/112/97
f 86/113/95 89/114/98 90/115/99
f 86/116/95 90/117/100 91/118/101
f 86/116/95 91/118/101 92/119/102
f 86/116/95 93/120/103 87/121/96
f 86/116/95 92/119/102 93/120/103
f 86/113/95 88/122/97 89/114/98
f 94/123/104 95/124/105 96/125/106
f 94/123/104 97/126/107 98/127/108
f 94/123/104 96/125/106 99/128/109
f 94/123/104 100/129/110 97/126/107
f 94/123/104 99/128/109 100/129/110
f 94/123/104 98/127/108 95/124/105
f 101/130/111 102/131/112 103/132/113
f 101/133/111 104/134/114 105/135/115
f 101/130/111 106/136/116 102/131/112
f 101/137/111 105/138/115 106/139/116
f 101/130/111 107/140/117 104/141/114
f 101/130/111 103/132/113 107/140/117
f 108/142/118 109/143/119 110/144/120
f 108/142/118 111/145/121 112/146/122
f 108/142/118 113/147/123 111/145/121
f 108/142/118 110/144/120 114/148/124
f 108/142/118 112/146/122 109/143/119
f 108/142/118 114/148/124 113/147/123
f 115/149/125 116/150/126 117/151/127
f 115/152/125 117/153/127 118/154/128
f 115/149/125 119/155/129 120/156/130
f 115/149/125 120/156/130 116/150/126
f 115/149/125 118/157/128 121/158/131
f 115/149/125 121/158/131 119/155/129
f 122/159/132 123/160/133 124/161/134
f 122/159/132 125/162/135 126/163/136
f 122/159/132 124/161/134 127/164/137
f 122/159/132 127/164/137 125/162/135
f 122/159/132 126/163/136 128/165/138
f 122/159/132 128/165/138 123/160/133
f 129/166/139 130/167/140 131/168/141
f 129/166/139 132/169/142 133/170/143
f 129/166/139 131/168/141 132/169/142
f 129/171/139 134/172/144 135/173/145
f 129/171/139 135/173/145 130/174/140
f 129/171/139 133/175/143 134/172/144
f 136/176/146 137/177/147 138/178/148
f 136/176/146 138/178/148 139/179/149
f 136/176/146 139/179/149 140/180/150
f 136/176/146 141/181/151 142/182/152
f 136/176/146 142/182/152 137/177/147
f 136/176/146 140/180/150 141/181/151
f 143/183/153 144/184/154 145/185/155
f 143/183/153 146/186/156 144/184/154
f 143/183/153 147/187/157 146/186/156
f 143/183/153 148/188/158 149/189/159
f 143/183/153 150/190/159 147/187/157
f 143/183/153 145/185/155 148/188/158
f 143/183/153 149/189/159 150/190/159
f 151/191/160 152/192/161 153/193/162
f 151/191/160 154/194/163 155/195/164
f 151/191/160 153/193/162 156/196/165
f 151/197/160 157/198/166 154/199/167
f 151/191/160 155/195/164 152/192/161
f 151/197/160 156/200/165 157/198/166
f 158/201/168 159/202/169 160/203/170
f 158/201/168 161/204/171 159/202/169
f 158/201/168 160/203/170 162/205/172
f 158/201/168 162/205/172 163/206/173
f 158/201/168 163/206/173 164/207/174
f 158/201/168 164/207/174 161/204/171
f 165/208/175 166/209/176 167/210/177
f 165/208/175 168/211/178 166/209/176
f 165/212/175 167/213/179 169/214/180
f 165/208/175 169/215/180 170/216/181
f 165/208/175 170/216/181 168/211/178
f 171/217/182 172/218/183 173/219/184
f 171/217/182 174/220/185 172/218/183
f 171/221/182 175/222/186 174/223/187
f 171/221/182 176/224/188 175/222/186
f 171/217/182 173/219/184 177/225/189
f 171/221/182 177/226/189 176/224/188
f 178/227/190 179/228/191 180/229/192
f 178/227/190 180/229/192 181/230/193
f 178/227/190 182/231/194 183/232/195
f 178/227/190 183/232/195 184/233/196
f 178/227/190 181/230/193 185/234/197
f 178/227/190 185/234/197 182/231/194
f 178/235/198 184/236/196 179/237/199
f 186/238/200 187/239/201 188/240/202
f 186/241/200 189/242/203 190/243/204
f 186/244/200 191/245/205 192/246/206
f 186/244/200 188/247/202 191/245/205
f 186/241/200 190/243/204 187/248/207
f 186/249/208 192/250/209 189/251/210
f 193/252/211 194/253/212 195/254/213
f 193/252/211 196/255/214 197/256/215
f 193/252/211 195/254/213 196/255/214
f 193/257/211 198/258/216 194/259/212
f 193/252/211 199/260/217 198/261/216
f 193/252/211 197/256/215 199/260/217
f 200/262/218 201/263/219 202/264/220
f 200/262/218 203/265/221 201/263/219
f 200/262/218 204/266/222 205/267/223
f 200/262/218 205/267/223 206/268/224
f 200/262/218 206/268/224 203/265/221
f 200/262/218 202/264/220 204/266/222
f 207/269/225 208/270/226 209/271/227
f 207/269/225 210/272/228 211/273/229
f 207/269/225 212/274/230 213/275/231
f 207/276/232 211/277/229 208/278/226
f 207/269/225 209/271/227 212/274/230
f 207/269/225 213/275/231 210/272/228
f 214/279/233 215/280/234 216/281/235
f 214/279/233 216/281/235 217/282/236
f 214/279/233 217/282/236 218/283/237
f 214/279/233 218/283/237 219/284/238
f 214/279/233 220/285/239 215/280/234
f 214/279/233 219/284/238 220/285/239
f 221/286/240 222/287/241 223/288/242
f 221/289/240 224/290/243 225/291/244
f 221/292/245 223/293/246 226/294/247
f 221/286/240 227/295/248 222/287/241
f 221/286/240 225/296/244 227/295/248
f 221/292/245 226/294/247 224/297/249
f 228/298/250 229/299/251 230/300/252
f 228/298/250 230/300/252 231/301/253
f 228/298/250 232/302/254 233/303/255
f 228/298/250 231/301/253 234/304/256
f 228/298/250 234/304/256 232/302/254
f 228/298/250 233/303/255 229/299/251
f 235/305/257 236/306/258 237/307/259
f 235/308/257 238/309/260 239/310/261
f 235/305/257 237/307/259 240/311/262
f 235/308/257 241/312/263 238/309/260
f 235/305/257 239/313/264 236/306/258
f 235/308/257 240/314/265 241/312/263
f 242/315/266 243/316/267 244/317/268
f 242/318/266 245/319/269 246/320/270
f 242/315/266 246/321/270 243/316/267
f 242/318/266 247/322/271 245/319/269
f 242/315/266 244/317/268 248/323/272
f 242/318/266 248/324/272 247/322/271
f 249/325/273 250/326/159 251/327/274
f 249/328/273 252/329/275 253/330/276
f 249/325/273 254/331/159 250/326/159
f 249/328/273 253/330/276 255/332/277
f 249/328/273 255/332/277 254/333/159
f 249/328/273 251/334/278 252/329/275
f 256/335/279 257/336/280 258/337/281
f 256/338/282 259/339/283 260/340/284
f 256/335/279 258/337/281 259/341/283
f 256/342/282 261/343/285 257/344/286
f 256/338/282 262/345/287 261/346/285
f 256/338/282 260/340/284 262/345/287
f 263/347/288 264/348/289 265/349/290
f 263/350/291 266/351/292 264/352/293
f 263/353/288 265/354/290 267/355/294
f 263/356/295 267/357/296 268/358/297
f 263/350/291 269/359/298 266/351/292
f 263/356/295 268/358/297 269/360/299
f 270/361/300 271/362/301 89/114/98
f 270/361/300 272/363/302 273/364/303
f 270/365/304 89/366/98 88/367/97
f 270/361/300 273/364/303 271/362/301
f 270/365/304 274/368/305 275/369/306
f 270/365/304 88/367/97 274/368/305
f 270/365/304 275/369/306 272/370/302
f 276/371/307 277/372/308 278/373/309
f 276/374/310 279/375/311 280/376/312
f 276/371/307 278/373/309 279/377/313
f 276/371/307 281/378/314 282/379/315
f 276/371/307 282/379/315 277/372/308
f 276/374/310 280/376/312 281/380/316
f 283/381/317 284/382/318 285/383/319
f 283/384/320 286/385/321 287/386/322
f 283/384/320 288/387/323 284/388/318
f 283/384/320 285/389/319 286/385/321
f 283/384/320 287/386/322 288/387/323
f 11/11/11 13/13/13 289/390/324
f 11/11/11 290/391/325 12/12/12
f 11/11/11 291/392/326 290/391/325
f 11/11/11 289/390/324 291/392/326
f 292/393/327 293/394/328 294/395/329
f 292/393/327 295/396/330 296/397/331
f 292/398/327 297/399/332 298/400/333
f 292/398/327 294/401/329 297/399/332
f 292/393/327 296/397/331 293/394/328
f 292/398/327 298/400/333 295/402/334
f 299/403/335 300/404/336 66/405/74
f 299/406/337 66/89/74 69/88/77
f 299/406/337 69/88/77 301/407/338
f 299/403/335 302/408/339 300/404/336
f 299/406/337 301/407/338 303/409/340
f 299/403/335 304/410/341 302/408/339
f 299/403/335 303/411/340 304/410/341
f 305/412/342 306/413/343 307/414/344
f 305/412/342 308/415/345 309/416/346
f 305/417/342 307/418/347 310/419/348
f 305/412/342 309/416/346 306/413/343
f 305/417/342 311/420/349 308/421/345
f 305/417/342 310/419/348 311/420/349
f 312/422/350 313/423/351 314/424/352
f 312/422/350 315/425/353 316/426/354
f 312/422/350 314/424/352 317/427/355
f 312/422/350 318/428/356 315/425/353
f 312/422/350 319/429/357 318/428/356
f 312/422/350 316/426/354 313/423/351
f 312/422/350 317/427/355 319/429/357
f 320/430/358 321/431/359 322/432/360
f 320/433/361 322/434/360 323/435/362
f 320/430/358 220/436/239 324/437/363
f 320/430/358 324/437/363 321/431/359
f 320/433/361 323/435/362 325/438/364
f 320/433/361 325/438/364 220/439/365
f 326/440/366 327/441/367 227/295/248
f 326/440/366 328/442/368 329/443/369
f 326/440/366 329/443/369 330/444/370
f 326/445/371 330/446/372 327/447/367
f 326/440/366 227/295/248 225/296/244
f 326/440/366 225/296/244 328/442/368
f 331/448/159 332/449/159 333/450/159
f 331/451/159 334/452/159 335/453/373
f 331/451/159 336/454/159 337/455/159
f 331/448/159 333/450/159 336/456/159
f 331/448/159 335/457/374 332/449/159
f 331/451/159 337/455/159 334/452/159
f 338/458/375 339/459/376 340/460/377
f 338/458/375 341/461/378 342/462/379
f 338/458/375 342/462/379 343/463/380
f 338/458/375 340/460/377 344/464/381
f 338/458/375 343/463/380 339/459/376
f 338/458/375 344/464/381 341/461/378
f 345/465/382 346/466/383 347/467/384
f 345/465/382 348/468/385 349/469/386
f 345/465/382 97/470/387 350/471/388
f 345/465/382 347/467/384 97/470/387
f 345/465/382 349/469/386 346/466/383
f 345/465/382 350/471/388 348/468/385
f 351/472/389 352/473/390 353/474/391
f 351/472/389 354/475/392 355/476/393
f 351/477/389 356/478/394 357/479/395
f 351/477/389 357/479/395 354/480/392
f 351/472/389 355/476/393 352/473/390
f 351/472/389 353/474/391 356/481/394
f 358/482/396 359/483/397 360/484/398
f 358/482/396 361/485/399 362/486/400
f 358/482/396 363/487/401 359/483/397
f 358/482/396 362/486/400 363/487/401
f 358/482/396 360/484/398 364/488/402
f 358/482/396 364/488/402 365/489/403
f 358/482/396 365/489/403 361/485/399
f 366/490/404 367/491/405 368/492/406
f 366/490/404 369/493/407 370/494/408
f 366/490/404 371/495/409 369/493/407
f 366/490/404 372/496/410 367/491/405
f 366/490/404 370/494/408 372/496/410
f 366/490/404 368/492/406 371/495/409
f 373/497/411 374/498/412 375/499/413
f 373/500/411 376/501/414 374/502/415
f 373/500/411 377/503/416 376/501/414
f 373/497/411 375/499/413 378/504/417
f 373/500/411 379/505/418 377/503/416
f 373/497/411 378/504/417 379/506/418
f 380/507/419 381/508/420 382/509/421
f 380/507/419 382/509/421 383/510/422
f 380/511/419 384/512/423 385/513/424
f 380/507/419 383/510/422 386/514/425
f 380/511/419 386/515/425 384/512/423
f 380/511/419 385/513/424 381/516/420
f 387/517/426 388/518/427 389/519/428
f 387/517/426 390/520/429 388/518/427
f 387/521/430 389/522/428 391/523/431
f 387/521/430 391/523/431 392/524/432
f 387/517/426 393/525/433 390/520/429
f 387/517/426 392/526/432 393/525/433
f 394/527/434 395/528/435 396/529/436
f 394/527/434 397/530/437 395/528/435
f 394/531/434 398/532/438 397/533/437
f 394/527/434 399/534/439 400/535/440
f 394/527/434 396/529/436 399/534/439
f 394/531/434 401/536/441 398/532/438
f 394/527/434 400/535/440 401/537/441
f 402/538/442 403/539/443 404/540/444
f 402/538/442 405/541/445 406/542/446
f 402/538/442 406/542/446 403/539/443
f 402/538/442 407/543/447 408/544/448
f 402/538/442 404/540/444 407/543/447
f 402/538/442 408/544/448 405/541/445
f 409/545/449 410/546/450 411/547/451
f 409/545/449 411/547/451 412/548/452
f 409/549/453 412/550/452 413/551/454
f 409/549/453 413/551/454 414/552/455
f 409/545/449 415/553/456 410/546/450
f 409/549/453 414/552/455 415/554/456
f 416/555/457 417/556/458 418/557/459
f 416/558/457 419/559/460 420/560/461
f 416/558/457 420/560/461 421/561/462
f 416/558/457 421/561/462 417/562/463
f 416/555/457 418/557/459 419/563/464
f 422/564/465 423/565/466 424/566/467
f 422/564/465 425/567/468 423/565/466
f 422/564/465 424/566/467 426/568/469
f 422/564/465 427/569/470 425/567/468
f 422/564/465 426/568/469 428/570/471
f 422/571/465 428/572/471 427/573/472
f 429/574/473 328/575/474 430/576/475
f 429/577/473 430/578/476 431/579/477
f 429/577/473 432/580/478 433/581/479
f 429/574/473 329/582/369 328/575/474
f 429/577/473 431/579/477 432/580/478
f 429/583/473 433/584/480 329/585/369
f 434/586/481 435/587/482 155/588/483
f 434/586/481 436/589/484 437/590/485
f 434/586/481 154/591/167 436/589/484
f 434/586/481 437/590/485 438/592/486
f 434/586/481 438/592/486 435/587/482
f 434/586/481 155/588/483 154/591/167
f 439/593/487 440/594/488 441/595/489
f 439/596/490 442/597/491 443/598/492
f 439/599/490 441/600/489 442/601/491
f 439/593/487 444/602/493 440/594/488
f 439/596/490 443/598/492 445/603/494
f 439/596/490 445/603/494 444/604/495
f 446/605/496 341/606/378 447/607/497
f 446/605/496 448/608/498 449/609/499
f 446/605/496 449/609/499 450/610/500
f 446/605/496 451/611/501 341/606/378
f 446/605/496 447/607/497 448/608/498
f 446/605/496 450/610/500 451/611/501
f 452/612/502 453/613/503 454/614/504
f 452/612/502 455/615/505 456/616/506
f 452/612/502 454/614/504 457/617/507
f 452/612/502 457/617/507 455/615/505
f 452/612/502 458/618/508 453/613/503
f 452/612/502 456/616/506 458/618/508
f 459/619/509 460/620/510 461/621/511
f 459/619/509 462/622/512 463/623/513
f 459/619/509 464/624/514 462/622/512
f 459/619/509 465/625/515 464/624/514
f 459/626/509 466/627/516 467/628/517
f 459/619/509 463/623/513 466/629/516
f 459/626/509 467/628/517 460/630/510
f 459/619/509 461/621/511 465/625/515
f 468/631/518 469/632/519 470/633/520
f 468/631/518 471/634/521 472/635/522
f 468/631/518 472/635/522 469/632/519
f 468/631/518 470/633/520 473/636/523
f 468/631/518 474/637/524 471/634/521
f 468/631/518 473/636/523 474/637/524
f 475/638/525 476/639/526 477/640/527
f 475/638/525 4/641/528 478/642/529
f 475/638/525 477/640/527 4/641/528
f 475/638/525 479/643/530 476/639/526
f 475/638/525 480/644/531 479/643/530
f 475/638/525 478/642/529 480/644/531
f 481/645/532 482/646/533 483/647/534
f 481/645/532 483/647/534 484/648/535
f 481/645/532 485/649/536 486/650/537
f 481/645/532 486/650/537 482/646/533
f 481/645/532 484/648/535 487/651/538
f 481/645/532 487/651/538 485/649/536
f 488/652/159 489/653/159 490/654/159
f 488/652/159 491/655/539 492/656/540
f 488/657/159 493/658/541 489/659/159
f 488/652/159 490/654/159 491/655/539
f 488/652/159 492/656/540 494/660/542
f 488/652/159 494/660/542 493/661/543
f 495/662/544 496/663/545 497/664/546
f 495/662/544 498/665/547 499/666/548
f 495/662/544 499/666/548 496/663/545
f 495/662/544 500/667/549 501/668/550
f 495/662/544 497/664/546 500/667/549
f 495/662/544 501/668/550 498/665/547
f 502/669/551 503/670/552 504/671/553
f 502/672/554 505/673/555 506/674/556
f 502/669/551 504/671/553 505/675/555
f 502/672/554 507/676/557 508/677/558
f 502/672/554 506/674/556 507/676/557
f 502/669/551 508/678/558 503/670/552
f 509/679/559 510/680/560 511/681/561
f 509/682/562 512/683/563 513/684/564
f 509/685/562 513/686/565 510/687/560
f 509/679/559 514/688/566 512/689/567
f 509/679/559 511/681/561 47/690/51
f 509/679/559 47/690/51 514/688/566
f 515/691/568 516/692/569 517/693/570
f 515/694/571 52/67/60 518/695/572
f 515/694/571 519/696/573 520/697/574
f 515/694/571 517/698/570 52/67/60
f 515/691/568 521/699/575 516/692/569
f 515/694/571 518/695/572 519/696/573
f 515/691/568 520/700/576 521/699/575
f 522/701/577 523/702/578 524/703/579
f 522/701/577 525/704/580 523/702/578
f 522/705/577 524/706/579 526/707/581
f 522/705/577 527/708/582 525/709/580
f 522/705/577 526/707/581 528/710/583
f 522/705/577 528/710/583 529/711/584
f 522/705/577 529/711/584 527/708/582
f 172/218/183 174/220/185 530/712/585
f 172/218/183 531/713/586 173/219/184
f 172/218/183 530/712/585 532/714/587
f 172/715/183 532/716/588 531/717/589
f 533/718/590 534/719/591 535/720/592
f 533/718/590 536/721/593 537/722/594
f 533/718/590 537/722/594 534/719/591
f 533/723/590 538/724/595 536/725/593
f 533/723/590 535/726/596 539/727/597
f 533/723/590 539/727/597 538/724/595
f 540/728/598 541/729/599 542/730/600
f 540/731/598 543/732/601 544/733/602
f 540/728/598 545/734/603 546/735/604
f 540/728/598 546/735/604 541/729/599
f 540/728/598 544/736/602 545/734/603
f 540/731/598 542/737/600 543/732/601
f 547/738/605 548/739/606 549/740/607
f 547/741/605 550/742/608 551/743/609
f 547/738/605 104/744/114 548/739/606
f 547/741/605 549/745/610 552/746/611
f 547/738/605 551/747/609 104/744/114
f 547/741/605 552/746/611 550/742/608
f 553/748/612 554/749/613 555/750/614
f 553/748/612 556/751/615 557/752/616
f 553/748/612 557/752/616 554/749/613
f 553/748/612 558/753/617 559/754/618
f 553/748/612 559/754/618 556/751/615
f 553/748/612 555/750/614 558/753/617
f 560/755/619 561/756/620 21/24/23
f 560/757/621 562/758/622 563/759/623
f 560/760/624 21/761/23 564/762/625
f 560/760/624 564/762/625 562/763/626
f 560/755/619 353/474/391 561/756/620
f 560/755/619 563/764/623 353/474/391
f 25/28/27 565/765/627 566/766/628
f 25/28/27 567/767/629 565/765/627
f 25/28/27 566/766/628 26/29/28
f 25/28/27 28/31/30 567/767/629
f 568/768/630 569/769/631 570/770/632
f 568/771/630 571/772/633 572/773/634
f 568/771/630 573/774/635 571/772/633
f 568/768/630 570/770/632 573/775/636
f 568/771/630 572/773/634 574/776/637
f 568/768/630 574/777/638 569/769/631
f 575/778/639 576/779/640 577/780/641
f 575/778/639 577/780/641 578/781/642
f 575/778/639 579/782/643 580/783/644
f 575/778/639 578/781/642 579/782/643
f 575/778/639 580/783/644 581/784/645
f 575/778/639 581/784/645 576/779/640
f 582/785/646 583/786/647 584/787/648
f 582/785/646 585/788/649 586/789/650
f 582/785/646 587/790/651 585/788/649
f 582/785/646 586/789/650 583/786/647
f 582/785/646 584/787/648 587/790/651
f 588/791/652 589/792/653 590/793/654
f 588/791/652 591/794/655 592/795/656
f 588/791/652 590/793/654 591/794/655
f 588/796/652 592/797/656 593/798/657
f 588/791/652 593/799/657 589/792/653
f 594/800/658 595/801/659 596/802/660
f 594/800/658 597/803/661 32/804/662
f 594/800/658 596/802/660 597/803/661
f 594/800/658 598/805/663 599/806/664
f 594/800/658 32/804/662 598/805/663
f 594/800/658 599/806/664 595/801/659
f 600/807/665 601/808/666 602/809/667
f 600/807/665 603/810/668 604/811/159
f 600/812/665 605/813/669 601/814/670
f 600/807/665 606/815/671 603/810/668
f 600/807/665 602/809/667 606/815/671
f 600/807/665 604/811/159 605/816/669
f 607/817/672 608/818/673 609/819/674
f 607/817/672 609/819/674 610/820/675
f 607/821/672 611/822/676 612/823/677
f 607/817/672 610/820/675 613/824/678
f 607/817/672 613/824/678 611/825/676
f 607/817/672 612/826/677 608/818/673
f 614/827/679 615/828/680 616/829/681
f 614/827/679 617/830/682 615/828/680
f 614/827/679 618/831/683 619/832/684
f 614/827/679 620/833/685 617/830/682
f 614/827/679 616/829/681 618/831/683
f 614/827/679 619/832/684 620/833/685
f 621/834/686 622/835/687 623/836/688
f 621/834/686 623/836/688 574/777/638
f 621/837/689 624/838/690 622/839/691
f 621/837/689 572/773/634 625/840/692
f 621/837/689 625/840/692 624/838/690
f 621/837/689 574/776/637 572/773/634
f 626/841/693 627/842/694 628/843/695
f 626/841/693 629/844/696 630/845/697
f 626/841/693 631/846/698 629/844/696
f 626/847/693 628/848/695 632/849/699
f 626/841/693 632/850/699 631/846/698
f 626/841/693 630/845/697 627/842/694
f 633/851/700 634/852/701 635/853/702
f 633/851/700 635/853/702 636/854/703
f 633/851/700 288/855/323 637/856/704
f 633/851/700 636/854/703 638/857/705
f 633/851/700 637/856/704 634/852/701
f 633/851/700 638/857/705 288/855/323
f 639/858/706 640/859/707 641/860/708
f 639/858/706 642/861/709 643/862/710
f 639/858/706 643/862/710 644/863/711
f 639/864/706 645/865/712 642/866/709
f 639/858/706 644/863/711 640/859/707
f 639/864/706 641/867/708 645/865/712
f 646/868/713 647/869/714 648/870/715
f 646/871/713 649/872/716 650/873/717
f 646/871/713 651/874/718 647/875/719
f 646/871/713 648/876/715 649/872/716
f 646/871/713 652/877/720 651/874/718
f 646/871/713 650/873/717 652/877/720
f 653/878/721 654/879/722 655/880/723
f 653/878/721 656/881/724 654/879/722
f 653/878/721 657/882/725 658/883/726
f 653/878/721 658/883/726 656/881/724
f 653/884/721 655/885/727 659/886/728
f 653/878/721 659/887/728 657/882/725
f 660/888/729 661/889/730 662/890/731
f 660/888/729 662/890/731 663/891/732
f 660/892/733 664/893/734 661/894/730
f 660/892/733 665/895/735 664/893/734
f 660/892/733 666/896/736 665/895/735
f 660/892/733 663/897/732 666/896/736
f 667/898/737 668/899/738 669/900/739
f 667/901/740 669/902/741 670/903/742
f 667/898/737 670/904/743 671/905/744
f 667/898/737 672/906/745 673/907/746
f 667/898/737 671/905/744 672/906/745
f 667/898/737 673/907/746 668/899/738
f 674/908/747 675/909/748 676/910/749
f 674/911/747 677/912/750 678/913/751
f 674/908/747 676/910/749 679/914/752
f 674/908/747 680/915/753 675/909/748
f 674/911/747 678/913/751 680/916/753
f 674/911/747 679/917/752 677/912/750
f 681/918/754 682/919/755 683/920/756
f 681/921/757 684/922/758 685/923/759
f 681/918/754 683/920/756 686/924/760
f 681/921/757 685/923/759 682/925/761
f 681/918/754 686/924/760 684/926/762
f 687/927/763 688/928/764 689/929/765
f 687/927/763 690/930/766 691/931/767
f 687/927/763 692/932/768 688/928/764
f 687/927/763 689/929/765 693/933/769
f 687/927/763 691/931/767 692/932/768
f 687/927/763 693/933/769 690/930/766
f 187/239/201 430/934/475 694/935/770
f 187/239/201 695/936/771 430/934/475
f 187/239/201 696/937/772 695/936/771
f 187/248/207 190/243/204 696/938/772
f 187/239/201 694/935/770 188/240/202
f 697/939/773 698/940/774 699/941/775
f 697/942/776 700/943/777 701/944/778
f 697/942/776 701/944/778 702/945/779
f 697/946/780 703/947/781 700/948/777
f 697/942/776 702/945/779 698/949/774
f 697/950/780 699/951/775 703/952/782
f 704/953/783 705/954/784 706/955/785
f 704/956/783 707/957/786 708/958/787
f 704/953/783 709/959/788 705/954/784
f 704/953/783 708/960/789 710/961/790
f 704/953/783 710/961/790 709/959/788
f 704/953/783 706/955/785 711/962/791
f 704/956/783 711/963/792 707/957/786
f 712/964/497 713/965/793 714/966/794
f 712/967/497 715/968/795 713/969/793
f 712/964/497 716/970/796 717/971/797
f 712/964/497 718/972/497 716/970/796
f 712/964/497 714/966/794 718/972/497
f 712/973/497 719/974/497 715/975/795
f 712/964/497 717/971/797 719/976/497
f 720/977/798 721/978/799 722/979/800
f 720/977/798 723/980/801 724/981/802
f 720/977/798 725/982/803 721/978/799
f 720/977/798 724/981/802 726/983/804
f 720/977/798 722/979/800 723/980/801
f 720/977/798 726/983/804 725/982/803
f 727/984/805 369/985/407 728/986/806
f 727/984/805 728/986/806 729/987/807
f 727/984/805 729/987/807 730/988/808
f 727/984/805 730/988/808 370/989/408
f 727/984/805 370/989/408 369/985/407
f 731/990/809 732/991/810 733/992/811
f 731/993/809 734/994/812 735/995/813
f 731/990/809 736/996/814 732/991/810
f 731/990/809 733/992/811 734/997/815
f 731/990/809 737/998/816 736/996/814
f 731/990/809 735/999/813 737/998/816
f 738/1000/817 739/1001/818 740/1002/819
f 738/1000/817 741/1003/820 742/1004/821
f 738/1000/817 740/1002/819 741/1003/820
f 738/1000/817 742/1004/821 743/1005/822
f 738/1000/817 743/1005/822 744/1006/823
f 738/1000/817 744/1006/823 739/1001/818
f 745/1007/824 388/1008/825 746/1009/826
f 745/1007/824 746/1009/826 747/1010/827
f 745/1011/824 748/1012/828 388/518/427
f 745/1007/824 747/1010/827 749/1013/829
f 745/1007/824 750/1014/830 748/1015/828
f 745/1007/824 749/1013/829 750/1014/830
f 137/1016/147 751/1017/831 752/1018/832
f 137/1016/147 752/1018/832 753/1019/833
f 137/177/147 753/1020/833 138/178/148
f 137/1016/147 142/1021/152 751/1017/831
f 144/184/154 146/186/156 754/1022/834
f 144/1023/154 754/1024/834 755/1025/835
f 144/1023/154 755/1025/835 655/885/727
f 144/184/154 655/1026/727 145/185/155
f 756/1027/836 757/1028/837 758/1029/838
f 756/1027/836 759/1030/839 760/1031/840
f 756/1032/836 758/1033/838 761/1034/841
f 756/1032/836 761/1034/841 762/1035/842
f 756/1032/836 762/1035/842 759/1036/839
f 756/1027/836 760/1031/840 757/1028/837
f 109/1037/119 763/1038/843 764/1039/844
f 109/1037/119 765/1040/845 110/1041/120
f 109/143/119 112/146/122 763/1042/843
f 109/1037/119 764/1039/844 765/1040/845
f 766/1043/846 767/1044/847 768/1045/848
f 766/1043/846 769/1046/849 770/1047/850
f 766/1043/846 771/1048/851 767/1044/847
f 766/1043/846 772/1049/852 769/1046/849
f 766/1043/846 768/1045/848 772/1049/852
f 766/1043/846 770/1047/850 771/1048/851
f 773/1050/853 774/1051/854 530/712/585
f 773/1050/853 174/220/185 775/1052/855
f 773/1053/853 776/1054/856 777/1055/857
f 773/1053/853 775/1056/855 776/1054/856
f 773/1050/853 530/712/585 174/220/185
f 773/1050/853 777/1057/857 774/1051/854
f 778/1058/858 779/1059/859 780/1060/860
f 778/1058/858 780/1060/860 781/1061/861
f 778/1058/858 782/1062/862 779/1059/859
f 778/1058/858 781/1061/861 783/1063/863
f 778/1058/858 784/1064/864 782/1062/862
f 778/1058/858 783/1063/863 784/1064/864
f 785/1065/865 786/1066/866 787/1067/867
f 785/1065/865 788/1068/868 789/1069/869
f 785/1070/865 789/1071/869 790/1072/870
f 785/1070/865 791/1073/871 786/1074/866
f 785/1070/865 790/1072/870 791/1073/871
f 785/1065/865 787/1067/867 788/1068/868
f 792/1075/872 793/1076/873 794/1077/874
f 792/1078/872 795/1079/875 796/1080/876
f 792/1075/872 796/1081/876 793/1076/873
f 792/1078/872 797/1082/877 795/1079/875
f 792/1075/872 794/1077/874 798/1083/878
f 792/1075/872 798/1083/878 797/1084/877
f 482/646/533 799/1085/879 800/1086/880
f 482/646/533 801/1087/881 799/1085/879
f 482/646/533 800/1086/880 483/647/534
f 482/646/533 486/650/537 801/1087/881
f 802/1088/882 803/1089/883 804/1090/884
f 802/1091/882 805/1092/885 806/1093/886
f 802/1088/882 807/1094/887 803/1089/883
f 802/1095/888 804/1096/884 808/1097/889
f 802/1095/888 808/1097/889 805/1098/890
f 802/1088/882 806/1099/891 807/1094/887
f 809/1100/892 810/1101/893 811/1102/894
f 809/1100/892 812/1103/895 813/1104/896
f 809/1100/892 811/1102/894 814/1105/897
f 809/1100/892 813/1104/896 810/1101/893
f 809/1100/892 815/1106/898 812/1103/895
f 809/1100/892 814/1105/897 815/1106/898
f 816/1107/899 817/1108/900 818/1109/901
f 816/1107/899 819/1110/902 817/1108/900
f 816/1111/899 820/1112/903 821/1113/904
f 816/1111/899 822/1114/905 820/1112/903
f 816/1107/899 818/1109/901 822/1115/905
f 816/1111/899 821/1113/904 819/1116/902
f 18/1117/20 823/1118/906 824/1119/907
f 18/1117/20 824/1119/907 19/1120/908
f 18/1117/20 825/1121/909 823/1118/906
f 18/21/20 23/26/25 825/1122/910
f 826/1123/911 827/1124/912 828/1125/913
f 826/1126/914 829/1127/915 830/1128/916
f 826/1123/911 831/1129/917 827/1124/912
f 826/1126/914 830/1128/916 832/1130/918
f 826/1123/911 832/1131/919 831/1129/917
f 826/1126/914 828/1132/913 829/1127/915
f 833/1133/920 34/1134/921 834/1135/922
f 833/1136/923 835/1137/924 836/1138/925
f 833/1136/923 834/1139/922 651/1140/718
f 833/1136/923 35/40/38 34/1141/36
f 833/1136/923 651/1140/718 835/1137/924
f 833/1136/923 836/1138/925 35/40/38
f 601/1142/666 605/1143/669 837/1144/926
f 601/1142/666 838/1145/927 839/1146/928
f 601/1147/666 839/1148/928 602/1149/929
f 601/1142/666 837/1144/926 838/1145/927
f 757/1028/837 840/1150/930 841/1151/931
f 757/1028/837 842/1152/932 840/1150/930
f 757/1028/837 841/1151/931 758/1029/838
f 757/1028/837 760/1031/840 842/1152/932
f 843/1153/933 844/1154/934 845/1155/935
f 843/1153/933 846/1156/936 844/1154/934
f 843/1153/933 847/1157/937 846/1156/936
f 843/1153/933 845/1155/935 848/1158/938
f 843/1153/933 848/1158/938 847/1157/937
f 395/528/435 849/1159/939 850/1160/940
f 395/528/435 850/1160/940 396/529/436
f 395/1161/941 397/1162/437 851/1163/942
f 852/1164/943 776/1054/856 775/1056/855
f 852/1164/943 853/1165/944 854/1166/945
f 852/1164/943 854/1166/945 776/1054/856
f 852/1164/943 407/543/447 853/1165/944
f 852/1164/943 775/1056/855 855/1167/946
f 852/1164/943 855/1167/946 407/543/447
f 856/1168/947 857/1169/948 538/724/595
f 856/1168/947 858/1170/949 859/1171/950
f 856/1168/947 860/1172/951 861/1173/952
f 856/1168/947 859/1171/950 857/1169/948
f 856/1168/947 861/1173/952 858/1170/949
f 856/1168/947 538/724/595 539/727/597
f 856/1168/947 539/727/597 860/1172/951
f 862/1174/953 863/1175/954 289/1176/324
f 862/1174/953 864/1177/955 865/1178/956
f 862/1174/953 865/1178/956 863/1175/954
f 862/1174/953 289/1176/324 866/1179/957
f 862/1174/953 866/1179/957 864/1177/955
f 793/1180/873 796/1181/876 867/1182/958
f 793/1183/873 868/1184/959 869/1185/960
f 793/1180/873 867/1182/958 868/1186/959
f 793/1187/961 869/1188/962 794/1189/874
f 870/1190/963 554/749/613 871/1191/964
f 870/1190/963 872/1192/965 555/750/614
f 870/1193/963 873/1194/966 874/1195/967
f 870/1190/963 874/1196/968 872/1192/965
f 870/1193/963 871/1197/964 873/1194/966
f 870/1190/963 555/750/614 554/749/613
f 875/1198/969 713/1199/793 715/1200/795
f 875/1198/969 876/1201/970 877/1202/971
f 875/1198/969 878/1203/972 876/1201/970
f 875/1204/969 879/1205/973 878/1206/972
f 875/1198/969 715/1200/795 880/1207/974
f 875/1204/969 880/1208/974 879/1205/973
f 881/1209/975 882/1210/976 883/1211/977
f 881/1212/978 884/1213/979 213/275/231
f 881/1212/978 885/1214/980 882/1215/981
f 881/1212/978 213/275/231 885/1214/980
f 881/1209/975 883/1211/977 884/1216/982
f 886/1217/983 887/1218/984 888/1219/985
f 886/1217/983 889/1220/986 9/9/9
f 886/1217/983 890/1221/987 889/1220/986
f 886/1217/983 891/1222/988 890/1221/987
f 886/1217/983 9/9/9 8/8/8
f 886/1217/983 888/1219/985 891/1222/988
f 886/1217/983 8/8/8 887/1218/984
f 892/1223/989 893/1224/990 894/1225/991
f 892/1223/989 894/1225/991 580/1226/644
f 892/1227/989 579/1228/643 895/1229/992
f 892/1227/989 580/1230/993 579/1228/643
f 892/1231/989 896/1232/994 893/1233/995
f 892/1227/989 895/1229/992 896/1234/994
f 897/1235/159 898/1236/996 490/654/159
f 897/1235/159 899/1237/159 900/1238/159
f 897/1235/159 490/654/159 901/1239/159
f 897/1235/159 901/1239/159 902/1240/159
f 897/1241/159 902/1242/159 899/1243/159
f 897/1235/159 900/1238/159 898/1236/996
f 903/1244/997 904/1245/998 905/1246/999
f 903/1247/1000 906/1248/1001 907/1249/1002
f 903/1247/1000 907/1249/1002 908/1250/1003
f 903/1247/1000 909/1251/1004 906/1248/1001
f 903/1252/997 908/1253/1003 904/1254/1005
f 903/1244/997 905/1246/999 909/1255/1004
f 910/1256/1006 911/1257/1007 912/1258/1008
f 910/1256/1006 912/1258/1008 913/1259/1009
f 910/1256/1006 914/1260/1010 915/1261/1011
f 910/1256/1006 913/1259/1009 916/1262/1012
f 910/1256/1006 916/1262/1012 914/1260/1010
f 910/1256/1006 915/1261/1011 911/1257/1007
f 917/1263/1013 918/1264/1014 919/1265/1015
f 917/1263/1013 920/1266/1016 921/1267/1017
f 917/1263/1013 922/1268/1018 920/1266/1016
f 917/1263/1013 921/1267/1017 918/1264/1014
f 917/1263/1013 919/1265/1015 923/1269/1019
f 917/1263/1013 923/1269/1019 922/1268/1018
f 516/692/569 924/1270/1020 925/1271/1021
f 516/692/569 521/699/575 924/1270/1020
f 516/692/569 925/1271/1021 517/693/570
f 926/1272/1022 210/272/228 927/1273/1023
f 926/1274/1022 211/277/229 210/1275/228
f 926/1274/1022 927/1276/1023 928/1277/1024
f 926/1274/1022 928/1277/1024 428/572/471
f 926/1274/1022 428/572/471 929/1278/1025
f 926/1274/1022 929/1278/1025 211/277/229
f 930/1279/1026 931/1280/1027 932/1281/1028
f 930/1279/1026 933/1282/1029 934/1283/1030
f 930/1279/1026 935/1284/1031 933/1282/1029
f 930/1279/1026 934/1283/1030 931/1280/1027
f 930/1279/1026 932/1281/1028 936/1285/1032
f 930/1279/1026 936/1285/1032 935/1284/1031
f 937/1286/1033 381/516/420 938/1287/1034
f 937/1288/1033 939/1289/1035 940/1290/1036
f 937/1288/1033 941/1291/1037 939/1289/1035
f 937/1286/1033 938/1287/1034 941/1292/1037
f 937/1288/1033 940/1290/1036 381/508/420
f 942/1293/1038 943/1294/1039 944/1295/1040
f 942/1293/1038 945/1296/1041 943/1294/1039
f 942/1293/1038 946/1297/1042 947/1298/1043
f 942/1293/1038 948/1299/1044 946/1297/1042
f 942/1293/1038 947/1298/1043 945/1296/1041
f 942/1293/1038 944/1295/1040 948/1299/1044
f 87/1300/96 949/1301/1045 88/1302/97
f 87/1300/96 950/1303/1046 949/1301/1045
f 87/121/96 93/120/103 951/1304/1047
f 87/1300/96 951/1305/1048 950/1303/1046
f 952/1306/1049 279/377/313 278/373/309
f 952/1307/1050 278/1308/1051 953/1309/1052
f 952/1310/1050 954/1311/1053 279/375/311
f 952/1307/1050 955/1312/1054 954/1313/1053
f 952/1307/1050 953/1309/1052 955/1312/1054
f 956/1314/1055 548/1315/606 957/1316/1056
f 956/1314/1055 958/1317/1057 549/1318/610
f 956/1314/1055 959/1319/1058 958/1317/1057
f 956/1314/1055 549/1318/610 548/1315/606
f 956/1320/1055 957/1321/1056 959/1322/1058
f 469/1323/1059 472/1324/1060 960/1325/1061
f 469/1326/519 961/1327/1062 470/1328/1063
f 469/1323/1059 960/1325/1061 962/1329/1064
f 469/1326/519 962/1330/1064 961/1327/1062
f 963/1331/1065 964/1332/1066 769/1046/849
f 963/1331/1065 965/1333/1067 966/1334/1068
f 963/1331/1065 769/1046/849 967/1335/1069
f 963/1331/1065 968/1336/1070 964/1332/1066
f 963/1331/1065 966/1334/1068 968/1336/1070
f 963/1331/1065 967/1335/1069 965/1333/1067
f 969/1337/1071 970/1338/1072 16/1339/17
f 969/1340/1071 971/1341/1073 972/1342/1074
f 969/1337/1071 973/1343/1075 970/1338/1072
f 969/1344/1071 972/1345/1074 973/1346/1076
f 969/1340/1071 16/17/17 15/16/16
f 969/1340/1071 15/16/16 971/1341/1073
f 974/1347/1077 688/928/764 780/1348/860
f 974/1349/1077 780/1350/1078 975/1351/1079
f 974/1349/1077 976/1352/1080 977/1353/1081
f 974/1354/1077 977/1355/1081 689/1356/1082
f 974/1349/1077 975/1351/1079 976/1352/1080
f 974/1354/1077 689/1356/1082 688/1357/764
f 978/1358/1083 979/1359/1084 980/1360/1085
f 978/1358/1083 981/1361/1086 982/1362/1087
f 978/1358/1083 982/1362/1087 979/1359/1084
f 978/1363/1088 788/1068/868 983/1364/1089
f 978/1363/1088 984/1365/1090 788/1068/868
f 978/1363/1088 980/1366/1085 984/1365/1090
f 978/1363/1088 983/1364/1089 981/1367/1091
f 985/1368/1092 986/1369/1093 987/1370/1094
f 985/1371/1092 988/1372/1095 989/1373/1096
f 985/1368/1092 990/1374/1097 986/1369/1093
f 985/1368/1092 989/1375/1098 990/1374/1097
f 985/1371/1092 987/1376/1094 991/1377/1099
f 985/1371/1092 991/1377/1099 988/1372/1095
f 992/1378/1100 993/1379/1101 994/1380/1102
f 992/1381/1103 994/1382/1104 995/1383/1105
f 992/1381/1103 996/1384/1106 997/1385/1107
f 992/1381/1103 995/1383/1105 996/1384/1106
f 992/1381/1103 997/1385/1107 993/1386/1108
f 460/630/510 998/1387/1109 999/1388/1110
f 460/630/510 999/1388/1110 355/476/393
f 460/620/510 355/1389/1111 461/621/511
f 460/630/510 467/628/517 998/1387/1109
f 803/1089/883 1000/1390/1112 470/1328/1063
f 803/1089/883 961/1327/1062 804/1090/884
f 803/1089/883 470/1328/1063 961/1327/1062
f 803/1089/883 807/1094/887 1000/1390/1112
f 194/259/212 476/639/526 195/1391/213
f 194/259/212 1001/1392/1113 477/640/527
f 194/259/212 477/640/527 476/639/526
f 194/259/212 198/258/216 1001/1392/1113
f 1002/1393/1114 1003/1394/1115 1004/1395/1116
f 1002/1393/1114 873/1194/966 1003/1394/1115
f 1002/1393/1114 1004/1395/1116 1005/1396/1117
f 1002/1393/1114 1006/1397/1118 1007/1398/1119
f 1002/1393/1114 1005/1396/1117 1006/1397/1118
f 1002/1393/1114 1007/1398/1119 873/1194/966
f 739/1001/818 1008/1399/1120 1009/1400/1121
f 739/1001/818 1010/1401/1122 740/1002/819
f 739/1001/818 1009/1400/1121 1010/1401/1122
f 739/1001/818 744/1006/823 1008/1399/1120
f 1011/1402/1123 1012/1403/1124 1013/1404/1125
f 1011/1405/1126 1014/1406/1127 1012/1407/1124
f 1011/1402/1123 1013/1404/1125 1015/1408/1128
f 1011/1405/1126 1016/1409/1129 1014/1406/1127
f 1011/1405/1126 1017/1410/1130 1016/1409/1129
f 1011/1402/1123 1015/1408/1128 1017/1411/1130
f 1018/1412/1131 751/1413/831 1019/1414/1132
f 1018/1415/1131 752/1018/832 751/1017/831
f 1018/1412/1131 1019/1414/1132 1020/1416/1133
f 1018/1412/1131 1020/1416/1133 1021/1417/1134
f 1018/1412/1131 1021/1417/1134 752/1418/1135
f 1022/1419/1136 1023/1420/1137 1024/1421/1138
f 1022/1419/1136 1024/1421/1138 1025/1422/1139
f 1022/1423/1136 1026/1424/1140 1027/1425/1141
f 1022/1419/1136 1027/1426/1141 1023/1420/1137
f 1022/1427/1142 914/1260/1010 1026/1428/1140
f 1022/1427/1142 1025/1429/1143 914/1260/1010
f 1028/1430/1144 758/1029/838 841/1151/931
f 1028/1430/1144 1029/1431/1145 1030/1432/1146
f 1028/1430/1144 1030/1432/1146 1031/1433/1147
f 1028/1434/1144 1031/1435/1147 1032/1436/1148
f 1028/1430/1144 1032/1437/1148 758/1029/838
f 1028/1430/1144 841/1151/931 1029/1431/1145
f 1033/1438/1149 1034/1439/1150 1035/1440/1151
f 1033/1438/1149 1035/1440/1151 1036/1441/1152
f 1033/1438/1149 1037/1442/1153 1034/1439/1150
f 1033/1438/1149 1036/1441/1152 1038/1443/1154
f 1033/1438/1149 1039/1444/1155 1037/1442/1153
f 1033/1438/1149 1038/1443/1154 1039/1444/1155
f 1040/1445/1156 675/909/748 1041/1446/131
f 1040/1447/1157 1041/1448/131 118/154/128
f 1040/1449/1157 1042/1450/1158 1043/1451/1159
f 1040/1447/1157 118/154/128 1044/1452/1160
f 1040/1445/1156 1043/1453/1159 675/909/748
f 1040/1447/1157 1044/1452/1160 1042/1454/1158
f 1045/1455/1161 1046/1456/1162 1047/1457/1163
f 1045/1455/1161 1048/1458/1164 1049/1459/1165
f 1045/1455/1161 1049/1459/1165 1046/1456/1162
f 1045/1455/1161 1050/1460/1166 1048/1458/1164
f 1045/1455/1161 1051/1461/1167 691/931/767
f 1045/1455/1161 1047/1457/1163 1051/1461/1167
f 1045/1455/1161 691/931/767 1050/1460/1166
f 1052/1462/1168 1053/1463/1169 1054/1464/1170
f 1052/1462/1168 1055/1465/1171 1056/1466/1172
f 1052/1462/1168 1057/1467/1173 1053/1463/1169
f 1052/1462/1168 1054/1464/1170 1055/1465/1171
f 1052/1462/1168 1056/1466/1172 1058/1468/1174
f 1052/1462/1168 1058/1468/1174 1057/1467/1173
f 1059/1469/1175 1060/1470/159 1061/1471/159
f 1059/1472/1175 707/1473/1176 1062/1474/1177
f 1059/1469/1175 1063/1475/1178 707/957/786
f 1059/1472/1175 1064/1476/1179 1060/1477/159
f 1059/1469/1175 1061/1471/159 1063/1475/1178
f 1059/1472/1175 1062/1474/1177 1064/1476/1179
f 1065/1478/1180 1066/1479/1181 1067/1480/1182
f 1065/1478/1180 1068/1481/1183 1069/1482/1184
f 1065/1478/1180 1067/1480/1182 1070/1483/1185
f 1065/1478/1180 1070/1483/1185 1071/1484/1186
f 1065/1478/1180 1069/1482/1184 1066/1479/1181
f 1065/1478/1180 1071/1484/1186 1068/1481/1183
f 1072/1485/1187 1073/1486/1188 565/765/627
f 1072/1485/1187 725/982/803 726/983/804
f 1072/1485/1187 565/765/627 567/767/629
f 1072/1485/1187 567/767/629 725/982/803
f 1072/1485/1187 1074/1487/1189 1073/1486/1188
f 1072/1485/1187 726/983/804 1074/1487/1189
f 622/839/691 1075/1488/1190 1076/1489/1191
f 622/839/691 624/838/690 1075/1488/1190
f 622/835/687 1077/1490/1192 623/836/688
f 622/1491/687 1076/1492/1191 1077/1493/1193
f 1078/1494/1194 1079/1495/1195 1080/1496/1196
f 1078/1494/1194 1081/1497/1197 581/784/645
f 1078/1494/1194 581/784/645 1082/1498/1198
f 1078/1494/1194 1082/1498/1198 1083/1499/1199
f 1078/1494/1194 1083/1499/1199 1079/1495/1195
f 1078/1494/1194 1080/1496/1196 1081/1497/1197
f 1084/1500/1200 1085/1501/1201 1086/1502/1202
f 1084/1500/1200 1087/1503/1203 1085/1501/1201
f 1084/1500/1200 1088/1504/1204 1087/1503/1203
f 1084/1505/1200 1089/1506/1205 1090/1507/1206
f 1084/1500/1200 1086/1502/1202 1089/1508/1207
f 1084/1509/1208 1090/1510/1209 1088/1511/1204
f 1091/1512/1210 1092/1513/1211 1093/1514/1212
f 1091/1515/1210 1094/1516/1213 1095/1517/1214
f 1091/1515/1210 1095/1517/1214 1092/1518/1211
f 1091/1515/1210 1096/1519/1215 1094/1516/1213
f 1091/1512/1210 1097/1520/1216 1096/1521/1217
f 1091/1512/1210 1093/1514/1212 1097/1520/1216
f 1098/1522/1218 1099/1523/1219 1100/1524/1220
f 1098/1522/1218 1100/1524/1220 1101/1525/1221
f 1098/1526/1222 1101/1527/1223 1102/1528/1224
f 1098/1526/1222 1102/1528/1224 1103/1529/1225
f 1098/1526/1222 1103/1529/1225 1104/1530/1226
f 1098/1522/1218 1104/1531/1226 1099/1523/1219
f 300/404/336 302/408/339 1105/1532/1227
f 300/1533/1228 1106/1534/1229 66/84/74
f 300/1533/1228 1105/1535/1227 1106/1534/1229
f 1107/1536/1230 1108/1537/1231 1109/1538/1232
f 1107/1536/1230 909/1255/1004 905/1246/999
f 1107/1536/1230 1109/1538/1232 909/1255/1004
f 1107/1539/1230 311/1540/349 310/1541/348
f 1107/1542/1230 310/1543/348 1108/1544/1231
f 1107/1536/1230 905/1246/999 311/1545/1233
f 1110/1546/1234 1111/1547/1235 521/699/575
f 1110/1546/1234 521/699/575 520/700/576
f 1110/1546/1234 1112/1548/1236 1111/1547/1235
f 1110/1546/1234 1113/1549/1237 1114/1550/1238
f 1110/1546/1234 520/700/576 1113/1549/1237
f 1110/1546/1234 1114/1550/1238 1112/1548/1236
f 1115/1551/1239 1116/1552/1240 1117/1553/1241
f 1115/1554/1242 1117/1555/1241 526/707/581
f 1115/1551/1239 1118/1556/1243 1116/1552/1240
f 1115/1554/1242 524/706/579 1119/1557/1244
f 1115/1554/1242 526/707/581 524/706/579
f 1115/1554/1242 1119/1557/1244 1118/1558/1243
f 1120/1559/1245 1121/1560/1246 1122/1561/1247
f 1120/1562/1248 1123/1563/1249 1124/1564/1250
f 1120/1562/1248 1125/1565/1251 1123/1563/1249
f 1120/1562/1248 1122/1566/1252 1125/1565/1251
f 1120/1559/1245 1124/1567/1250 1126/1568/1253
f 1120/1559/1245 1126/1568/1253 1121/1560/1246
f 1127/1569/1254 1128/1570/1255 455/615/505
f 1127/1571/1256 1129/1572/1257 1130/1573/1258
f 1127/1569/1254 455/615/505 1131/1574/1259
f 1127/1571/1256 1130/1573/1258 1128/1575/1260
f 1127/1569/1254 1132/1576/1261 1129/1577/1262
f 1127/1569/1254 1131/1574/1259 1132/1576/1261
f 1133/1578/1263 1134/1579/1264 1135/1580/1265
f 1133/1578/1263 1136/1581/1266 1137/1582/1267
f 1133/1578/1263 1135/1580/1265 1138/1583/1268
f 1133/1578/1263 1139/1584/1269 1136/1581/1266
f 1133/1578/1263 1138/1583/1268 1139/1584/1269
f 1133/1578/1263 1137/1582/1267 1134/1579/1264
f 1140/1585/1270 196/1586/214 1141/1587/1271
f 1140/1585/1270 1142/1588/1272 248/323/272
f 1140/1585/1270 1143/1589/1273 196/1586/214
f 1140/1585/1270 244/317/268 1143/1589/1273
f 1140/1585/1270 248/323/272 244/317/268
f 1140/1585/1270 1141/1587/1271 1144/1590/1274
f 1140/1585/1270 1144/1590/1274 1142/1588/1272
f 1145/1591/1275 1146/1592/1276 1147/1593/1277
f 1145/1594/1275 201/263/219 203/265/221
f 1145/1594/1275 1147/1595/1278 1148/1596/1279
f 1145/1591/1275 203/1597/221 1149/1598/1280
f 1145/1594/1275 1148/1596/1279 201/263/219
f 1145/1591/1275 1149/1598/1280 1146/1592/1276
f 1150/1599/1281 1151/1600/1282 1152/1601/1283
f 1150/1599/1281 716/970/796 718/972/497
f 1150/1599/1281 718/972/497 1151/1600/1282
f 1150/1599/1281 1152/1601/1283 665/1602/735
f 1150/1599/1281 665/1602/735 666/1603/736
f 1150/1599/1281 666/1603/736 716/970/796
f 1153/1604/1284 1154/1605/1285 1155/1606/1286
f 1153/1604/1284 1156/1607/1287 1157/1608/1288
f 1153/1604/1284 1157/1608/1288 1158/1609/1289
f 1153/1604/1284 1155/1606/1286 1156/1607/1287
f 1153/1604/1284 1158/1609/1289 1159/1610/1290
f 1153/1604/1284 1159/1610/1290 1154/1605/1285
f 1160/1611/1291 1161/1612/1292 1162/1613/1293
f 1160/1611/1291 1163/1614/1294 1164/1615/1295
f 1160/1611/1291 1162/1613/1293 1163/1614/1294
f 1160/1611/1291 1164/1615/1295 815/1616/898
f 1160/1611/1291 815/1616/898 814/1617/1296
f 1160/1611/1291 814/1617/1296 1161/1612/1292
f 1165/1618/1297 1166/1619/1298 1167/1620/1299
f 1165/1618/1297 578/781/642 1166/1619/1298
f 1165/1618/1297 1168/1621/1300 1169/1622/1301
f 1165/1618/1297 1167/1620/1299 1168/1621/1300
f 1165/1618/1297 1169/1622/1301 1170/1623/1302
f 1165/1618/1297 1170/1623/1302 578/781/642
f 123/160/133 1171/1624/1303 1172/1625/1304
f 123/160/133 585/788/649 124/161/134
f 123/160/133 128/165/138 1171/1624/1303
f 123/160/133 1172/1625/1304 585/788/649
f 817/1626/1305 1173/1627/1306 1174/1628/1307
f 817/1108/900 819/1110/902 1175/1629/1308
f 817/1626/1305 1175/1630/1309 1173/1627/1306
f 817/1626/1305 1174/1628/1307 818/1631/1310
f 1176/1632/1311 1177/1633/1312 1020/1416/1133
f 1176/1632/1311 1178/1634/1313 1179/1635/1314
f 1176/1636/1311 1179/1637/1314 1177/1638/1315
f 1176/1632/1311 1019/1414/1132 648/870/715
f 1176/1632/1311 1020/1416/1133 1019/1414/1132
f 1176/1632/1311 648/870/715 1178/1634/1313
f 1085/1501/1201 1087/1503/1203 1180/1639/1316
f 1085/1501/1201 1180/1639/1316 1181/1640/1317
f 1085/1501/1201 1182/1641/1318 1086/1502/1202
f 1085/1501/1201 1181/1640/1317 1182/1641/1318
f 1183/1642/1319 1184/1643/1320 663/1644/1321
f 1183/1642/1319 1185/1645/1322 1186/1646/1323
f 1183/1642/1319 1187/1647/1324 1184/1643/1320
f 1183/1648/1319 1188/1649/1325 1187/1650/1324
f 1183/1648/1319 1186/1651/1323 1188/1649/1325
f 1183/1642/1319 663/1644/1321 1185/1645/1322
f 313/1652/351 1189/1653/1326 1190/1654/1327
f 313/1652/351 1191/1655/1328 1189/1653/1326
f 313/1652/351 1190/1654/1327 314/1656/1329
f 313/1652/351 316/1657/354 1191/1655/1328
f 1192/1658/1330 1193/1659/1331 1194/1660/1332
f 1192/1658/1330 62/77/70 60/75/68
f 1192/1658/1330 1195/1661/1333 1193/1659/1331
f 1192/1658/1330 60/75/68 1195/1661/1333
f 1192/1658/1330 1194/1660/1332 62/77/70
f 1196/1662/1334 931/1663/1335 1197/1664/1336
f 1196/1662/1334 1198/1665/1337 1199/1666/1338
f 1196/1662/1334 1197/1664/1336 1200/1667/1339
f 1196/1662/1334 1201/1668/1340 931/1663/1335
f 1196/1662/1334 1199/1666/1338 1201/1668/1340
f 1196/1669/1334 1200/1670/1339 1198/1671/1337
f 1202/1672/1341 1203/1673/1342 1204/1674/1343
f 1202/1672/1341 1205/1675/1344 1203/1673/1342
f 1202/1672/1341 1206/1676/1345 152/192/161
f 1202/1672/1341 152/192/161 1205/1675/1344
f 1202/1672/1341 1207/1677/1346 1206/1676/1345
f 1202/1672/1341 1204/1674/1343 1207/1677/1346
f 1208/1678/1347 1209/1679/1348 81/1680/1349
f 1208/1681/1347 1210/1682/1350 1211/1683/1351
f 1208/1678/1347 1212/1684/1352 1209/1679/1348
f 1208/1678/1347 81/1680/1349 1210/1685/1350
f 1208/1681/1347 241/312/263 240/314/265
f 1208/1681/1347 1211/1683/1351 241/312/263
f 1208/1681/1347 240/314/265 1212/1686/1352
f 1213/1687/1353 245/319/269 1214/1688/1354
f 1213/1689/1353 878/1206/972 1215/1690/1355
f 1213/1687/1353 1215/1691/1355 1216/1692/1356
f 1213/1689/1353 1217/1693/1357 878/1206/972
f 1213/1687/1353 1216/1692/1356 245/319/269
f 1213/1689/1353 1214/1694/1354 1217/1693/1357
f 1218/1695/1358 1219/1696/1359 1220/1697/1360
f 1218/1695/1358 1221/1698/1361 710/961/790
f 1218/1695/1358 1220/1697/1360 1221/1698/1361
f 1218/1695/1358 1222/1699/1362 1219/1696/1359
f 1218/1695/1358 710/961/790 1223/1700/1363
f 1218/1701/1364 1223/1702/1365 1222/1703/1362
f 1224/1704/1366 1225/1705/1367 261/346/285
f 1224/1704/1366 634/852/701 1225/1705/1367
f 1224/1704/1366 635/853/702 634/852/701
f 1224/1704/1366 261/346/285 262/345/287
f 1224/1704/1366 1226/1706/1368 635/853/702
f 1224/1704/1366 262/345/287 1226/1706/1368
f 763/1042/843 1227/1707/1369 1228/1708/1370
f 763/1042/843 112/146/122 1227/1707/1369
f 763/1038/843 1228/1709/1370 1229/1710/1371
f 763/1038/843 1229/1710/1371 764/1039/844
f 2/2/2 4/4/4 477/1711/527
f 2/2/2 1001/1712/1113 1230/1713/1372
f 2/2/2 477/1711/527 1001/1712/1113
f 2/2/2 1230/1713/1372 3/3/3
f 1231/1714/1373 1232/1715/1374 1005/1396/1117
f 1231/1714/1373 1233/1716/1375 1234/1717/1376
f 1231/1714/1373 1235/1718/1377 1233/1716/1375
f 1231/1714/1373 1234/1717/1376 1232/1715/1374
f 1231/1714/1373 1005/1396/1117 1235/1718/1377
f 1236/1719/1378 1237/1720/1379 492/1721/540
f 1236/1722/1378 1238/1723/1380 1239/1724/1381
f 1236/1722/1378 1239/1724/1381 1237/1725/1379
f 1236/1726/1378 492/656/540 1240/1727/1382
f 1236/1722/1378 1241/1728/1383 1242/1729/1384
f 1236/1722/1378 1240/1730/1385 1241/1728/1383
f 1236/1722/1378 1242/1729/1384 1238/1723/1380
f 1173/1627/1306 1243/1731/1386 1244/1732/1387
f 1173/1627/1306 1175/1630/1309 1243/1731/1386
f 1173/1627/1306 1244/1732/1387 1174/1628/1307
f 1245/1733/1388 1246/1734/1389 1247/1735/1390
f 1245/1733/1388 1248/1736/1391 1249/1737/1392
f 1245/1733/1388 1249/1737/1392 1250/1738/1393
f 1245/1733/1388 1247/1735/1390 1248/1736/1391
f 1245/1733/1388 1250/1738/1393 1246/1734/1389
f 1251/1739/1394 1252/1740/1395 1253/1741/1396
f 1251/1739/1394 1254/1742/1397 1255/1743/1398
f 1251/1739/1394 1256/1744/1399 1254/1742/1397
f 1251/1739/1394 1253/1741/1396 1256/1744/1399
f 1251/1739/1394 1257/1745/1400 1252/1740/1395
f 1251/1739/1394 1255/1743/1398 1257/1745/1400
f 1258/1746/1401 1259/1747/1402 1260/1748/1403
f 1258/1746/1401 1260/1748/1403 1261/1749/1404
f 1258/1746/1401 1262/1750/1405 413/1751/454
f 1258/1752/1401 413/551/454 1263/1753/1406
f 1258/1746/1401 1263/1754/1407 1259/1747/1402
f 1258/1746/1401 1261/1749/1404 1262/1750/1405
f 1264/1755/1408 1265/1756/1409 1266/1757/1410
f 1264/1758/1408 1267/1759/1411 808/1760/1412
f 1264/1758/1408 420/1761/461 1267/1759/1411
f 1264/1755/1408 1266/1757/1410 421/561/462
f 1264/1758/1408 808/1760/1412 1268/1762/1413
f 1264/1763/1408 421/1764/462 420/1765/461
f 1264/1758/1408 1268/1762/1413 1265/1766/1409
f 367/491/405 1269/1767/1414 1270/1768/1415
f 367/1769/1416 1270/1770/1417 1271/1771/1418
f 367/1769/1416 1271/1771/1418 1272/1772/1419
f 367/491/405 372/496/410 1269/1767/1414
f 367/1769/1416 1272/1772/1419 368/1773/406
f 1273/1774/1420 732/1775/810 1274/1776/1421
f 1273/1774/1420 819/1116/902 821/1113/904
f 1273/1777/1422 1275/1778/1423 733/992/811
f 1273/1777/1422 733/992/811 732/991/810
f 1273/1777/1422 821/1779/904 1275/1778/1423
f 1273/1774/1420 1274/1776/1421 819/1116/902
f 741/1780/1424 1276/1781/1425 742/1782/1426
f 741/1003/820 740/1002/819 1277/1783/1427
f 741/1003/820 1277/1783/1427 1278/1784/1428
f 741/1780/1424 1278/1785/1428 1276/1781/1425
f 1279/1786/1429 1280/1787/1430 566/1788/628
f 1279/1789/1431 1073/1486/1188 747/1790/827
f 1279/1786/1429 746/1009/826 1280/1787/1430
f 1279/1789/1431 565/765/627 1073/1486/1188
f 1279/1786/1429 747/1010/827 746/1009/826
f 1279/1789/1431 566/766/628 565/765/627
f 1281/1791/1432 906/1248/1001 1282/1792/1433
f 1281/1791/1432 1282/1792/1433 1283/1793/1434
f 1281/1794/1435 1284/1795/1436 1285/1796/1437
f 1281/1791/1432 1285/1797/1437 906/1248/1001
f 1281/1794/1435 1286/1798/1438 1284/1795/1436
f 1281/1794/1435 1283/1799/1434 1286/1798/1438
f 1287/1800/1439 1288/1801/1440 1289/1802/1441
f 1287/1800/1439 1024/1421/1138 1290/1803/1442
f 1287/1800/1439 1289/1802/1441 1024/1421/1138
f 1287/1800/1439 406/1804/446 1291/1805/1443
f 1287/1800/1439 1290/1803/1442 406/1804/446
f 1287/1800/1439 1291/1805/1443 1288/1801/1440
f 1292/1806/1444 1293/1807/1445 1294/1808/1446
f 1292/1806/1444 1295/1809/1447 1293/1807/1445
f 1292/1806/1444 1030/1810/1448 1295/1809/1447
f 1292/1806/1444 1294/1808/1446 1296/1811/1449
f 1292/1806/1444 1296/1811/1449 1297/1812/1450
f 1292/1806/1444 1031/1435/1147 1030/1810/1448
f 1292/1806/1444 1297/1812/1450 1031/1435/1147
f 1298/1813/1451 1299/1814/1452 1300/1815/1453
f 1298/1813/1451 1301/1816/1454 1302/1817/1455
f 1298/1813/1451 1300/1815/1453 1301/1816/1454
f 1298/1813/1451 1303/1818/1456 619/832/684
f 1298/1813/1451 1302/1817/1455 1303/1818/1456
f 1298/1813/1451 619/832/684 1299/1814/1452
f 1304/1819/1457 1305/1820/1458 1306/1821/1459
f 1304/1822/1460 1307/1823/1461 1305/1824/1458
f 1304/1822/1460 1308/1825/1462 772/1049/852
f 1304/1819/1457 1306/1821/1459 1309/1826/1463
f 1304/1822/1460 1309/1827/1464 1308/1825/1462
f 1304/1822/1460 772/1049/852 768/1045/848
f 1304/1822/1460 768/1045/848 1307/1823/1461
f 1252/1740/1395 1310/1828/1465 1253/1741/1396
f 1252/1740/1395 1257/1745/1400 1311/1829/1466
f 1252/1740/1395 1311/1829/1466 1310/1828/1465
f 1312/1830/1467 1313/1831/1468 1314/1832/1469
f 1312/1830/1467 332/449/159 335/457/374
f 1312/1830/1467 1315/1833/1470 1316/1834/159
f 1312/1830/1467 1316/1834/159 332/449/159
f 1312/1830/1467 335/457/374 1313/1831/1468
f 1312/1830/1467 1314/1832/1469 1315/1833/1470
f 1317/1835/1471 1284/1836/1472 501/668/550
f 1317/1837/1471 1318/1838/1473 1319/1839/1474
f 1317/1840/1471 448/608/498 1320/1841/1475
f 1317/1837/1471 1319/1839/1474 449/1842/499
f 1317/1843/1471 1320/1844/1475 1284/1795/1436
f 1317/1840/1471 449/609/499 448/608/498
f 1317/1837/1471 500/1845/549 1318/1838/1473
f 1317/1835/1471 501/668/550 500/667/549
f 1321/1846/1476 1322/1847/1477 1323/1848/1478
f 1321/1846/1476 1324/1849/1479 1322/1847/1477
f 1321/1850/1476 1325/1851/1480 1326/1852/1481
f 1321/1846/1476 1326/1853/1481 1324/1849/1479
f 1321/1850/1476 1327/1854/1482 1325/1851/1480
f 1321/1850/1476 1323/1855/1483 1327/1854/1482
f 1328/1856/1484 1329/1857/1485 1330/1858/1486
f 1328/1859/1484 1331/1860/1487 1332/1861/1488
f 1328/1859/1484 877/1202/971 1331/1860/1487
f 1328/1856/1484 1332/1862/1489 1329/1857/1485
f 1328/1856/1484 1333/1863/1490 877/1864/1491
f 1328/1856/1484 1330/1858/1486 1333/1863/1490
f 1334/1865/1492 1335/1866/1493 928/1277/1024
f 1334/1867/1492 1336/1868/1494 1335/1869/1495
f 1334/1870/1492 361/485/399 365/489/403
f 1334/1871/1492 927/1273/1023 361/1872/399
f 1334/1871/1492 928/1873/1496 927/1273/1023
f 1334/1870/1492 365/489/403 1336/1874/1497
f 1337/1875/1498 1338/1876/1499 1339/1877/1500
f 1337/1875/1498 1340/1878/1501 1341/1879/1502
f 1337/1875/1498 1341/1879/1502 1338/1876/1499
f 1337/1875/1498 624/838/690 625/840/692
f 1337/1875/1498 625/840/692 1340/1878/1501
f 1337/1875/1498 1339/1877/1500 624/838/690
f 1342/1880/1503 1343/1881/1504 1344/1882/1505
f 1342/1883/1503 1345/1884/1506 1346/1885/1507
f 1342/1886/1503 1347/1887/1508 1343/1888/1504
f 1342/1883/1503 1348/1889/1509 1345/1884/1506
f 1342/1880/1503 1344/1882/1505 1348/1890/1509
f 1342/1891/1503 1346/1892/1507 1347/1893/1508
f 1349/1894/1510 1350/1895/1511 1351/1896/1512
f 1349/1894/1510 1351/1896/1512 1352/1897/1513
f 1349/1894/1510 1225/1898/1367 637/1899/1514
f 1349/1894/1510 1353/1900/1515 1350/1895/1511
f 1349/1894/1510 1352/1897/1513 1225/1898/1367
f 1349/1894/1510 637/1899/1514 1353/1900/1515
f 1354/1901/1516 827/1124/912 643/1902/710
f 1354/1903/1516 642/861/709 1355/1904/1517
f 1354/1903/1516 643/862/710 642/861/709
f 1354/1901/1516 1355/1905/1518 1356/1906/1519
f 1354/1901/1516 1356/1906/1519 828/1125/913
f 1354/1901/1516 828/1125/913 827/1124/912
f 1357/1907/1520 1358/1908/1521 1359/1909/1522
f 1357/1910/1520 1360/1911/1523 1012/1407/1124
f 1357/1910/1520 1012/1407/1124 1014/1406/1127
f 1357/1907/1520 1014/1912/1524 1361/1913/1525
f 1357/1907/1520 1359/1909/1522 1360/1914/1523
f 1357/1907/1520 1361/1913/1525 1358/1908/1521
f 1362/1915/1526 1363/1916/1527 1364/1917/1528
f 1362/1915/1526 1364/1917/1528 1365/1918/1529
f 1362/1919/1526 556/1920/1530 1363/1921/1527
f 1362/1915/1526 1365/1918/1529 303/409/340
f 1362/1919/1526 1366/1922/1531 556/1920/1530
f 1362/1915/1526 303/409/340 1366/1923/1531
f 918/1264/1014 1367/1924/1532 1368/1925/1533
f 918/1264/1014 306/1926/1534 309/1927/346
f 918/1264/1014 921/1267/1017 306/1926/1534
f 918/1264/1014 309/1927/346 1367/1924/1532
f 918/1264/1014 1368/1925/1533 919/1265/1015
f 315/1928/353 1369/1929/1535 316/1930/354
f 315/425/353 318/428/356 519/1931/1536
f 315/1928/353 519/696/573 1370/1932/1537
f 315/1928/353 1370/1932/1537 1369/1929/1535
f 1371/1933/1538 215/280/234 1372/1934/1539
f 1371/1933/1538 216/281/235 215/280/234
f 1371/1935/1540 676/910/749 1373/1936/1541
f 1371/1935/1540 1374/1937/1542 676/910/749
f 1371/1933/1538 1372/1934/1539 1374/1938/1543
f 1371/1935/1540 1373/1936/1541 216/1939/235
f 327/1940/1544 1375/1941/1545 227/1942/1546
f 327/1940/1544 1376/1943/1547 1375/1941/1545
f 327/447/367 330/446/372 1377/1944/1548
f 327/1945/1544 1377/1946/1548 1376/1947/1547
f 1378/1948/1549 690/930/766 1379/1949/1550
f 1378/1948/1549 1379/1949/1550 1380/1950/1551
f 1378/1948/1549 230/300/252 1050/1460/1166
f 1378/1948/1549 1050/1460/1166 690/930/766
f 1378/1948/1549 1380/1950/1551 231/301/253
f 1378/1948/1549 231/301/253 230/300/252
f 541/1951/599 1381/1952/1552 1382/1953/1553
f 541/729/599 546/735/604 1383/1954/1554
f 541/729/599 1383/1954/1554 1381/1955/1555
f 541/1956/1556 1382/1957/1557 542/737/600
f 476/1958/1558 479/1959/1559 1384/1960/1560
f 476/1961/1558 1384/1962/1560 195/1963/213
f 1003/1394/1115 873/1194/966 871/1197/964
f 1003/1394/1115 871/1197/964 1385/1964/1561
f 1003/1394/1115 1386/1965/1562 1004/1395/1116
f 1003/1394/1115 1385/1964/1561 1386/1965/1562
f 1387/1966/1563 1388/1967/1564 1389/1968/1565
f 1387/1969/1563 1389/1970/1565 1390/1971/1566
f 1387/1969/1563 105/1972/1567 551/1973/609
f 1387/1974/1563 84/106/92 1388/1975/1564
f 1387/1969/1563 1390/1971/1566 105/1972/1567
f 1387/1974/1563 551/743/609 84/106/92
f 1391/1976/1568 471/634/521 1392/1977/1569
f 1391/1976/1568 472/635/522 471/634/521
f 1391/1976/1568 1392/1977/1569 1393/1978/1570
f 1391/1976/1568 1394/1979/1571 472/635/522
f 1391/1976/1568 1393/1978/1570 1394/1979/1571
f 1335/1980/1572 1336/1874/1497 677/912/750
f 1335/1866/1493 1395/1981/1573 427/573/472
f 1335/1866/1493 427/573/472 928/1277/1024
f 1335/1866/1493 677/1982/750 679/1983/752
f 1335/1866/1493 679/1983/752 1395/1981/1573
f 1396/1984/1574 1397/1985/1575 1398/1986/1576
f 1396/1984/1574 1399/1987/1577 1400/1988/1578
f 1396/1984/1574 1296/1989/1449 1397/1985/1575
f 1396/1984/1574 1400/1988/1578 1401/1990/1579
f 1396/1984/1574 1401/1990/1579 1296/1989/1449
f 1396/1984/1574 1398/1986/1576 1399/1987/1577
f 1402/1991/1580 1403/1992/1581 1229/1710/1371
f 1402/1991/1580 1404/1993/1582 1405/1994/1583
f 1402/1991/1580 1406/1995/1584 1407/1996/1585
f 1402/1991/1580 1408/1997/1586 1403/1992/1581
f 1402/1991/1580 1405/1994/1583 1408/1997/1586
f 1402/1991/1580 1407/1996/1585 1404/1993/1582
f 1402/1991/1580 1229/1710/1371 1406/1995/1584
f 1409/1998/159 1410/1999/159 250/326/159
f 1409/1998/159 1411/2000/159 1412/2001/159
f 1409/1998/159 250/326/159 254/331/159
f 1409/1998/159 1413/2002/159 1410/1999/159
f 1409/1998/159 254/331/159 1411/2000/159
f 1409/1998/159 1412/2001/159 1413/2002/159
f 1414/2003/1587 259/341/283 258/337/281
f 1414/2003/1587 258/337/281 466/2004/516
f 1414/2005/1588 1415/2006/1589 103/2007/1590
f 1414/2003/1587 466/2004/516 463/2008/1591
f 1414/2005/1588 463/623/513 1415/2006/1589
f 1414/2005/1588 103/2007/1590 259/2009/1592
f 1416/2010/1593 1417/2011/1594 1392/1977/1569
f 1416/2010/1593 1392/1977/1569 1418/2012/1595
f 1416/2010/1593 1419/2013/1596 268/358/297
f 1416/2010/1593 1420/2014/1597 1419/2013/1596
f 1416/2010/1593 1418/2012/1595 1420/2014/1597
f 1416/2010/1593 268/358/297 1417/2011/1594
f 1338/1876/1499 1421/2015/1598 1422/2016/1599
f 1338/1876/1499 1423/2017/1600 1421/2015/1598
f 1338/1876/1499 1422/2016/1599 1339/1877/1500
f 1338/1876/1499 1341/1879/1502 1423/2017/1600
f 576/779/640 1424/2018/1601 1425/2019/1602
f 576/779/640 1081/1497/1197 1424/2018/1601
f 576/779/640 581/784/645 1081/1497/1197
f 576/779/640 1425/2019/1602 577/780/641
f 1426/2020/1603 1427/2021/1604 285/383/319
f 1426/2020/1603 284/382/318 1428/2022/1605
f 1426/2020/1603 1428/2022/1605 1429/2023/1606
f 1426/2020/1603 1429/2023/1606 1430/2024/1607
f 1426/2020/1603 285/383/319 284/382/318
f 1426/2020/1603 1430/2024/1607 1427/2021/1604
f 1431/2025/1608 1432/2026/1609 1433/2027/1610
f 1431/2028/1608 1433/2029/1610 1434/2030/1611
f 1431/2028/1608 1434/2030/1611 1435/2031/1612
f 1431/2028/1608 1436/2032/1613 1437/2033/1614
f 1431/2028/1608 1435/2031/1612 1436/2032/1613
f 1431/2028/1608 1437/2033/1614 1432/2034/1615
f 31/34/33 33/36/35 1438/2035/1616
f 31/2036/1617 598/805/663 32/804/662
f 31/2036/1617 1438/2037/1616 1104/1530/1226
f 31/2036/1617 1104/1530/1226 598/805/663
f 1439/2038/1618 1440/2039/1619 1441/2040/1620
f 1439/2041/1621 606/815/671 602/809/667
f 1439/2041/1621 602/809/667 1442/2042/1622
f 1439/2038/1618 1441/2040/1620 1443/2043/1623
f 1439/2041/1621 1442/2042/1622 1440/2044/1624
f 1439/2038/1618 1443/2043/1623 606/2045/671
f 510/2046/560 1108/2047/1625 310/2048/348
f 510/2049/560 513/2050/564 1108/1537/1231
f 510/680/560 307/418/347 511/681/561
f 510/680/560 310/419/348 307/418/347
f 1111/1547/1235 924/1270/1020 521/699/575
f 1111/1547/1235 1271/2051/1418 924/1270/1020
f 1111/1547/1235 1112/1548/1236 1271/2051/1418
f 1444/2052/1626 1445/2053/1627 1446/2054/1628
f 1444/2052/1626 1447/2055/1629 771/1048/851
f 1444/2052/1626 771/1048/851 1445/2053/1627
f 1444/2052/1626 1448/2056/1630 1447/2055/1629
f 1444/2052/1626 1446/2054/1628 1448/2056/1630
f 774/2057/854 1449/2058/1631 1450/2059/1632
f 774/2060/854 1451/2061/1633 1449/2062/1634
f 774/2060/854 777/2063/1635 1451/2061/1633
f 774/1051/854 1450/2064/1632 530/712/585
f 1452/2065/1636 1453/2066/1637 1454/2067/1638
f 1452/2065/1636 1455/2068/1639 1453/2066/1637
f 1452/2069/1640 1454/2070/1638 1456/2071/1641
f 1452/2065/1636 784/2072/1642 1455/2068/1639
f 1452/2069/1640 1457/2073/1643 784/2074/1644
f 1452/2069/1640 1456/2071/1641 1457/2073/1643
f 1458/2075/1645 1053/1463/1169 1459/2076/1646
f 1458/2075/1645 946/2077/1042 948/2078/1044
f 1458/2075/1645 1054/1464/1170 1053/1463/1169
f 1458/2075/1645 1459/2076/1646 1460/2079/1647
f 1458/2075/1645 948/2078/1044 1054/1464/1170
f 1458/2075/1645 1460/2079/1647 946/2077/1042
f 339/2080/376 1461/2081/1648 1462/2082/1649
f 339/2080/376 1463/2083/1650 1464/2084/1651
f 339/2080/376 1462/2082/1649 340/2085/1652
f 339/459/376 343/463/380 1463/2086/1653
f 339/2080/376 1464/2084/1651 1461/2081/1648
f 346/466/383 1465/2087/1654 1466/2088/1655
f 346/466/383 1467/2089/1656 1465/2087/1654
f 346/466/383 1466/2088/1655 347/467/384
f 346/466/383 349/469/386 1467/2089/1656
f 561/756/620 352/473/390 999/1388/1110
f 561/756/620 22/25/24 21/24/23
f 561/756/620 999/1388/1110 22/25/24
f 561/756/620 353/474/391 352/473/390
f 359/2090/397 1468/2091/1657 1469/2092/1658
f 359/483/397 1469/2093/1659 360/484/398
f 359/2090/397 363/2094/1660 1470/2095/1661
f 359/2090/397 1470/2095/1661 1468/2091/1657
f 1471/2096/1662 1472/2097/1663 1473/2098/1664
f 1471/2096/1662 1474/2099/1665 728/986/806
f 1471/2096/1662 728/986/806 1475/2100/1666
f 1471/2096/1662 1473/2098/1664 1476/2101/1667
f 1471/2096/1662 1475/2100/1666 1472/2097/1663
f 1471/2096/1662 1476/2101/1667 1474/2099/1665
f 1477/2102/1668 1478/2103/1669 1479/2104/1670
f 1477/2102/1668 1480/2105/1671 1478/2103/1669
f 1477/2106/1672 379/506/418 378/504/417
f 1477/2106/1672 378/504/417 1480/2107/1673
f 1481/2108/1674 740/1002/819 1010/1401/1122
f 1481/2108/1674 1482/2109/1675 384/2110/1676
f 1481/2111/1677 384/512/423 1483/2112/1678
f 1481/2108/1674 1277/1783/1427 740/1002/819
f 1481/2108/1674 1483/2113/1679 1277/1783/1427
f 1481/2108/1674 1010/1401/1122 1482/2109/1675
f 589/792/653 1484/2114/1680 391/523/431
f 589/792/653 389/522/428 590/793/654
f 589/792/653 391/523/431 389/522/428
f 589/2115/653 593/798/657 1484/2116/1681
f 496/663/545 1485/2117/1682 1486/2118/1683
f 496/663/545 1487/2119/1684 497/664/546
f 496/663/545 499/666/548 1485/2117/1682
f 496/663/545 1486/2118/1683 1487/2119/1684
f 1488/2120/1685 1489/2121/1686 1490/2122/1687
f 1488/2120/1685 1490/2122/1687 1491/2123/1688
f 1488/2124/1689 1491/2125/1688 1492/2126/1690
f 1488/2124/1689 1493/2127/1691 1489/2128/1686
f 1488/2124/1689 1492/2126/1690 1493/2127/1691
f 608/818/673 1360/2129/1523 609/819/674
f 608/818/673 1013/2130/1125 1360/2129/1523
f 608/818/673 1494/2131/1692 1013/2130/1125
f 608/818/673 612/826/677 1494/2131/1692
f 1299/1814/1452 1495/2132/1693 1496/2133/1694
f 1299/1814/1452 618/831/683 1495/2132/1693
f 1299/1814/1452 1496/2133/1694 1300/1815/1453
f 1299/1814/1452 619/832/684 618/831/683
f 1497/2134/1695 1498/2135/1696 1499/2136/1697
f 1497/2134/1695 1500/2137/1698 729/987/807
f 1497/2134/1695 1501/2138/1699 1502/2139/1700
f 1497/2134/1695 729/987/807 1501/2138/1699
f 1497/2134/1695 1499/2136/1697 1500/2137/1698
f 1497/2140/1695 1502/2141/1701 1498/2142/1696
f 732/1775/810 1503/2143/1702 1274/1776/1421
f 732/991/810 736/996/814 1503/2144/1703
f 489/659/159 1504/2145/159 1505/2146/159
f 489/659/159 493/658/541 1506/2147/159
f 489/659/159 1505/2146/159 490/2148/159
f 489/659/159 1506/2147/159 1504/2145/159
f 1507/2149/1704 1508/2150/1705 1509/2151/1706
f 1507/2149/1704 1509/2151/1706 1510/2152/1707
f 1507/2149/1704 1511/2153/1708 1512/2154/1709
f 1507/2149/1704 1513/2155/1710 1511/2153/1708
f 1507/2149/1704 1512/2154/1709 1508/2150/1705
f 1507/2149/1704 1510/2152/1707 1513/2155/1710
f 1514/2156/1711 1515/2157/1712 1359/1909/1522
f 1514/2158/1711 1358/2159/1521 36/41/39
f 1514/2156/1711 1359/1909/1522 1358/1908/1521
f 1514/2158/1711 35/40/38 836/1138/925
f 1514/2156/1711 836/2160/1713 1515/2157/1712
f 1514/2158/1711 36/41/39 35/40/38
f 38/2161/42 1516/2162/1714 657/882/725
f 38/2161/42 657/882/725 39/2163/43
f 38/2161/42 41/2164/1715 1517/2165/1716
f 38/2161/42 1517/2165/1716 1516/2162/1714
f 45/53/49 1260/2166/1717 46/54/50
f 45/58/54 48/57/53 1518/2167/1718
f 45/53/49 1519/2168/1719 1260/2166/1717
f 45/58/54 1518/2167/1718 1519/2169/1719
f 1520/2170/1720 1521/2171/1721 56/2172/64
f 1520/2170/1720 1522/2173/131 1523/2174/1722
f 1520/2170/1720 1524/2175/1723 1521/2171/1721
f 1520/2170/1720 56/2172/64 1525/2176/1724
f 1520/2170/1720 1523/2174/1722 1524/2175/1723
f 1520/2170/1720 1525/2176/1724 1522/2173/131
f 1246/2177/1389 61/81/69 1247/2178/1390
f 1246/2177/1389 1526/2179/1725 61/81/69
f 1246/1734/1389 1250/1738/1393 1526/2180/1725
f 66/84/74 1106/1534/1229 67/85/75
f 73/2181/81 75/2182/1726 1527/2183/1727
f 73/2181/81 1453/2066/1637 1455/2068/1639
f 73/94/81 1455/2184/1728 74/95/82
f 73/2181/81 1527/2183/1727 1453/2066/1637
f 943/2185/1039 945/2186/1041 1528/2187/1729
f 943/2188/1039 1529/2189/1730 1530/2190/1731
f 943/1294/1039 1530/2191/1732 944/1295/1040
f 943/2188/1039 1528/2192/1729 1529/2189/1730
f 698/949/774 1531/2193/1733 1532/2194/1734
f 698/949/774 702/945/779 1531/2193/1733
f 698/2195/774 92/119/102 699/951/775
f 698/2196/1735 1532/2197/1736 92/2198/102
f 705/954/784 1533/2199/1737 1534/2200/1738
f 705/954/784 709/959/788 1533/2199/1737
f 705/954/784 1534/2200/1738 1535/2201/1739
f 705/954/784 1535/2201/1739 706/955/785
f 462/2202/512 464/2203/514 959/1322/1058
f 462/622/512 1415/2006/1589 463/623/513
f 462/2202/512 959/1322/1058 957/1321/1056
f 462/2202/512 957/1321/1056 1415/2204/1589
f 1265/2205/1740 1536/2206/1741 1537/2207/1742
f 1265/1756/1409 1538/2208/1743 1266/1757/1410
f 1265/2205/1740 1537/2207/1742 1538/2209/1743
f 1265/2205/1740 1268/2210/1413 1536/2206/1741
f 569/769/631 1539/2211/1744 570/770/632
f 569/769/631 1540/2212/1745 1539/2211/1744
f 569/769/631 574/777/638 1540/2212/1745
f 893/1233/995 1541/2213/1746 1542/2214/1747
f 893/1233/995 1543/2215/1748 894/2216/1749
f 893/1233/995 896/1232/994 1541/2213/1746
f 893/1233/995 1542/2214/1747 1543/2215/1748
f 583/786/647 586/789/650 1544/2217/1750
f 583/786/647 1545/2218/1751 564/762/625
f 583/786/647 1544/2217/1750 1545/2218/1751
f 583/786/647 564/762/625 584/787/648
f 293/394/328 1546/2219/1752 1547/2220/1753
f 293/394/328 1547/2220/1753 1548/2221/1754
f 293/394/328 296/397/331 1546/2219/1752
f 293/394/328 1548/2221/1754 294/395/329
f 138/178/148 1549/2222/1755 139/179/149
f 138/178/148 753/1020/833 1550/2223/1756
f 138/178/148 1550/2223/1756 1549/2222/1755
f 146/186/156 1551/2224/1757 1552/2225/1758
f 146/186/156 1552/2225/1758 754/1022/834
f 1553/2226/1759 1554/2227/1760 1555/2228/1761
f 1553/2229/1759 664/893/734 665/895/735
f 1553/2226/1759 1152/1601/1283 1554/2227/1760
f 1553/2229/1759 1555/2230/1762 664/893/734
f 1553/2226/1759 665/1602/735 1152/1601/1283
f 159/202/169 161/204/171 1556/2231/1763
f 159/202/169 1557/2232/1764 160/203/170
f 159/202/169 1556/2231/1763 1558/2233/1765
f 159/202/169 1558/2233/1765 1557/2232/1764
f 166/209/176 168/211/178 1559/2234/1766
f 166/209/176 1559/2234/1766 1560/2235/1767
f 166/209/176 1561/2236/1768 167/210/177
f 166/209/176 1560/2235/1767 1561/2236/1768
f 174/223/187 175/222/186 775/2237/855
f 1562/2238/1769 182/231/194 1563/2239/1770
f 1562/2238/1769 976/1352/1080 1564/2240/1771
f 1562/2238/1769 977/1353/1081 976/1352/1080
f 1562/2238/1769 1564/2240/1771 182/231/194
f 1562/2241/1772 1565/2242/1773 977/1355/1081
f 1562/2241/1772 1563/2243/1770 1565/2242/1773
f 189/2244/210 1566/2245/1774 1381/1952/1552
f 189/2246/210 1381/2247/1552 1383/2248/1775
f 189/2246/210 1383/2248/1775 190/2249/1776
f 189/251/210 192/250/209 1566/2250/1774
f 795/2251/875 1567/2252/1777 1568/2253/1778
f 795/2251/875 1568/2253/1778 796/1181/876
f 795/1079/875 797/1082/877 1567/2254/1777
f 1569/2255/1779 1570/2256/1780 1571/2257/1781
f 1569/2255/1779 1572/2258/1782 1573/2259/1783
f 1569/2255/1779 1006/2260/1118 1570/2256/1780
f 1569/2255/1779 1573/2259/1783 1007/2261/1119
f 1569/2255/1779 1007/2261/1119 1006/2260/1118
f 1569/2255/1779 1571/2257/1781 1572/2258/1782
f 1461/2262/1648 1574/2263/1784 1462/2264/1649
f 1461/2265/1648 719/2266/497 1574/2267/1784
f 1461/2268/1648 1464/2269/1785 719/2270/497
f 882/2271/981 1575/2272/1786 1576/2273/1787
f 882/2271/981 1576/2273/1787 1577/2274/1788
f 882/2271/981 1577/2274/1788 883/2275/1789
f 882/1215/981 885/1214/980 1575/2276/1790
f 1578/2277/1791 1075/1488/1190 1579/2278/1792
f 1578/2279/1793 1580/2280/1794 1076/1492/1191
f 1578/2277/1791 1579/2278/1792 1581/2281/1795
f 1578/2279/1793 1076/1492/1191 1075/2282/1796
f 1578/2279/1793 1581/2283/1795 1580/2280/1794
f 627/842/694 1348/1889/1509 628/843/695
f 627/842/694 1582/2284/1797 1583/2285/1798
f 627/842/694 630/845/697 1582/2284/1797
f 627/842/694 1583/2285/1798 1348/1889/1509
f 1584/2286/1799 1585/2287/1800 1586/2288/1801
f 1584/2286/1799 1239/1724/1381 1585/2287/1800
f 1584/2286/1799 1587/2289/1802 1239/1724/1381
f 1584/2290/1799 1588/2291/1803 1589/2292/1804
f 1584/2286/1799 1586/2288/1801 1588/2293/1803
f 1584/2286/1799 1589/2294/1804 1587/2289/1802
f 1508/2150/1705 264/348/289 29/2295/31
f 1508/2150/1705 1590/2296/1805 264/348/289
f 1508/2150/1705 29/2295/31 1509/2151/1706
f 1508/2150/1705 1512/2154/1709 1590/2296/1805
f 295/396/330 1591/2297/1806 296/397/331
f 295/2298/334 1592/2299/1807 1591/2300/1806
f 295/2298/334 1593/2301/1808 1592/2299/1807
f 295/402/334 298/400/333 1593/2302/1808
f 1594/2303/1809 1595/2304/1810 1596/2305/1811
f 1594/2303/1809 302/408/339 304/410/341
f 1594/2303/1809 1364/2306/1528 1595/2304/1810
f 1594/2307/1812 1365/1918/1529 1364/1917/1528
f 1594/2303/1809 304/410/341 1365/2308/1813
f 1594/2303/1809 1596/2305/1811 302/408/339
f 1367/1924/1532 1597/2309/1814 1368/1925/1533
f 1367/1924/1532 1598/2310/1815 1597/2309/1814
f 1367/1924/1532 1599/2311/1816 1598/2310/1815
f 1367/1924/1532 309/1927/346 1599/2311/1816
f 314/424/352 1600/2312/1817 317/427/355
f 314/424/352 1190/2313/1818 1600/2312/1817
f 1116/1552/1240 1118/1556/1243 1601/2314/1819
f 1116/2315/1820 1602/2316/1821 1603/2317/1822
f 1116/2315/1820 1601/2318/1819 1602/2316/1821
f 1116/2315/1820 1603/2317/1822 1117/2319/1241
f 1604/2320/1823 503/670/552 1605/2321/1824
f 1604/2320/1823 1606/2322/1825 503/670/552
f 1604/2320/1823 1607/2323/1826 1608/2324/1827
f 1604/2320/1823 1608/2324/1827 1606/2322/1825
f 1604/2320/1823 1609/2325/1828 1607/2323/1826
f 1604/2320/1823 1605/2321/1824 1609/2325/1828
f 1046/1456/1162 1610/2326/1829 1611/2327/1830
f 1046/1456/1162 1049/1459/1165 1612/2328/1831
f 1046/1456/1162 1611/2327/1830 1047/1457/1163
f 1046/1456/1162 1612/2328/1831 1610/2326/1829
f 1613/2329/1832 1388/1975/1564 83/105/91
f 1613/2329/1832 1530/2190/1731 1614/2330/1833
f 1613/2331/1834 83/108/94 85/107/93
f 1613/2331/1834 85/107/93 1615/2332/1835
f 1613/2329/1832 1614/2330/1833 1388/1975/1564
f 1613/2331/1834 1615/2332/1835 1530/2191/1732
f 700/948/777 703/947/781 1616/2333/1836
f 700/943/777 1617/2334/1837 701/944/778
f 700/948/777 1616/2333/1836 1618/2335/1838
f 700/943/777 1618/2336/1838 1617/2334/1837
f 1619/2337/1839 1219/2338/1840 1222/1703/1362
f 1619/2337/1839 1620/2339/1841 1621/2340/1842
f 1619/2337/1839 1222/1703/1362 253/330/276
f 1619/2337/1839 253/330/276 1620/2339/1841
f 1619/2341/1839 1621/2342/1843 1219/1696/1359
f 713/965/793 1622/2343/1844 714/966/794
f 1623/2344/1845 721/978/799 1624/2345/1846
f 1623/2344/1845 1625/2346/1847 269/359/298
f 1623/2344/1845 1626/2347/1848 721/978/799
f 1623/2344/1845 1419/2348/1596 1626/2347/1848
f 1623/2344/1845 1624/2345/1846 1625/2346/1847
f 1623/2344/1845 269/359/298 1419/2348/1596
f 1472/2097/1663 1627/2349/1849 1473/2098/1664
f 1472/2350/1850 670/903/742 1627/2351/1849
f 1472/2350/1850 1475/2352/1666 1628/2353/1851
f 1472/2350/1850 1628/2353/1851 670/903/742
f 1629/2354/1852 1233/2355/1853 1630/2356/1854
f 1629/2357/1852 1630/2358/1854 1631/2359/1855
f 1629/2354/1852 1632/2360/1856 1233/2355/1853
f 1629/2357/1852 1631/2359/1855 1633/2361/1610
f 1629/2362/1852 1633/2363/1610 1632/2364/1856
f 1634/2365/1857 1635/2366/1858 1636/2367/1859
f 1634/2365/1857 1008/1399/1120 1635/2366/1858
f 1634/2368/1857 1009/2369/1121 1008/2370/1860
f 1634/2368/1857 1636/2371/1861 1637/2372/1862
f 1634/2368/1857 1637/2372/1862 1638/2373/1863
f 1634/2368/1857 1638/2373/1863 1009/2369/1121
f 388/518/427 390/520/429 746/2374/1864
f 388/518/427 748/1012/828 389/519/428
f 1087/1503/1203 1088/1504/1204 1430/2375/1865
f 1087/1503/1203 1639/2376/1866 1640/2377/1867
f 1087/1503/1203 1430/2375/1865 1639/2376/1866
f 1087/1503/1203 1640/2377/1867 1180/1639/1316
f 1397/1985/1575 1641/2378/1868 1642/2379/1869
f 1397/1985/1575 1294/2380/1870 1641/2378/1868
f 1397/1985/1575 1642/2379/1869 1398/1986/1576
f 1397/1985/1575 1296/1989/1449 1294/2380/1870
f 1643/2381/1871 1644/2382/1872 1405/2383/1583
f 1643/2381/1871 1645/2384/1873 1302/2385/1874
f 1643/2381/1871 1135/1580/1265 1645/2384/1873
f 1643/2381/1871 1405/2383/1583 1138/1583/1268
f 1643/2381/1871 1302/2385/1874 1644/2382/1872
f 1643/2381/1871 1138/1583/1268 1135/1580/1265
f 1646/2386/1875 965/1333/1067 967/1335/1069
f 1646/2386/1875 1647/2387/1876 965/1333/1067
f 1646/2386/1875 1308/1825/1462 1102/2388/1877
f 1646/2386/1875 1101/2389/1223 1647/2387/1876
f 1646/2386/1875 1102/2388/1877 1101/2389/1223
f 1646/2386/1875 967/1335/1069 1308/1825/1462
f 1648/2390/1878 1649/2391/1879 1650/2392/1880
f 1648/2390/1878 1386/2393/1562 1651/2394/1881
f 1648/2395/1878 70/2396/78 1649/2397/1879
f 1648/2395/1878 71/92/79 70/2396/78
f 1648/2395/1878 1651/2398/1881 71/92/79
f 1648/2390/1878 1650/2392/1880 1386/2393/1562
f 1652/2399/1882 1653/2400/1883 1654/2401/1884
f 1652/2399/1882 183/232/195 1564/2240/1771
f 1652/2399/1882 1564/2240/1771 1653/2400/1883
f 1652/2399/1882 1655/2402/1885 1656/2403/1886
f 1652/2399/1882 1656/2403/1886 183/232/195
f 1652/2399/1882 1654/2401/1884 1655/2402/1885
f 1657/2404/1887 1658/2405/1888 1659/2406/1889
f 1657/2407/1887 191/2408/205 1658/2409/1888
f 1657/2407/1887 1659/2410/1890 1660/2411/1891
f 1657/2407/1887 1661/2412/1892 1662/2413/1893
f 1657/2407/1887 1660/2411/1891 1661/2412/1892
f 1657/2407/1887 1662/2413/1893 191/2408/205
f 1663/2414/1894 1664/2415/1895 1665/2416/1896
f 1663/2414/1894 1665/2416/1896 1666/2417/1897
f 1663/2414/1894 1666/2417/1897 1667/2418/1898
f 1663/2414/1894 1667/2418/1898 1668/2419/1899
f 1663/2414/1894 1669/2420/1900 1664/2415/1895
f 1663/2414/1894 1668/2419/1899 1669/2420/1900
f 1465/2421/1901 1467/2422/1656 800/1086/880
f 1465/2421/1901 800/1086/880 1670/2423/1902
f 1465/2421/1901 1671/2424/1903 1466/2425/1904
f 1465/2421/1901 1670/2423/1902 1671/2424/1903
f 1672/2426/1905 1673/2427/131 1674/2428/1906
f 1672/2426/1905 1522/2429/131 1673/2427/131
f 1672/2426/1905 1675/2430/1907 1676/2431/1908
f 1672/2426/1905 1677/2432/1909 1522/2429/131
f 1672/2426/1905 1676/2431/1908 1677/2432/1909
f 1672/2426/1905 1674/2428/1906 1675/2430/1907
f 423/565/466 425/567/468 1678/2433/1910
f 423/565/466 1678/2433/1910 323/435/362
f 423/565/466 323/435/362 1679/2434/1911
f 423/565/466 1679/2434/1911 424/566/467
f 328/575/474 225/291/244 694/2435/770
f 328/575/474 694/2435/770 430/576/475
f 435/587/482 1205/2436/1344 155/588/483
f 435/587/482 438/592/486 386/514/425
f 435/587/482 1680/2437/1912 1205/2436/1344
f 435/587/482 386/514/425 1680/2437/1912
f 440/2438/488 1681/2439/1913 441/600/489
f 440/2438/488 1212/2440/1352 1681/2439/1913
f 440/594/488 444/602/493 1056/1466/1172
f 440/594/488 1682/2441/1914 1212/1684/1352
f 440/594/488 1056/1466/1172 1682/2441/1914
f 341/606/378 451/611/501 342/2442/1915
f 341/461/378 344/464/381 447/2443/497
f 95/124/105 1683/2444/1916 96/125/106
f 95/124/105 1326/1852/1481 1683/2444/1916
f 95/124/105 98/127/108 1326/1852/1481
f 776/2445/856 854/2446/945 1684/2447/1917
f 776/1054/856 1685/2448/1918 777/1055/857
f 776/2445/856 1684/2447/1917 1685/2449/1918
f 1686/2450/1919 1687/2451/1920 1688/2452/1921
f 1686/2450/1919 831/1129/917 832/1131/919
f 1686/2450/1919 1689/2453/1922 1687/2451/1920
f 1686/2454/1923 1688/2455/1921 1690/2456/1924
f 1686/2450/1919 832/1131/919 1689/2453/1922
f 1686/2450/1919 1690/2457/1924 831/1129/917
f 271/362/301 1691/2458/1925 1667/2418/1898
f 271/362/301 90/115/99 89/114/98
f 271/362/301 1666/2417/1897 90/115/99
f 271/362/301 1667/2418/1898 1666/2417/1897
f 271/362/301 273/364/303 1691/2458/1925
f 277/372/308 1692/2459/1926 1693/2460/1927
f 277/372/308 1693/2460/1927 1694/2461/1928
f 277/372/308 282/379/315 1692/2459/1926
f 277/372/308 1694/2461/1928 278/373/309
f 1695/2462/1929 899/2463/159 1456/2071/1641
f 1695/2464/1930 941/1292/1037 1696/2465/1931
f 1695/2464/1930 1697/2466/1932 900/2467/159
f 1695/2468/1930 1454/2067/1638 941/1291/1037
f 1695/2464/1930 1696/2465/1931 1697/2466/1932
f 1695/2462/1929 1456/2071/1641 1454/2070/1638
f 1695/2464/1930 900/2467/159 899/2469/159
f 33/44/35 1698/2470/1933 1699/2471/1934
f 33/44/35 1699/2471/1934 1438/2472/1616
f 33/44/35 36/43/39 1698/2470/1933
f 40/48/44 42/50/46 1700/2473/1935
f 40/48/44 1701/2474/1936 41/49/45
f 40/48/44 1700/2473/1935 1701/2474/1936
f 46/2475/50 1259/2476/1937 514/2477/1938
f 46/2475/50 1260/2478/1403 1259/2476/1937
f 46/2479/50 514/688/566 47/690/51
f 1702/2480/1939 1521/2481/1721 1703/2482/1940
f 1702/2480/1939 419/2483/1941 1704/2484/1942
f 1702/2480/1939 1705/2485/1943 57/72/65
f 1702/2480/1939 1704/2484/1942 1705/2485/1943
f 1702/2480/1939 57/72/65 1521/2481/1721
f 1702/2480/1939 1703/2482/1940 419/2483/1941
f 523/702/578 525/704/580 1706/2486/1944
f 523/702/578 1706/2486/1944 218/283/237
f 523/702/578 218/283/237 1119/2487/1945
f 523/702/578 1119/2487/1945 524/703/579
f 531/717/589 1123/2488/1249 1707/2489/1946
f 531/717/589 1708/2490/1947 1123/2488/1249
f 531/717/589 532/716/588 1708/2490/1947
f 531/717/589 1707/2489/1946 173/2491/184
f 1128/2492/1255 534/719/591 455/2493/505
f 1128/2494/1260 1130/2495/1948 535/726/596
f 1128/2492/1255 535/720/592 534/719/591
f 543/732/601 1709/2496/1949 1710/2497/1950
f 543/732/601 1710/2497/1950 544/733/602
f 543/732/601 1406/1995/1584 1709/2496/1949
f 543/732/601 542/737/600 1406/1995/1584
f 1711/2498/1951 1142/2499/1952 1712/2500/1953
f 1711/2498/1951 1713/2501/1954 1714/2502/1955
f 1711/2498/1951 1715/2503/1956 1142/2499/1952
f 1711/2498/1951 1714/2502/1955 1715/2503/1956
f 1711/2498/1951 1712/2500/1953 1716/2504/1957
f 1711/2498/1951 1716/2504/1957 1713/2501/1954
f 1717/2505/1958 204/266/222 202/264/220
f 1717/2506/1958 1718/2507/1959 1719/2508/1960
f 1717/2506/1958 1720/2509/1961 204/2510/1962
f 1717/2506/1958 1719/2508/1960 1443/2043/1623
f 1717/2506/1958 202/2511/1963 1718/2507/1959
f 1717/2506/1958 1443/2043/1623 1720/2509/1961
f 1721/2512/1964 1722/2513/1965 1723/2514/1966
f 1721/2512/1964 1724/2515/1967 1725/2516/1968
f 1721/2512/1964 1723/2514/1966 1724/2515/1967
f 1721/2512/1964 1067/1480/1182 1722/2513/1965
f 1721/2512/1964 1070/1483/1185 1067/1480/1182
f 1721/2512/1964 1725/2516/1968 1070/1483/1185
f 1154/1605/1285 1726/2517/1969 1155/1606/1286
f 1154/2518/1970 1727/2519/1971 1726/2520/1972
f 1154/1605/1285 209/271/227 1727/2521/1971
f 1154/1605/1285 1159/1610/1290 209/271/227
f 1269/1767/1414 1728/2522/1973 1270/1768/1415
f 1269/1767/1414 812/2523/895 1728/2522/1973
f 1269/1767/1414 372/496/410 1729/2524/1974
f 1269/1767/1414 1729/2524/1974 812/2523/895
f 374/502/415 1730/2525/1975 1731/2526/1976
f 374/498/412 1169/1622/1301 375/499/413
f 374/502/415 376/501/414 1730/2525/1975
f 374/498/412 1731/2527/1976 1169/1622/1301
f 1350/1895/1511 1353/1900/1515 1732/2528/1977
f 1350/1895/1511 1732/2528/1977 1733/2529/1978
f 1350/1895/1511 1734/2530/1979 1351/1896/1512
f 1350/1895/1511 1733/2529/1978 1734/2530/1979
f 1735/2531/1980 1736/2532/1981 1737/2533/1982
f 1735/2534/1983 290/391/325 291/392/326
f 1735/2534/1983 1737/2535/1982 290/391/325
f 1735/2536/1984 1738/2537/1985 1736/2538/1986
f 1735/2536/1984 1739/2539/1987 1738/2537/1985
f 1735/2534/1983 291/392/326 1739/2540/1987
f 595/801/659 1740/2541/1988 1179/1637/1314
f 595/801/659 1741/2542/1989 1740/2541/1988
f 595/801/659 1306/1821/1459 1741/2542/1989
f 595/801/659 1179/1637/1314 596/802/660
f 595/801/659 599/806/664 1306/1821/1459
f 1742/2543/159 1504/2145/159 150/2544/159
f 1742/2543/159 1743/2545/159 1504/2145/159
f 1742/2546/159 150/190/159 149/189/159
f 1742/2547/159 1744/2548/159 1743/2549/159
f 1742/2547/159 149/2550/159 1744/2548/159
f 1745/2551/1990 1108/1537/1231 513/2050/564
f 1745/2552/1990 1746/2553/1991 1747/2554/1992
f 1745/2551/1990 513/2050/564 1746/2555/1993
f 1745/2551/1990 1109/1538/1232 1108/1537/1231
f 1745/2552/1990 1748/2556/1994 1109/2557/1995
f 1745/2552/1990 1747/2554/1992 1748/2556/1994
f 1749/2558/1996 1369/2559/1997 1750/2560/1998
f 1749/2558/1996 1751/2561/1999 1752/2562/2000
f 1749/2558/1996 1750/2560/1998 1753/2563/2001
f 1749/2564/1996 1754/2565/2002 1369/2566/2003
f 1749/2564/1996 1752/2567/2004 1754/2565/2002
f 1749/2558/1996 1753/2563/2001 1751/2561/1999
f 321/431/359 964/1332/1066 968/1336/1070
f 321/431/359 968/1336/1070 322/432/360
f 321/431/359 1755/2568/2005 964/1332/1066
f 321/431/359 324/437/363 1755/2568/2005
f 430/934/475 695/936/771 431/2569/477
f 1313/2570/2006 1756/2571/2007 1654/2401/1884
f 1313/2570/2006 335/453/373 1756/2571/2007
f 1313/2570/2006 1654/2401/1884 1314/2572/1469
f 979/1359/1084 1757/2573/2008 1137/2574/1267
f 979/1359/1084 982/1362/1087 1758/2575/2009
f 979/1359/1084 1758/2575/2009 1757/2573/2008
f 979/1359/1084 1137/2574/1267 980/1360/1085
f 243/316/267 246/321/270 1617/2334/1837
f 243/316/267 1617/2334/1837 1618/2336/1838
f 243/316/267 1618/2336/1838 244/317/268
f 1146/1592/1276 996/1384/1106 1759/2576/2010
f 1146/1592/1276 1760/2577/2011 1147/1593/1277
f 1146/1592/1276 1149/1598/1280 996/1384/1106
f 1146/1592/1276 1759/2576/2010 1760/2577/2011
f 1673/2578/131 119/155/129 121/158/131
f 1673/2578/131 1522/2173/131 1525/2176/1724
f 1673/2578/131 1525/2176/1724 119/155/129
f 1673/2427/131 121/2579/131 1674/2428/1906
f 668/899/738 1761/2580/2012 1567/2581/2013
f 668/899/738 1762/2582/2014 1761/2580/2012
f 668/2583/738 1567/2584/1777 669/2585/739
f 668/899/738 673/907/746 1762/2582/2014
f 1232/2586/1374 1763/2587/2015 1570/2256/1780
f 1232/2586/1374 1570/2256/1780 1006/2260/1118
f 1232/2586/1374 1479/2588/1670 1763/2587/2015
f 1232/1715/1374 1006/1397/1118 1005/1396/1117
f 1232/2586/1374 1234/2589/1376 1479/2588/1670
f 1764/2590/2016 1765/2591/2017 1766/2592/2018
f 1764/2593/2016 1767/2594/2019 1765/2595/2017
f 1764/2593/2016 1768/2596/2020 1767/2594/2019
f 1764/2590/2016 1766/2592/2018 1769/2597/2021
f 1764/2593/2016 1770/2598/2022 1768/2596/2020
f 1764/2593/2016 1769/2599/2023 1770/2598/2022
f 1771/2600/2024 1772/2601/2025 822/1115/905
f 1771/2602/2026 1773/2603/2027 1774/2604/2028
f 1771/2600/2024 822/1115/905 818/1109/901
f 1771/2602/2026 818/1631/1310 1775/2605/2029
f 1771/2600/2024 1776/2606/2030 1772/2601/2025
f 1771/2602/2026 1775/2605/2029 1773/2603/2027
f 1771/2600/2024 1774/2607/2028 1776/2606/2030
f 1177/1638/1315 1740/2541/1988 1777/2608/2031
f 1177/1638/1315 1777/2608/2031 1020/2609/1133
f 1177/1638/1315 1179/1637/1314 1740/2541/1988
f 1023/2610/1137 1180/1639/1316 1640/2377/1867
f 1023/1420/1137 1290/1803/1442 1024/1421/1138
f 1023/1420/1137 1027/1426/1141 1180/2611/1316
f 1023/2610/1137 1640/2377/1867 1290/2612/2032
f 1778/2613/2033 1029/2614/1145 611/822/676
f 1778/2615/2034 1262/1750/1405 1779/2616/2035
f 1778/2613/2033 1779/2617/2035 1029/2614/1145
f 1778/2613/2033 611/822/676 613/2618/678
f 1778/2619/2034 613/824/678 414/552/455
f 1778/2615/2034 414/2620/455 1262/1750/1405
f 1034/1439/1150 1037/1442/1153 421/561/462
f 1034/1439/1150 1538/2208/1743 1780/2621/2036
f 1034/1439/1150 1266/1757/1410 1538/2208/1743
f 1034/1439/1150 1780/2621/2036 1035/1440/1151
f 1034/1439/1150 421/561/462 1266/1757/1410
f 1781/2622/2037 216/1939/235 1373/1936/1541
f 1781/2623/2038 1118/2624/1243 217/282/236
f 1781/2623/2038 217/282/236 216/281/235
f 1781/2622/2037 1601/2314/1819 1118/1556/1243
f 1781/2622/2037 1043/1453/1159 1601/2314/1819
f 1781/2622/2037 1373/1936/1541 1043/1453/1159
f 1375/1941/1545 1782/2625/2039 1783/2626/2040
f 1375/2627/2041 222/287/241 227/295/248
f 1375/1941/1545 1376/1943/1547 1782/2625/2039
f 1375/2627/2041 1783/2628/2042 222/287/241
f 1048/1458/1164 1784/2629/2043 1049/1459/1165
f 1048/1458/1164 229/299/251 1784/2629/2043
f 1048/1458/1164 230/300/252 229/299/251
f 1048/1458/1164 1050/1460/1166 230/300/252
f 1209/1679/1348 1212/1684/1352 1682/2441/1914
f 1209/1679/1348 1682/2441/1914 82/2630/2044
f 1209/1679/1348 82/2630/2044 81/1680/1349
f 245/319/269 247/322/271 1214/1688/1354
f 245/319/269 1216/1692/1356 246/320/270
f 1219/1696/1359 1785/2631/2045 1220/1697/1360
f 1219/1696/1359 1621/2342/1843 1785/2631/2045
f 1554/2227/1760 1276/1781/1425 1555/2228/1761
f 1554/2227/1760 1786/2632/2046 1787/2633/2047
f 1554/2227/1760 1787/2633/2047 1276/1781/1425
f 1554/2227/1760 1152/1601/1283 1786/2632/2046
f 27/30/29 264/352/293 266/351/292
f 27/30/29 266/351/292 1625/2346/1847
f 27/30/29 1625/2346/1847 28/31/30
f 27/30/29 29/32/31 264/352/293
f 1421/2015/1598 1423/2017/1600 1788/2634/2048
f 1421/2635/1598 1789/2636/2049 1422/2637/1599
f 1421/2635/1598 1788/2638/2048 1790/2639/2050
f 1421/2635/1598 1790/2639/2050 1789/2636/2049
f 759/2640/839 1791/2641/2051 760/2642/840
f 759/2643/839 762/2644/2052 1792/2645/2053
f 759/2646/839 1793/2647/2054 1791/2648/2055
f 759/2643/839 1792/2645/2053 1793/2649/2056
f 125/2650/135 1585/2287/1800 126/2651/136
f 125/162/135 1794/2652/2057 1586/2653/2058
f 125/162/135 127/164/137 1794/2652/2057
f 125/2650/135 1586/2288/1801 1585/2287/1800
f 1092/1518/1211 1795/2654/2059 1244/2655/1387
f 1092/1513/1211 1243/1731/1386 1093/1514/1212
f 1092/1518/1211 1095/1517/1214 1795/2654/2059
f 1092/1513/1211 1244/1732/1387 1243/1731/1386
f 1796/2656/2060 1797/2657/2061 1798/2658/2062
f 1796/2656/2060 1798/2658/2062 64/80/72
f 1796/2656/2060 1099/1523/1219 1799/2659/2063
f 1796/2656/2060 1100/1524/1220 1099/1523/1219
f 1796/2656/2060 64/80/72 1100/1524/1220
f 1796/2656/2060 1799/2659/2063 1797/2657/2061
f 1800/2660/2064 302/408/339 1596/2305/1811
f 1800/2660/2064 1801/2661/2065 1802/2662/2066
f 1800/2660/2064 1803/2663/2067 1105/1532/1227
f 1800/2660/2064 1105/1532/1227 302/408/339
f 1800/2660/2064 1802/2662/2066 1803/2663/2067
f 1800/2660/2064 1596/2305/1811 1801/2661/2065
f 904/1245/998 1804/2664/2068 905/1246/999
f 904/1254/1005 908/1253/1003 1805/2665/2069
f 904/2666/998 1805/2667/2069 1806/2668/2070
f 904/2669/998 1806/2670/2070 1804/2671/2068
f 1807/2672/2071 1600/2312/1817 1808/2673/2072
f 1807/2672/2071 1809/2674/2073 1810/2675/2074
f 1807/2672/2071 319/429/357 317/427/355
f 1807/2672/2071 1810/2675/2074 1113/2676/1237
f 1807/2672/2071 317/427/355 1600/2312/1817
f 1807/2672/2071 1113/2676/1237 319/429/357
f 1807/2672/2071 1808/2673/2072 1809/2674/2073
f 1728/2522/1973 812/2523/895 815/2677/898
f 1728/2522/1973 1811/2678/2075 1812/2679/2076
f 1728/2680/1973 1812/2681/2076 1270/1770/1417
f 1728/2522/1973 815/2677/898 1811/2678/2075
f 1813/2682/2077 820/2683/903 1814/2684/2078
f 1813/2685/2079 1815/2686/2080 820/2687/903
f 1813/2685/2079 1730/2688/1975 1815/2686/2080
f 1813/2689/2079 895/2690/2081 1730/2691/1975
f 1813/2682/2077 1814/2684/2078 895/2692/2081
f 1816/2693/2082 823/1118/906 1817/2694/2083
f 1816/2693/2082 824/1119/907 823/1118/906
f 1816/2693/2082 1734/2530/1979 1818/2695/2084
f 1816/2693/2082 1818/2695/2084 1819/2696/2085
f 1816/2693/2082 1817/2694/2083 1734/2530/1979
f 1816/2693/2082 1819/2696/2085 824/1119/907
f 827/1124/912 831/1129/917 643/1902/710
f 1820/2697/159 1821/2698/159 1743/2699/159
f 1820/2697/159 1822/2700/159 1412/2701/159
f 1820/2697/159 336/2702/159 1823/2703/159
f 1820/2697/159 1743/2699/159 1822/2700/159
f 1820/2697/159 1412/2701/159 336/2702/159
f 1820/2697/159 1823/2703/159 1821/2698/159
f 920/1266/1016 922/1268/1018 1824/2704/2086
f 920/1266/1016 48/62/53 50/61/57
f 920/1266/1016 50/61/57 921/1267/1017
f 920/1266/1016 1824/2704/2086 48/62/53
f 1825/2705/2087 1826/2706/2088 1827/2707/2089
f 1825/2708/2090 1751/2561/1999 617/830/682
f 1825/2708/2090 617/830/682 847/1157/937
f 1825/2708/2090 1752/2562/2000 1751/2561/1999
f 1825/2705/2087 1827/2707/2089 1752/2567/2004
f 1825/2708/2090 847/1157/937 1826/2709/2091
f 851/1163/942 1828/2710/2092 1829/2711/2093
f 851/2712/2094 397/533/437 1830/2713/2095
f 851/1163/942 1829/2711/2093 1831/2714/2096
f 851/2712/2094 1830/2713/2095 1828/2715/2097
f 503/670/552 1606/2322/1825 504/671/553
f 503/670/552 508/678/558 1605/2321/1824
f 179/237/199 1535/2716/1739 458/618/508
f 179/237/199 458/618/508 180/2717/192
f 179/237/199 706/2718/785 1535/2716/1739
f 179/237/199 184/236/196 706/2718/785
f 1832/2719/2098 1833/2720/2099 1834/2721/2100
f 1832/2722/2101 1835/2723/2102 1144/1590/1274
f 1832/2722/2101 1836/2724/2103 1835/2723/2102
f 1832/2719/2098 1834/2721/2100 1836/2725/2103
f 1832/2719/2098 1141/2726/2104 1833/2720/2099
f 1832/2722/2101 1144/1590/1274 1141/1587/1271
f 1440/2044/1624 1363/1921/1527 556/1920/1530
f 1440/2039/1619 556/751/615 559/754/618
f 1440/2044/1624 1442/2042/1622 1363/1921/1527
f 1440/2039/1619 559/754/618 1441/2040/1620
f 1329/1857/1485 1837/2727/2105 1330/1858/1486
f 1329/1857/1485 1838/2728/2106 1837/2727/2105
f 1329/1857/1485 1332/1862/1489 1838/2728/2106
f 884/1216/982 1839/2729/2107 362/486/400
f 884/1213/979 1840/2730/2108 213/275/231
f 884/1216/982 362/486/400 1840/2731/2109
f 884/1216/982 883/1211/977 1839/2729/2107
f 887/1218/984 1841/2732/2110 1842/2733/2111
f 887/1218/984 1842/2733/2111 888/1219/985
f 887/1218/984 6/6/6 1841/2732/2110
f 887/1218/984 8/8/8 6/6/6
f 1343/2734/1504 1843/2735/2112 1344/2736/1505
f 1343/2734/1504 1079/2737/1195 1843/2735/2112
f 1343/1888/1504 1347/1887/1508 1844/2738/2113
f 1343/2739/1504 1844/2740/2114 1079/2741/1195
f 1845/2742/2115 898/2743/996 900/2744/159
f 1845/2742/2115 1697/2745/2116 1846/2746/2117
f 1845/2742/2115 1846/2746/2117 1241/2747/1383
f 1845/2742/2115 1241/2747/1383 1240/2748/1382
f 1845/2742/2115 1240/2748/1382 898/2743/996
f 1845/2742/2115 900/2744/159 1697/2745/2116
f 130/174/140 1847/2749/2118 1848/2750/2119
f 130/167/140 1848/2751/2119 1510/2152/1707
f 130/174/140 135/173/145 1847/2749/2118
f 130/167/140 1510/2152/1707 131/168/141
f 906/1248/1001 1285/1797/1437 907/1249/1002
f 906/1248/1001 909/1251/1004 1282/1792/1433
f 42/50/46 505/673/555 1700/2473/1935
f 42/50/46 1849/2752/2120 505/673/555
f 42/50/46 43/51/47 1849/2752/2120
f 922/2753/1018 232/302/254 1850/2754/2121
f 922/2753/1018 923/2755/1019 232/302/254
f 922/1268/1018 1850/2756/2121 1824/2704/2086
f 1851/2757/2122 1750/2758/1998 1852/2759/2123
f 1851/2757/2122 54/69/62 1705/2485/1943
f 1851/2757/2122 1852/2759/2123 54/69/62
f 1851/2757/2122 1705/2485/1943 1853/2760/2124
f 1851/2757/2122 1853/2760/2124 1753/2761/2001
f 1851/2757/2122 1753/2761/2001 1750/2758/1998
f 1854/2762/2125 1193/1659/1331 1679/2434/1911
f 1854/2763/2125 322/432/360 968/1336/1070
f 1854/2763/2125 968/1336/1070 966/1334/1068
f 1854/2763/2125 966/1334/1068 1194/2764/1332
f 1854/2762/2125 1194/1660/1332 1193/1659/1331
f 1854/2762/2125 1679/2434/1911 322/434/360
f 931/1280/1027 934/1283/1030 1197/2765/2126
f 931/1280/1027 1201/2766/1340 932/1281/1028
f 1203/2767/1342 1855/2768/2127 1204/2769/2128
f 1203/2767/1342 1205/2436/1344 1680/2437/1912
f 1203/2767/1342 1680/2437/1912 1855/2768/2127
f 1210/1682/1350 1856/2770/2129 1211/1683/1351
f 1210/2771/1350 80/109/88 1857/2772/2130
f 1210/2773/1350 81/102/89 80/101/88
f 1210/2774/1350 1857/2775/2131 1856/2776/2129
f 1858/2777/2132 1318/1838/1473 500/1845/549
f 1858/2777/2132 1859/2778/2133 1860/2779/2134
f 1858/2777/2132 1861/2780/2135 1859/2778/2133
f 1858/2777/2132 1860/2779/2134 1318/1838/1473
f 1858/2781/2132 500/2782/2136 497/2783/2137
f 1858/2781/2132 497/2783/2137 1861/2784/2138
f 279/375/311 954/1311/1053 1323/2785/1478
f 279/375/311 1323/2785/1478 280/376/312
f 548/739/606 104/744/114 107/2786/2139
f 548/2787/606 107/2788/2139 957/2789/1056
f 471/634/521 1418/2012/1595 1392/1977/1569
f 471/634/521 474/637/524 1418/2012/1595
f 810/1101/893 1500/2137/1698 1499/2136/1697
f 810/1101/893 1499/2136/1697 1862/2790/2140
f 810/1101/893 813/1104/896 1500/2137/1698
f 810/1101/893 1862/2790/2140 811/1102/894
f 819/1110/902 1863/2791/2141 1175/1629/1308
f 819/1110/902 1274/2792/1421 1863/2791/2141
f 1276/1781/1425 1787/2633/2047 742/1782/1426
f 1276/1781/1425 437/2793/485 1555/2228/1761
f 1276/1781/1425 1278/1785/1428 437/2793/485
f 1864/2794/2142 1865/2795/2143 1866/2796/2144
f 1864/2794/2142 1546/2797/1752 750/2798/830
f 1864/2794/2142 1866/2796/2144 1867/2799/2145
f 1864/2800/2142 1547/2220/1753 1546/2219/1752
f 1864/2794/2142 750/2798/830 1865/2795/2143
f 1864/2800/2142 1867/2801/2146 1547/2220/1753
f 1868/2802/2147 498/2803/547 1286/1798/1438
f 1868/2802/2147 1869/2804/2148 1870/2805/2149
f 1868/2802/2147 1286/1798/1438 1283/1799/1434
f 1868/2802/2147 1283/1799/1434 1871/2806/2150
f 1868/2802/2147 1871/2806/2150 1869/2804/2148
f 1868/2807/2147 1870/2808/2149 498/2809/547
f 1288/2810/2151 1872/2811/2152 1873/2812/2153
f 1288/2810/2151 1491/2123/1688 1872/2811/2152
f 1288/2810/2151 1873/2812/2153 1289/2813/2154
f 1288/1801/1440 1291/1805/1443 1491/2125/1688
f 758/1033/838 1032/1436/1148 761/1034/841
f 1301/1816/1454 1644/2814/2155 1302/1817/1455
f 1301/1816/1454 1300/1815/1453 1038/2815/1154
f 1301/1816/1454 1874/2816/2156 1644/2814/2155
f 1301/1816/1454 1038/2815/1154 1874/2816/2156
f 849/2817/2157 1831/2714/2096 1447/2055/1629
f 849/2817/2157 1447/2055/1629 1875/2818/2158
f 849/1159/939 1875/2819/2159 850/1160/940
f 1876/2820/2160 1489/2128/1686 1493/2127/1691
f 1876/2821/2160 1877/2822/2161 1878/2823/2162
f 1876/2821/2160 1879/2824/2163 1605/2321/1824
f 1876/2821/2160 1878/2823/2162 1879/2824/2163
f 1876/2821/2160 508/678/558 1489/2825/1686
f 1876/2821/2160 1493/2826/1691 1877/2822/2161
f 1876/2821/2160 1605/2321/1824 508/678/558
f 1880/2827/2164 1315/1833/1470 1457/2073/1643
f 1880/2827/2164 899/2463/159 902/2828/159
f 1880/2827/2164 1316/1834/159 1315/1833/1470
f 1880/2827/2164 902/2828/159 1316/1834/159
f 1880/2827/2164 1457/2073/1643 1456/2071/1641
f 1880/2827/2164 1456/2071/1641 899/2463/159
f 1881/2829/2165 796/1181/876 1568/2253/1778
f 1881/2830/2166 1882/2831/2167 867/2832/2168
f 1881/2833/2169 238/309/260 1883/2834/2170
f 1881/2833/2169 241/312/263 1211/1683/1351
f 1881/2829/2165 867/1182/958 796/1181/876
f 1881/2830/2166 1211/2835/2171 1882/2831/2167
f 1881/2833/2169 1883/2834/2170 241/312/263
f 483/647/534 993/1379/1101 484/648/535
f 483/647/534 994/1380/1102 993/1379/1101
f 483/647/534 800/1086/880 994/1380/1102
f 1884/2836/2172 1885/2837/2173 1886/2838/2174
f 1884/2839/2172 1887/2840/2175 1888/2841/2176
f 1884/2842/2172 1888/2843/2177 1889/2844/2178
f 1884/2839/2172 1886/2845/2174 1887/2840/2175
f 1884/2846/2172 1890/2847/2179 1885/2848/2173
f 1884/2846/2172 1889/2849/2180 1890/2847/2179
f 1000/2850/1112 1468/2091/1657 473/636/523
f 1000/2850/1112 1469/2092/1658 1468/2091/1657
f 1000/1390/1112 807/1094/887 1469/2851/1658
f 1000/2850/1112 473/636/523 470/633/520
f 571/2852/2181 573/2853/635 891/1222/988
f 571/772/633 1891/2854/2182 1892/2855/2183
f 571/2852/2181 891/1222/988 1891/2856/2182
f 571/772/633 1892/2855/2183 572/773/634
f 894/1225/991 1543/2857/1748 1893/2858/2184
f 894/1225/991 1082/2859/1198 580/1226/644
f 894/1225/991 1893/2858/2184 1082/2859/1198
f 1894/2860/2185 1428/2022/1605 638/857/705
f 1894/2861/2185 1895/2862/2186 1896/2863/2187
f 1894/2860/2185 636/854/703 1895/2864/2186
f 1894/2860/2185 638/857/705 636/854/703
f 1894/2860/2185 1896/2865/2187 1428/2022/1605
f 1736/2538/1986 1738/2537/1985 1897/2866/2188
f 1736/2538/1986 1897/2866/2188 1356/2867/1519
f 1736/2538/1986 1356/2867/1519 1898/2868/2189
f 1736/2532/1981 1898/2869/2189 1737/2533/1982
f 1515/2157/1712 609/2870/674 1359/1909/1522
f 1515/2157/1712 610/2871/675 609/2870/674
f 1515/2157/1712 836/2160/1713 1899/2872/2190
f 1515/2157/1712 1899/2872/2190 610/2871/675
f 1900/2873/2191 1595/2304/1810 1364/2306/1528
f 1900/2874/2192 1363/1916/1527 1442/2875/1622
f 1900/2874/2192 1364/1917/1528 1363/1916/1527
f 1900/2873/2191 1901/2876/2193 1595/2304/1810
f 1900/2873/2191 839/1146/928 1901/2876/2193
f 1900/2874/2192 1442/2875/1622 839/2877/928
f 1902/2878/2194 1903/2879/2195 1368/1925/1533
f 1902/2878/2194 1597/2309/1814 157/198/166
f 1902/2878/2194 1904/2880/2196 1903/2879/2195
f 1902/2878/2194 157/198/166 156/200/165
f 1902/2878/2194 1368/1925/1533 1597/2309/1814
f 1902/2878/2194 156/200/165 1904/2880/2196
f 236/306/258 1905/2881/2197 237/307/259
f 236/306/258 1906/2882/2198 1905/2881/2197
f 236/306/258 239/313/264 1907/2883/2199
f 236/306/258 1907/2883/2199 1906/2882/2198
f 425/2884/2200 1395/2885/2201 1908/2886/2202
f 425/567/468 427/569/470 1395/2887/2201
f 425/567/468 1908/2888/2202 1678/2433/1910
f 933/1282/1029 684/922/758 1909/2889/2203
f 933/1282/1029 935/1284/1031 685/923/759
f 933/1282/1029 685/923/759 684/922/758
f 933/1282/1029 1909/2889/2203 934/1283/1030
f 1910/2890/2204 1911/2891/2205 861/1173/952
f 1910/2890/2204 1399/1987/1577 1398/1986/1576
f 1910/2890/2204 1379/2892/1550 1911/2891/2205
f 1910/2890/2204 1380/2893/2206 1379/2892/1550
f 1910/2890/2204 861/1173/952 1399/1987/1577
f 1910/2890/2204 1398/1986/1576 1380/2893/2206
f 863/2894/954 1912/2895/2207 1739/2896/1987
f 863/2897/954 865/2898/956 1912/2899/2207
f 863/2900/954 1739/2540/1987 291/392/326
f 863/2900/954 291/392/326 289/390/324
f 1060/2901/159 1411/2000/159 1061/2902/159
f 1060/1477/159 1064/1476/1179 334/2903/159
f 1060/1477/159 334/2903/159 337/2904/159
f 1060/2901/159 337/2905/159 1411/2000/159
f 876/1201/970 1331/1860/1487 877/1202/971
f 876/2906/2208 878/1206/972 1217/1693/1357
f 876/1201/970 1217/2907/2209 1331/1860/1487
f 1913/2908/2210 1914/2909/2211 1915/2910/2212
f 1913/2911/2210 723/980/801 722/979/800
f 1913/2911/2210 1916/2912/2213 723/980/801
f 1913/2908/2210 1915/2910/2212 1917/2913/2214
f 1913/2908/2210 1917/2913/2214 1916/2914/2215
f 1913/2908/2210 722/2915/2216 1914/2909/2211
f 168/211/178 170/216/181 1580/2916/1794
f 168/2917/2217 1580/2280/1794 1581/2283/1795
f 168/2918/178 1581/2919/1795 1559/2920/1766
f 1918/2921/2218 1529/2922/1730 1919/2923/2219
f 1918/2924/2218 1449/2058/1631 1920/2925/2220
f 1918/2921/2218 1921/2926/2221 1529/2922/1730
f 1918/2924/2218 1919/2927/2222 1450/2059/1632
f 1918/2921/2218 1920/2928/2220 1921/2926/2221
f 1918/2924/2218 1450/2059/1632 1449/2058/1631
f 688/928/764 692/932/768 781/2929/861
f 688/928/764 781/2929/861 780/1348/860
f 1757/2573/2008 1922/2930/2223 1923/2931/2224
f 1757/2573/2008 1758/2575/2009 163/2932/2225
f 1757/2933/2226 163/206/173 1922/2934/2227
f 1757/2573/2008 1923/2931/2224 1137/2574/1267
f 986/1369/1093 1856/2776/2129 1857/2775/2131
f 986/1369/1093 990/1374/1097 1924/2935/2228
f 986/1369/1093 1857/2775/2131 987/1370/1094
f 986/1369/1093 1924/2935/2228 1856/2776/2129
f 1925/2936/2229 872/2937/965 205/267/223
f 1925/2938/2230 204/2510/1962 1720/2509/1961
f 1925/2938/2230 1720/2509/1961 558/753/617
f 1925/2936/2229 205/267/223 204/266/222
f 1925/2938/2230 558/753/617 555/750/614
f 1925/2938/2230 555/750/614 872/1192/965
f 1722/2513/1965 1622/2939/1844 1723/2514/1966
f 1722/2513/1965 1926/2940/2231 714/2941/2232
f 1722/2513/1965 1067/1480/1182 1926/2940/2231
f 1722/2513/1965 714/2941/2232 1622/2939/1844
f 1575/2272/1786 1927/2942/2233 1928/2943/2234
f 1575/2272/1786 1928/2943/2234 1576/2273/1787
f 1575/2276/1790 1929/2944/2235 1927/2945/2236
f 1575/2276/1790 885/1214/980 1929/2944/2235
f 1930/2946/2237 1161/1612/1292 1539/2211/1744
f 1930/2946/2237 1539/2211/1744 1540/2212/1745
f 1930/2947/2237 1931/2948/2238 1932/2949/2239
f 1930/2946/2237 1162/1613/1293 1161/1612/1292
f 1930/2947/2237 1540/2950/1745 1931/2948/2238
f 1930/2947/2237 1932/2949/2239 1162/2951/1293
f 577/780/641 1166/1619/1298 578/781/642
f 577/780/641 1933/2952/2240 1934/2953/2241
f 577/780/641 1425/2019/1602 1933/2952/2240
f 577/780/641 1934/2953/2241 1166/1619/1298
f 1935/2954/2242 1171/1624/1303 1936/2955/2243
f 1935/2954/2242 1936/2955/2243 1638/2373/1863
f 1935/2954/2242 1172/1625/1304 1171/1624/1303
f 1935/2954/2242 1637/2372/1862 1937/2956/2244
f 1935/2954/2242 1937/2956/2244 1172/1625/1304
f 1935/2954/2242 1638/2373/1863 1637/2372/1862
f 1938/2957/2245 1939/2958/2246 391/523/431
f 1938/2959/2245 629/2960/696 1940/2961/2247
f 1938/2959/2245 1484/2116/1681 629/2960/696
f 1938/2959/2245 1940/2961/2247 1774/2607/2028
f 1938/2959/2245 391/2962/2248 1484/2116/1681
f 1938/2959/2245 1774/2607/2028 1939/2963/2246
f 597/2964/2249 34/1134/921 32/2965/662
f 597/2966/661 596/2967/660 1178/1634/1313
f 597/2966/661 647/869/714 834/2968/2250
f 597/2964/2249 834/1135/922 34/1134/921
f 597/2966/661 1178/1634/1313 647/869/714
f 654/879/722 656/881/724 837/1144/926
f 654/879/722 148/2969/158 145/2970/155
f 654/879/722 145/2970/155 655/880/723
f 654/879/722 837/1144/926 148/2969/158
f 840/2971/2251 1941/2972/2252 611/822/676
f 840/2971/2251 611/822/676 841/2973/2253
f 840/1150/930 842/1152/932 1941/2974/2254
f 1826/2706/2088 162/205/172 1827/2707/2089
f 1826/2706/2088 847/2975/2255 848/2976/938
f 1826/2706/2088 848/2976/938 162/205/172
f 1942/2977/2256 1943/2978/2257 1944/2979/2258
f 1942/2980/2256 211/277/229 929/1278/1025
f 1942/2980/2256 1945/2981/2259 211/277/229
f 1942/2980/2256 1946/2982/2260 1945/2981/2259
f 1942/2977/2256 1944/2979/2258 1946/2983/2260
f 1942/2980/2256 929/1278/1025 1943/2984/2261
f 970/2985/1072 1198/2986/1337 1947/2987/2262
f 970/2988/1072 973/2989/1076 1199/2990/2263
f 970/2985/1072 1199/2991/1338 1198/2986/1337
f 970/2992/2264 1947/2993/2265 16/2994/17
f 1610/2326/1829 1206/2995/2266 1611/2327/1830
f 1610/2996/2267 153/193/162 1206/1676/1345
f 1610/2326/1829 1612/2328/1831 1948/2997/2268
f 1610/2326/1829 1948/2997/2268 153/2998/2269
f 1053/1463/1169 1057/1467/1173 1949/2999/2270
f 1053/1463/1169 1949/2999/2270 1459/2076/1646
f 1950/3000/2271 1463/2086/1653 343/463/380
f 1950/3000/2271 1951/3001/2272 1952/3002/2273
f 1950/3000/2271 343/463/380 1953/3003/2274
f 1950/3000/2271 1953/3003/2274 1951/3001/2272
f 1950/3000/2271 1952/3002/2273 1954/3004/2275
f 1950/3000/2271 1954/3004/2275 1463/2086/1653
f 1955/3005/2276 453/3006/503 1534/2200/1738
f 1955/3005/2276 1956/3007/2277 1957/3008/2278
f 1955/3005/2276 454/3009/504 453/3006/503
f 1955/3005/2276 1534/2200/1738 1956/3007/2277
f 1955/3005/2276 1958/3010/2279 454/3009/504
f 1955/3005/2276 1957/3008/2278 1958/3010/2279
f 257/3011/280 1959/3012/2280 1960/3013/2281
f 257/344/286 1352/1897/1513 1959/3014/2280
f 257/344/286 261/343/285 1352/1897/1513
f 257/3011/280 1960/3013/2281 258/3015/281
f 111/3016/2282 113/3017/2283 1961/3018/2284
f 111/3016/2282 1687/2451/1920 1689/2453/1922
f 111/145/121 1689/3019/2285 112/146/122
f 111/3016/2282 1961/3018/2284 1687/2451/1920
f 4/4/4 5/5/5 478/3020/529
f 1233/1716/1375 1235/1718/1377 1630/3021/2286
f 1233/3022/2287 1632/3023/1856 1962/3024/2288
f 1233/1716/1375 1962/3025/2288 1234/1717/1376
f 1237/1720/1379 1089/1506/1205 494/3026/542
f 1237/1720/1379 1239/3027/2289 1587/3028/1802
f 1237/1720/1379 1587/3028/1802 1090/1507/1206
f 1237/1720/1379 494/3026/542 492/1721/540
f 1237/1720/1379 1090/1507/1206 1089/1506/1205
f 1795/2654/2059 1847/2749/2118 1244/2655/1387
f 1795/2654/2059 1848/2750/2119 1847/2749/2118
f 1795/2654/2059 1095/1517/1214 1848/2750/2119
f 1828/2710/2092 1305/1824/1458 1307/1823/1461
f 1828/2710/2092 1307/1823/1461 1829/2711/2093
f 1828/2715/2097 1963/3029/2290 1305/1820/1458
f 1828/2715/2097 1830/2713/2095 1963/3029/2290
f 1606/2322/1825 683/920/756 1964/3030/2291
f 1606/2322/1825 1964/3030/2291 504/671/553
f 1606/2322/1825 1608/2324/1827 683/920/756
f 116/150/126 1965/3031/2292 1164/3032/2293
f 116/150/126 120/156/130 1966/3033/2294
f 116/3034/126 1164/3035/1295 117/153/127
f 116/150/126 1966/3033/2294 1965/3031/2292
f 1193/1659/1331 424/566/467 1679/2434/1911
f 1193/1659/1331 1195/1661/1333 424/566/467
f 13/3036/13 1947/2993/2265 866/3037/957
f 13/3036/13 16/2994/17 1947/2993/2265
f 13/3038/13 866/1179/957 289/1176/324
f 1903/2879/2195 1967/3039/2295 919/1265/1015
f 1903/2879/2195 919/1265/1015 1368/1925/1533
f 1761/2580/2012 1762/2582/2014 239/3040/264
f 1761/3041/2296 238/309/260 1568/3042/2297
f 1761/3041/2296 239/310/261 238/309/260
f 1761/3043/2296 1568/2253/1778 1567/2252/1777
f 1531/2193/1733 342/2442/1915 451/611/501
f 1531/2193/1733 702/945/779 1953/3044/2274
f 1531/2193/1733 1953/3044/2274 342/2442/1915
f 1531/2193/1733 451/611/501 1532/2194/1734
f 1533/2199/1737 709/959/788 99/128/109
f 1533/2199/1737 1956/3007/2277 1534/2200/1738
f 1533/2199/1737 96/125/106 1956/3007/2277
f 1533/2199/1737 99/128/109 96/125/106
f 259/2009/1592 102/3045/112 260/3046/2298
f 259/2009/1592 103/2007/1590 102/3045/112
f 113/3017/2283 1968/3047/2299 960/1325/1061
f 113/3017/2283 114/3048/2300 1968/3047/2299
f 113/3017/2283 960/1325/1061 1961/3018/2284
f 1001/3049/2301 198/3050/2302 1669/2420/1900
f 1001/3049/2301 1669/2420/1900 1230/3051/2303
f 1630/3021/2286 1235/1718/1377 1650/3052/1880
f 1630/2358/1854 1649/3053/1879 1631/2359/1855
f 1630/3021/2286 1650/3052/1880 1649/3054/1879
f 1238/1723/1380 1585/2287/1800 1239/1724/1381
f 1238/1723/1380 126/2651/136 1585/2287/1800
f 1238/1723/1380 1242/1729/1384 1969/3055/2304
f 1243/1731/1386 1863/3056/2141 1093/1514/1212
f 1243/1731/1386 1175/1630/1309 1863/3056/2141
f 1797/2657/2061 297/3057/332 294/3058/2305
f 1797/2657/2061 294/3058/2305 1548/3059/1754
f 1797/2657/2061 1548/3059/1754 1798/2658/2062
f 1797/2657/2061 1799/2659/2063 297/3057/332
f 1701/3060/1936 1970/3061/2306 1257/1745/1400
f 1701/3060/1936 1257/1745/1400 1255/1743/1398
f 1701/3060/1936 1255/1743/1398 41/3062/1715
f 1701/3063/1936 1700/3064/2307 1970/3065/2308
f 1259/2476/1937 1971/3066/2309 514/2477/1938
f 1259/3067/1937 1263/1753/1406 1971/3068/2310
f 1521/2171/1721 1524/2175/1723 1703/3069/1940
f 1521/2481/1721 57/72/65 56/71/64
f 1117/1555/1241 1972/3070/2311 526/707/581
f 1117/2319/1241 1603/2317/1822 1973/3071/2312
f 1117/2319/1241 1973/3071/2312 1972/3072/2311
f 1974/3073/2313 173/2491/184 1707/2489/1946
f 1974/3074/2313 177/225/189 173/219/184
f 1974/3074/2313 1783/3075/2042 1975/3076/2314
f 1974/3073/2313 1976/3077/2315 1783/2628/2042
f 1974/3073/2313 1707/2489/1946 1976/3077/2315
f 1974/3074/2313 1975/3076/2314 177/225/189
f 180/3078/2316 537/722/594 181/3079/193
f 180/2717/192 458/618/508 456/616/506
f 180/3078/2316 456/3080/2317 537/722/594
f 1977/3081/2318 1136/3082/1266 1566/2245/1774
f 1977/3081/2318 1661/3083/1892 984/1365/1090
f 1977/3081/2318 1566/2245/1774 192/3084/206
f 1977/3081/2318 984/1365/1090 980/1366/1085
f 1977/3081/2318 980/1366/1085 1136/3082/1266
f 1977/3081/2318 1662/3085/1893 1661/3083/1892
f 1977/3081/2318 192/3084/206 1662/3085/1893
f 1978/3086/2319 988/3087/1095 1979/3088/2320
f 1978/3089/2321 1713/2501/1954 1716/2504/1957
f 1978/3090/2321 1979/3091/2320 1980/3092/2322
f 1978/3090/2321 1889/3093/2178 1713/3094/2323
f 1978/3090/2321 1980/3092/2322 1889/3093/2178
f 1978/3089/2321 1716/2504/1957 988/1372/1095
f 201/263/219 1148/1596/1279 1981/3095/2324
f 201/263/219 1981/3095/2324 202/264/220
f 1066/1479/1181 1786/3096/2325 1926/2940/2231
f 1066/1479/1181 1926/2940/2231 1067/1480/1182
f 1066/1479/1181 1787/3097/2326 1786/3096/2325
f 1066/1479/1181 1069/1482/1184 1787/3097/2326
f 1156/1607/1287 1155/1606/1286 1982/3098/2327
f 1156/1607/1287 1982/3098/2327 1157/1608/1288
f 1983/3099/2328 1042/1454/1158 1044/1452/1160
f 1983/3099/2328 1163/3100/1294 1162/2951/1293
f 1983/3099/2328 1162/2951/1293 1932/2949/2239
f 1983/3099/2328 1932/2949/2239 1042/1454/1158
f 1983/3099/2328 1044/1452/1160 1163/3100/1294
f 1171/1624/1303 1984/3101/2329 1936/2955/2243
f 1171/1624/1303 128/165/138 1984/3101/2329
f 1939/2958/2246 1773/2603/2027 392/524/432
f 1939/2958/2246 1774/2604/2028 1773/2603/2027
f 1939/2958/2246 392/524/432 391/523/431
f 1740/2541/1988 1741/2542/1989 1777/2608/2031
f 1504/2145/159 1821/3102/159 1505/2146/159
f 1504/2145/159 1743/2545/159 1821/3102/159
f 1504/2145/159 1506/2147/159 150/2544/159
f 1369/2566/2003 1754/2565/2002 316/1657/354
f 1369/1929/1535 1370/1932/1537 1750/2758/1998
f 1985/3103/2330 1340/1878/1501 1892/2855/2183
f 1985/3104/2331 1891/2856/2182 1986/3105/2332
f 1985/3103/2330 272/370/302 1341/1879/1502
f 1985/3103/2330 1341/1879/1502 1340/1878/1501
f 1985/3103/2330 1892/2855/2183 1891/2854/2182
f 1985/3104/2331 1986/3105/2332 272/3106/2333
f 1345/1884/1506 1348/1889/1509 1583/2285/1798
f 1345/1884/1506 1494/3107/1692 1346/1885/1507
f 1345/1884/1506 1583/2285/1798 1015/1408/1128
f 1345/1884/1506 1015/1408/1128 1494/3107/1692
f 1351/1896/1512 1734/2530/1979 1817/2694/2083
f 1351/1896/1512 1817/2694/2083 1352/1897/1513
f 829/1127/915 1709/3108/1949 830/1128/916
f 829/1127/915 1987/3109/2334 1710/3110/2335
f 829/1127/915 1710/3110/2335 1709/3108/1949
f 829/1127/915 828/1132/913 1987/3109/2334
f 1358/2159/1521 1698/3111/1933 36/41/39
f 1358/2159/1521 1361/3112/1525 1698/3111/1933
f 1595/2304/1810 1988/3113/2336 1596/2305/1811
f 1595/2304/1810 1901/2876/2193 1988/3113/2336
f 1597/2309/1814 1598/2310/1815 157/198/166
f 1600/2312/1817 1906/2882/2198 1808/2673/2072
f 1600/2312/1817 1190/2313/1818 1989/3114/2337
f 1600/2312/1817 1989/3114/2337 1906/2882/2198
f 215/280/234 220/285/239 325/3115/364
f 215/280/234 325/3115/364 1372/1934/1539
f 682/919/755 1970/3065/2308 1964/3030/2291
f 682/925/761 685/923/759 1311/1829/1466
f 682/919/755 1964/3030/2291 683/920/756
f 682/925/761 1311/1829/1466 1970/3061/2306
f 690/930/766 1050/1460/1166 691/931/767
f 690/930/766 693/933/769 1379/1949/1550
f 864/1177/955 1990/3116/2338 1991/3117/2339
f 864/1177/955 1991/3117/2339 865/1178/956
f 196/3118/214 195/3119/213 1141/2726/2104
f 196/3120/2340 1143/3121/1273 197/3122/215
f 1992/3123/2341 603/3124/668 1719/2508/1960
f 1992/3123/2341 1410/1999/159 603/3124/668
f 1992/3123/2341 1718/2507/1959 251/327/274
f 1992/3123/2341 250/326/159 1410/1999/159
f 1992/3123/2341 1719/2508/1960 1718/2507/1959
f 1992/3123/2341 251/327/274 250/326/159
f 1993/3125/2342 1994/3126/2343 1995/3127/2344
f 1993/3125/2342 102/131/112 106/136/116
f 1993/3128/2342 1996/3129/2345 260/3046/2298
f 1993/3125/2342 106/136/116 1994/3126/2343
f 1993/3128/2342 1451/3130/1633 1996/3129/2345
f 1993/3128/2342 1995/3131/2346 1451/3130/1633
f 1993/3128/2342 260/3046/2298 102/3045/112
f 1417/2011/1594 1997/3132/2347 1393/1978/1570
f 1417/2011/1594 267/357/296 1997/3132/2347
f 1417/2011/1594 268/358/297 267/357/296
f 1417/2011/1594 1393/1978/1570 1392/1977/1569
f 1270/1770/1417 924/3133/1020 1271/1771/1418
f 1270/1770/1417 1812/2681/2076 925/3134/2348
f 1270/1770/1417 925/3134/2348 924/3133/1020
f 1275/1778/1423 1815/2686/2080 376/3135/414
f 1275/3136/1423 376/501/414 377/503/416
f 1275/1778/1423 821/1779/904 1815/2686/2080
f 1275/1778/1423 377/3137/2349 733/992/811
f 381/508/420 940/1290/1036 382/509/421
f 381/516/420 385/513/424 938/1287/1034
f 1280/3138/1430 390/520/429 393/525/433
f 1280/3139/1430 746/3140/826 390/3141/2350
f 1280/3142/1430 133/170/143 566/3143/628
f 1280/3142/1430 393/3144/433 133/170/143
f 1282/1792/1433 909/1251/1004 1109/2557/1995
f 1282/1792/1433 1109/2557/1995 1748/2556/1994
f 1282/1792/1433 1748/2556/1994 1283/1793/1434
f 1024/1421/1138 1289/1802/1441 1025/1422/1139
f 1998/3145/2351 1999/3146/2352 2000/3147/2353
f 1998/3148/2351 2001/3149/2354 1401/3150/1579
f 1998/3145/2351 1400/1988/1578 1999/3146/2352
f 1998/3148/2351 2002/3151/2355 2001/3149/2354
f 1998/3145/2351 1401/1990/1579 1400/1988/1578
f 1998/3148/2351 2000/3152/2356 2002/3151/2355
f 1644/2382/1872 1408/3153/1586 1405/2383/1583
f 1644/2382/1872 1874/3154/2357 1408/3153/1586
f 1445/2053/1627 2003/3155/2358 1446/2054/1628
f 1445/2053/1627 1755/2568/2005 2003/3155/2358
f 1445/2053/1627 771/1048/851 770/1047/850
f 1445/2053/1627 770/1047/850 1755/2568/2005
f 1782/3156/2039 2004/3157/2359 2005/3158/2360
f 1782/3156/2039 1607/2323/1826 1975/3159/2314
f 1782/3156/2039 1376/1947/1547 2004/3157/2359
f 1782/3156/2039 2005/3158/2360 1607/2323/1826
f 1782/3160/2361 1975/3076/2314 1783/3075/2042
f 332/449/159 1316/1834/159 2006/3161/159
f 332/449/159 2006/3161/159 333/450/159
f 949/1301/1045 1859/2778/2133 1788/2638/2048
f 949/1301/1045 950/1303/1046 1860/2779/2134
f 949/3162/1045 1788/2634/2048 274/368/305
f 949/1301/1045 1860/2779/2134 1859/2778/2133
f 949/3162/1045 274/368/305 88/367/97
f 1322/1847/1477 1324/1849/1479 1466/2088/1655
f 1322/3163/1477 1671/2424/1903 2007/3164/2362
f 1322/3163/1477 1466/2425/1904 1671/2424/1903
f 1322/3165/1477 2007/3166/2363 1323/2785/1478
f 1336/1874/1497 365/489/403 2008/3167/2364
f 1336/1874/1497 2008/3167/2364 677/912/750
f 889/1220/986 1498/2142/1696 9/9/9
f 889/3168/2365 890/3169/987 1862/2790/2140
f 889/3168/2365 1499/2136/1697 1498/2135/1696
f 889/3168/2365 1862/2790/2140 1499/2136/1697
f 820/2687/903 1815/2686/2080 821/1779/904
f 820/1112/903 822/1114/905 2009/3170/2366
f 820/2683/903 2009/3171/2366 1814/2684/2078
f 898/1236/996 491/655/539 490/654/159
f 898/1236/996 1240/1727/1382 491/655/539
f 1509/2151/1706 131/168/141 1510/2152/1707
f 1509/2151/1706 26/3172/2367 131/168/141
f 1509/2151/1706 29/2295/31 26/3172/2367
f 1284/1795/1436 1320/1844/1475 1285/1796/1437
f 1284/1795/1436 1286/1798/1438 501/3173/550
f 911/1257/1007 2010/3174/2368 912/1258/1008
f 911/1257/1007 1873/2812/2153 2011/3175/2369
f 911/1257/1007 2011/3175/2369 2010/3174/2368
f 911/1257/1007 915/1261/1011 1873/2812/2153
f 306/413/343 2012/3176/2370 307/414/344
f 306/1926/1534 921/1267/1017 2012/3177/2370
f 2013/3178/2371 1726/2520/1972 1727/2519/1971
f 2013/3178/2371 1945/2981/2259 1946/2982/2260
f 2013/3178/2371 1946/2982/2260 1526/2180/1725
f 2013/3178/2371 1727/2519/1971 1945/2981/2259
f 2013/3178/2371 1526/2180/1725 1250/1738/1393
f 2013/3178/2371 1250/1738/1393 1726/2520/1972
f 2014/3179/2372 67/85/75 1106/1534/1229
f 2014/3179/2372 1310/1828/1465 936/1285/1032
f 2014/3179/2372 1106/1534/1229 1253/1741/1396
f 2014/3179/2372 1253/1741/1396 1310/1828/1465
f 2014/3179/2372 932/1281/1028 67/85/75
f 2014/3179/2372 936/1285/1032 932/1281/1028
f 939/1289/1035 941/1291/1037 1454/2067/1638
f 939/1289/1035 1453/2066/1637 1527/2183/1727
f 939/1289/1035 1454/2067/1638 1453/2066/1637
f 939/1289/1035 1527/2183/1727 940/1290/1036
f 945/1296/1041 947/1298/1043 2015/3180/2373
f 945/2186/1041 1124/1567/1250 1528/2187/1729
f 945/2186/1041 2015/3181/2373 1124/1567/1250
f 1318/1838/1473 1860/2779/2134 1319/1839/1474
f 278/1308/1051 457/3182/507 953/1309/1052
f 278/373/309 1694/2461/1928 457/3183/507
f 464/2203/514 465/3184/515 2016/3185/2374
f 464/2203/514 2016/3185/2374 959/1322/1058
f 472/635/522 1394/1979/1571 960/3186/1061
f 1161/1612/1292 2017/3187/2375 2018/3188/2376
f 1161/1612/1292 2018/3188/2376 1539/2211/1744
f 1161/1612/1292 814/1617/1296 2017/3187/2375
f 579/782/643 578/781/642 1170/1623/1302
f 579/782/643 1170/1623/1302 1731/2527/1976
f 579/1228/643 1731/2526/1976 895/1229/992
f 585/788/649 587/790/651 1819/3189/2085
f 585/788/649 1172/1625/1304 586/789/650
f 585/788/649 1819/3189/2085 124/161/134
f 603/810/668 1410/3190/159 604/811/159
f 603/3124/668 606/2045/671 1719/2508/1960
f 1129/1577/1262 2019/3191/2377 2020/3192/2378
f 1129/1577/1262 1132/1576/1261 2019/3191/2377
f 1129/3193/2379 2020/3194/2380 2021/3195/2381
f 1129/3193/2379 2021/3195/2381 1130/3196/2382
f 1134/1579/1264 844/3197/934 1135/1580/1265
f 1134/1579/1264 1923/3198/2224 845/3199/935
f 1134/1579/1264 1137/1582/1267 1923/3198/2224
f 1134/1579/1264 845/3199/935 844/3197/934
f 850/1160/940 2022/3200/2383 396/529/436
f 850/1160/940 2023/3201/2384 2024/3202/2385
f 850/1160/940 2024/3202/2385 2022/3200/2383
f 850/1160/940 1875/2819/2159 2023/3201/2384
f 175/3203/186 176/3204/188 2025/3205/2386
f 175/3203/186 2025/3205/2386 855/3206/2387
f 175/3207/186 855/1167/946 775/1056/855
f 857/1169/948 536/725/593 538/724/595
f 857/1169/948 859/1171/950 1563/2243/1770
f 857/3208/948 185/234/197 536/3209/593
f 857/3208/948 1563/2239/1770 185/234/197
f 2026/3210/2388 695/936/771 696/937/772
f 2026/3211/2388 696/3212/772 546/3213/604
f 2026/3214/2388 545/3215/603 865/3216/956
f 2026/3217/2388 546/735/604 545/734/603
f 2026/3210/2388 865/1178/956 1991/3117/2339
f 2026/3210/2388 1991/3117/2339 695/936/771
f 554/749/613 557/752/616 2027/3218/2389
f 554/749/613 2027/3218/2389 871/1191/964
f 1331/3219/1487 1217/1693/1357 2028/3220/2390
f 1331/1860/1487 2028/3221/2390 1332/1861/1488
f 1839/2729/2107 363/487/401 362/486/400
f 1839/3222/2391 1916/2914/2215 1917/2913/2214
f 1839/3222/2391 1917/2913/2214 363/2094/1660
f 1839/3222/2391 883/3223/2392 1916/2914/2215
f 675/909/748 680/915/753 1041/1446/131
f 675/909/748 1043/1453/1159 1373/1936/1541
f 675/909/748 1373/1936/1541 676/910/749
f 1784/2629/2043 229/299/251 2029/3224/2393
f 1784/2629/2043 2030/3225/2394 1612/2328/1831
f 1784/2629/2043 2029/3224/2393 2030/3225/2394
f 1784/2629/2043 1612/2328/1831 1049/1459/1165
f 161/204/171 2031/3226/2395 1556/2231/1763
f 161/204/171 2032/3227/2396 2031/3226/2395
f 161/204/171 164/207/174 2032/3227/2396
f 707/957/786 1063/1475/1178 708/958/787
f 707/1473/1176 711/3228/791 1062/1474/1177
f 1151/1600/1282 1786/2632/2046 1152/1601/1283
f 1151/1600/1282 1926/3229/2397 1786/2632/2046
f 1151/1600/1282 718/972/497 714/966/794
f 1151/1600/1282 714/966/794 1926/3229/2397
f 2033/3230/2398 2034/3231/2399 1074/1487/1189
f 2033/3230/2398 1927/2942/2233 2035/3232/2400
f 2033/3230/2398 1928/2943/2234 1927/2942/2233
f 2033/3230/2398 2035/3232/2400 2034/3231/2399
f 2033/3230/2398 1074/1487/1189 726/983/804
f 2033/3230/2398 726/983/804 1928/2943/2234
f 1423/2017/1600 1341/1879/1502 275/369/306
f 1423/2017/1600 274/368/305 1788/2634/2048
f 1423/2017/1600 275/369/306 274/368/305
f 1424/2018/1601 1081/1497/1197 280/376/312
f 1424/2018/1601 280/376/312 1323/2785/1478
f 1424/2018/1601 1323/2785/1478 2007/3166/2363
f 1424/2018/1601 2007/3166/2363 1425/2019/1602
f 1088/1511/1204 1427/2021/1604 1430/2024/1607
f 1088/1511/1204 1589/2292/1804 1427/2021/1604
f 1088/1511/1204 1090/1510/1209 1589/2292/1804
f 1503/3233/1702 1432/3234/1615 1437/3235/1614
f 1503/3236/1703 736/3237/814 1432/3238/1615
f 1503/3233/1702 2036/3239/2401 1274/2792/1421
f 1503/3233/1702 1437/3235/1614 2036/3239/2401
f 2037/3240/2402 1516/2162/1714 2038/3241/2403
f 2037/3240/2402 658/883/726 1516/2162/1714
f 2037/3240/2402 2039/3242/2404 658/883/726
f 2037/3240/2402 1802/2662/2066 2040/3243/2405
f 2037/3240/2402 2038/3241/2403 1802/2662/2066
f 2037/3240/2402 2040/3243/2405 2039/3242/2404
f 1184/3244/2406 1574/3245/2407 717/971/797
f 1184/3246/2406 1187/3247/1324 1574/3248/1784
f 1184/3244/2406 716/970/796 666/1603/736
f 1184/3249/2406 666/896/736 663/897/732
f 1184/3244/2406 717/971/797 716/970/796
f 1809/3250/2408 1762/3251/2014 673/3252/2409
f 1809/2674/2073 1907/2883/2199 1762/3253/2014
f 1809/3250/2408 673/3252/2409 1810/3254/2074
f 1809/2674/2073 1808/2673/2072 1907/2883/2199
f 964/1332/1066 1755/2568/2005 770/1047/850
f 964/1332/1066 770/1047/850 769/1046/849
f 1198/3255/1337 2041/3256/2410 1947/3257/2262
f 1198/1671/1337 1200/1670/1339 2041/3258/2411
f 779/1059/859 782/1062/862 1314/3259/2412
f 779/3260/2413 975/1351/1079 780/1350/1078
f 779/3260/2413 1654/2401/1884 975/1351/1079
f 779/3260/2413 1314/2572/1469 1654/2401/1884
f 981/1361/1086 1949/3261/2270 982/1362/1087
f 981/1367/1091 1459/2076/1646 1949/2999/2270
f 981/1367/1091 983/1364/1089 1459/2076/1646
f 550/742/608 80/109/88 84/106/92
f 550/742/608 84/106/92 551/743/609
f 550/742/608 1857/2772/2130 80/109/88
f 550/742/608 552/746/611 1857/2772/2130
f 2042/3262/2414 203/1597/221 206/3263/2415
f 2042/3262/2414 2043/3264/2416 997/1385/1107
f 2042/3265/2414 1572/3266/2417 2043/3267/2418
f 2042/3262/2414 1149/1598/1280 203/1597/221
f 2042/3262/2414 206/3263/2415 1572/3268/2419
f 2042/3262/2414 997/1385/1107 1149/1598/1280
f 2044/3269/2420 998/1387/1109 467/628/517
f 2044/3269/2420 466/627/516 1960/3013/2281
f 2044/3269/2420 1960/3013/2281 825/1122/910
f 2044/3269/2420 825/1122/910 23/26/25
f 2044/3269/2420 23/26/25 998/1387/1109
f 2044/3269/2420 467/628/517 466/627/516
f 1536/3270/1741 961/1327/1062 962/1330/1064
f 1536/2206/1741 804/1096/884 961/3271/1062
f 1536/2206/1741 962/3272/1064 1537/2207/1742
f 1536/2206/1741 1268/2210/1413 804/1096/884
f 2045/3273/2421 1501/2138/1699 1476/2101/1667
f 2045/3274/2422 2046/3275/2423 1502/3276/2424
f 2045/3274/2422 480/644/531 478/642/529
f 2045/3273/2421 2047/3277/2425 480/3278/531
f 2045/3273/2421 1476/2101/1667 2047/3277/2425
f 2045/3274/2422 478/642/529 2046/3275/2423
f 2045/3274/2422 1502/3276/2424 1501/3279/1699
f 2048/3280/2426 734/994/812 379/505/418
f 2048/3281/2426 1479/3282/1670 1234/3283/2427
f 2048/3280/2426 1234/3284/2427 1962/3285/2428
f 2048/3280/2426 735/995/813 734/994/812
f 2048/3280/2426 1962/3285/2428 735/995/813
f 591/3286/655 590/3287/654 2049/3288/2429
f 591/794/655 1591/3289/1806 2050/3290/2430
f 591/794/655 2050/3290/2430 592/795/656
f 591/3286/655 2049/3288/2429 1591/3291/1806
f 1305/1820/1458 1741/2542/1989 1306/1821/1459
f 1305/1820/1458 1963/3029/2290 1741/2542/1989
f 1489/2121/1686 507/676/557 1490/2122/1687
f 1489/2121/1686 508/677/558 507/676/557
f 609/3292/674 1360/3293/1523 1359/3294/1522
f 1035/1440/1151 2051/3295/2431 1036/1441/1152
f 1035/1440/1151 1780/2621/2036 2051/3295/2431
f 525/704/580 2052/3296/2432 1448/3297/2433
f 525/704/580 527/3298/582 2052/3296/2432
f 525/704/580 1448/3297/2433 1446/3299/2434
f 525/704/580 1446/3299/2434 1706/2486/1944
f 1529/2189/1730 1921/3300/2221 1530/2190/1731
f 1529/2922/1730 1528/3301/1729 1919/2923/2219
f 2053/3302/2435 1999/3146/2352 860/1172/951
f 2053/3302/2435 860/1172/951 539/727/597
f 2053/3302/2435 539/727/597 535/726/596
f 1709/2496/1949 1406/1995/1584 1228/1709/1370
f 1709/3108/1949 1228/1708/1370 830/1128/916
f 1856/3303/2129 1882/2831/2167 1211/2835/2171
f 1856/3304/2129 1924/3305/2228 1882/3306/2436
f 872/2937/965 874/3307/968 205/267/223
f 1622/3308/1844 877/1864/1491 1333/1863/1490
f 1622/3308/1844 1333/1863/1490 1723/3309/1966
f 1576/2273/1787 1928/2943/2234 724/981/802
f 1576/2273/1787 724/981/802 1577/2274/1788
f 573/775/636 570/770/632 2018/3188/2376
f 573/2853/635 890/1221/987 891/1222/988
f 573/3310/636 2018/3311/2376 2054/3312/2437
f 573/3310/636 2054/3312/2437 890/3169/987
f 1166/1619/1298 1934/2953/2241 1167/1620/1299
f 587/3313/2438 19/1120/908 824/1119/907
f 587/3313/2438 824/1119/907 1819/2696/2085
f 587/790/651 584/787/648 19/3314/908
f 2055/3315/2439 592/797/656 1016/1409/1129
f 2055/3315/2439 1016/1409/1129 1017/1410/1130
f 2055/3315/2439 1582/3316/1797 593/798/657
f 2055/3315/2439 1017/1410/1130 1582/3316/1797
f 2055/3315/2439 593/798/657 592/797/656
f 596/802/660 1179/1637/1314 1178/3317/1313
f 605/1143/669 148/2969/158 837/1144/926
f 605/816/669 604/811/159 1744/3318/159
f 605/1143/669 1744/2548/159 149/2550/159
f 605/1143/669 149/2550/159 148/2969/158
f 1029/1431/1145 1779/3319/2035 1030/1432/1146
f 1029/2614/1145 841/2973/2253 611/822/676
f 1751/2561/1999 615/828/680 617/830/682
f 1751/2561/1999 1753/2563/2001 615/828/680
f 1943/2978/2257 426/568/469 1944/2979/2258
f 1943/2978/2257 929/3320/2440 426/568/469
f 2056/3321/2441 2057/3322/2442 433/3323/479
f 2056/3324/2443 1197/3325/2126 934/3326/1030
f 2056/3327/2443 934/1283/1030 1909/2889/2203
f 2056/3328/2443 433/3329/479 2058/3330/2444
f 2056/3321/2441 1909/3331/2203 2057/3322/2442
f 2056/3328/2443 2058/3330/2444 1197/3332/2126
f 382/509/421 1855/2768/2127 383/510/422
f 382/509/421 940/1290/1036 2059/3333/2445
f 382/509/421 2059/3333/2445 1855/2768/2127
f 1055/1465/1171 2060/3334/2446 1682/2441/1914
f 1055/1465/1171 2061/3335/2447 2060/3334/2446
f 1055/1465/1171 1054/1464/1170 2061/3335/2447
f 1055/1465/1171 1682/2441/1914 1056/1466/1172
f 1463/2083/1650 1954/3336/2275 880/3337/974
f 1463/2083/1650 880/3337/974 1464/2084/1651
f 453/3006/503 1535/2201/1739 1534/2200/1738
f 453/613/503 458/618/508 1535/2716/1739
f 1959/3014/2280 823/1118/906 825/1121/909
f 1959/3014/2280 1352/1897/1513 1817/2694/2083
f 1959/3014/2280 1817/2694/2083 823/1118/906
f 1959/3012/2280 825/1122/910 1960/3013/2281
f 1687/3338/1920 2062/3339/2448 1688/2455/1921
f 1687/2451/1920 1961/3018/2284 2062/3340/2449
f 1498/2142/1696 7/7/7 9/9/9
f 1498/2142/1696 1502/2141/1701 7/7/7
f 2063/3341/159 1821/2698/159 1823/2703/159
f 2063/3342/159 901/3343/159 1505/2146/159
f 2063/3341/159 333/3344/159 2006/3345/159
f 2063/3342/159 1505/2146/159 1821/3102/159
f 2063/3341/159 1823/2703/159 333/3344/159
f 2063/3346/159 2006/3347/159 901/1239/159
f 397/533/437 398/532/438 1830/2713/2095
f 505/675/555 504/671/553 1700/3064/2307
f 505/673/555 1849/2752/2120 506/674/556
f 1971/3068/2310 1549/3348/1755 512/683/563
f 1971/3068/2310 139/3349/149 1549/3348/1755
f 1971/3350/2310 512/3351/567 514/3352/2450
f 1971/3068/2310 1263/1753/1406 140/3353/150
f 1971/3068/2310 140/3353/150 139/3349/149
f 52/67/60 54/69/62 1852/2759/2123
f 52/67/60 517/698/570 2064/3354/2451
f 52/67/60 2064/3354/2451 53/68/61
f 52/67/60 1852/2759/2123 518/695/572
f 1474/2099/1665 729/987/807 728/986/806
f 1474/2099/1665 1476/2101/1667 2065/3355/2452
f 1474/2099/1665 2065/3355/2452 729/987/807
f 971/1341/1073 2066/3356/2453 1633/3357/1610
f 971/1341/1073 2067/3358/2454 2066/3356/2453
f 971/3359/1073 1633/3360/1610 972/3361/1074
f 971/1341/1073 15/16/16 2067/3358/2454
f 1635/2366/1858 1068/1481/1183 1636/2367/1859
f 1635/2366/1858 743/1005/822 1068/1481/1183
f 1635/2366/1858 1008/1399/1120 744/1006/823
f 1635/2366/1858 744/1006/823 743/1005/822
f 1865/3362/2143 750/1014/830 749/1013/829
f 1865/2795/2143 2068/3363/2455 1866/2796/2144
f 1865/3362/2143 749/1013/829 2068/3364/2456
f 2069/3365/2457 753/3366/833 2070/3367/2458
f 2069/3365/2457 1869/2804/2148 1871/2806/2150
f 2069/3365/2457 2070/3367/2458 1869/2804/2148
f 2069/3368/2457 1747/2554/1992 1550/2223/1756
f 2069/3368/2457 1871/3369/2150 1747/2554/1992
f 2069/3368/2457 1550/2223/1756 753/1020/833
f 754/1024/834 1026/1428/1140 914/1260/1010
f 754/1024/834 914/1260/1010 916/1262/1012
f 754/1024/834 916/1262/1012 755/1025/835
f 754/1022/834 1552/2225/1758 1026/1424/1140
f 761/1034/841 2001/3149/2354 2002/3151/2355
f 761/1034/841 2020/3194/2380 762/1035/842
f 761/1034/841 1032/1436/1148 2001/3149/2354
f 761/1034/841 2002/3151/2355 2021/3195/2381
f 761/1034/841 2021/3195/2381 2020/3194/2380
f 1403/1992/1581 2071/3370/2459 764/1039/844
f 1403/1992/1581 1408/1997/1586 1874/3371/2156
f 1403/1992/1581 1874/3371/2156 2071/3370/2459
f 1403/1992/1581 764/1039/844 1229/1710/1371
f 853/3372/944 635/853/702 854/2446/945
f 853/1165/944 407/543/447 404/540/444
f 853/3372/944 636/854/703 635/853/702
f 853/1165/944 404/540/444 636/3373/2460
f 1121/1560/1246 1659/2406/1889 1122/1561/1247
f 1121/1560/1246 1660/3374/2461 1659/2406/1889
f 1121/1560/1246 1126/1568/1253 790/3375/2462
f 1121/3376/2463 790/1072/870 1660/2411/1891
f 701/944/778 1951/3377/2272 702/945/779
f 701/944/778 1617/2334/1837 2072/3378/2464
f 701/944/778 2072/3378/2464 1951/3377/2272
f 1467/2422/1656 994/1380/1102 800/1086/880
f 1467/2089/1656 349/469/386 995/1383/1105
f 1467/2089/1656 995/1383/1105 994/1382/1104
f 1885/2837/2173 354/480/392 1886/2838/2174
f 1885/3379/2173 465/625/515 461/621/511
f 1885/2848/2173 1890/2847/2179 465/3184/515
f 1885/3379/2173 461/621/511 354/3380/392
f 2073/3381/2465 1469/2093/1659 807/3382/887
f 2073/3381/2465 807/3382/887 806/1093/886
f 2073/3381/2465 360/484/398 1469/2093/1659
f 2073/3381/2465 364/488/402 360/484/398
f 2073/3381/2465 1676/2431/1908 364/488/402
f 2073/3381/2465 806/1093/886 1676/2431/1908
f 1075/1488/1190 624/838/690 1339/1877/1500
f 1075/1488/1190 1339/1877/1500 1579/2278/1792
f 1843/3383/2112 1079/1495/1195 1083/1499/1199
f 1843/3384/2112 628/848/695 1344/1882/1505
f 1843/3385/2112 1083/3386/1199 1893/2858/2184
f 1843/3384/2112 632/849/699 628/848/695
f 1843/3385/2112 1893/2858/2184 632/3387/699
f 1427/2021/1604 1588/2291/1803 285/383/319
f 1427/2021/1604 1589/2292/1804 1588/2291/1803
f 1094/1516/1213 2074/3388/2466 1511/3389/2467
f 1094/3390/1213 1511/2153/1708 1513/2155/1710
f 1094/1516/1213 1513/3391/1710 1095/1517/1214
f 1094/1516/1213 1096/1519/1215 2074/3388/2466
f 410/546/450 835/3392/2468 652/3393/2469
f 410/546/450 415/553/456 1899/2872/2190
f 410/546/450 1899/2872/2190 835/3392/2468
f 410/546/450 652/3393/2469 411/547/451
f 656/881/724 658/883/726 2039/3242/2404
f 656/881/724 838/1145/927 837/1144/926
f 656/881/724 2039/3242/2404 838/1145/927
f 661/894/730 436/589/484 154/591/167
f 661/889/730 1598/2310/1815 662/890/731
f 661/894/730 664/893/734 436/589/484
f 661/889/730 154/199/167 157/198/166
f 661/889/730 157/198/166 1598/2310/1815
f 1762/3394/2470 1907/3395/2471 239/3396/264
f 1041/3397/131 680/916/753 1674/2428/1906
f 1041/1448/131 121/3398/131 118/154/128
f 1041/3397/131 1674/2428/1906 121/2579/131
f 692/932/768 1051/1461/1167 781/2929/861
f 692/932/768 691/931/767 1051/1461/1167
f 946/1297/1042 786/1074/866 947/1298/1043
f 946/2077/1042 1460/2079/1647 786/1066/866
f 1664/3399/2472 2075/3400/2473 1665/3401/1896
f 1664/2415/1895 2076/3402/2474 2075/3403/2475
f 1664/2415/1895 1669/2420/1900 2076/3402/2474
f 1063/1475/1178 1061/1471/159 255/332/277
f 1063/1475/1178 255/332/277 1223/1702/1365
f 1063/1475/1178 1223/1702/1365 708/958/787
f 878/1206/972 879/1205/973 1215/1690/1355
f 1914/2909/2211 2077/3404/2476 1915/2910/2212
f 1914/2909/2211 1626/3405/2477 1420/2014/1597
f 1914/2909/2211 1420/2014/1597 2077/3404/2476
f 1914/2909/2211 722/2915/2216 1626/3405/2477
f 117/153/127 1163/3100/1294 1044/1452/1160
f 117/153/127 1164/3035/1295 1163/3100/1294
f 117/153/127 1044/1452/1160 118/154/128
f 19/3314/908 584/787/648 20/3406/22
f 264/348/289 1590/2296/1805 265/349/290
f 751/1017/831 649/872/716 1019/3407/1132
f 751/1017/831 142/1021/152 649/872/716
f 2078/3408/2478 147/187/157 150/190/159
f 2078/3409/2478 150/2544/159 1506/2147/159
f 2078/3409/2478 1182/1641/1318 1181/1640/1317
f 2078/3410/2478 1181/3411/1317 1551/3412/2479
f 2078/3409/2478 1506/2147/159 1182/1641/1318
f 662/890/731 1598/2310/1815 1185/3413/2480
f 662/3414/731 1185/1645/1322 663/1644/1321
f 1557/2232/1764 2079/3415/2481 160/203/170
f 1557/2232/1764 1189/1653/1326 1191/1655/1328
f 1557/2232/1764 1191/1655/1328 2079/3415/2481
f 1557/2232/1764 1558/2233/1765 1189/1653/1326
f 2022/3200/2383 167/213/179 1561/3416/1768
f 2022/3200/2383 1561/3416/1768 396/529/436
f 2022/3200/2383 2024/3202/2385 167/213/179
f 1877/2822/2161 2080/3417/2482 1878/2823/2162
f 1877/3418/2483 1493/2127/1691 2080/3419/2484
f 182/231/194 1564/2240/1771 183/232/195
f 182/231/194 185/234/197 1563/2239/1770
f 695/936/771 1991/3117/2339 2081/3420/1610
f 695/936/771 2081/3420/1610 431/2569/477
f 703/3421/2485 2075/3422/2475 2082/3423/2486
f 703/3421/2485 2082/3423/2486 1616/3424/1836
f 703/952/782 699/951/775 2075/3400/2473
f 1147/1595/1278 1620/3425/2487 1148/1596/1279
f 1147/1593/1277 1760/2577/2011 1621/3426/1843
f 1147/1595/1278 1621/3427/1842 1620/3425/2487
f 1726/2520/1972 1249/1737/1392 1155/3428/1286
f 1726/2520/1972 1250/1738/1393 1249/1737/1392
f 1841/2732/2110 1691/3429/2488 1842/2733/2111
f 1841/2732/2110 3/3/3 1668/3430/2489
f 1841/3431/2110 1667/2418/1898 1691/2458/1925
f 1841/2732/2110 6/6/6 3/3/3
f 1841/3431/2110 1668/2419/1899 1667/2418/1898
f 2083/3432/2490 1347/3433/2491 1346/3434/2492
f 2083/3435/2490 1791/2648/2055 2084/3436/2493
f 2083/3437/2490 2085/3438/2494 842/3439/932
f 2083/3435/2490 2084/3436/2493 1347/3440/1508
f 2083/3435/2490 842/3441/2495 1791/2648/2055
f 2083/3442/2490 1346/3443/1507 2085/3444/2494
f 1969/3055/2304 1767/2594/2019 1768/2596/2020
f 1969/3055/2304 1768/2596/2020 1984/3445/2496
f 1969/3055/2304 1241/1728/1383 1767/2594/2019
f 1969/3055/2304 1242/1729/1384 1241/1728/1383
f 1847/2749/2118 2086/3446/2497 1244/2655/1387
f 1847/2749/2118 135/173/145 2086/3446/2497
f 1360/2129/1523 1013/2130/1125 1012/3447/1124
f 1516/2162/1714 1517/2165/1716 2038/3241/2403
f 1516/2162/1714 658/883/726 657/882/725
f 1641/2378/1868 1294/2380/1870 2087/3448/2498
f 1641/2378/1868 2087/3448/2498 1850/3449/2121
f 1641/2378/1868 234/3450/256 1642/2379/1869
f 1641/3451/2499 1850/2754/2121 234/304/256
f 1267/3452/1411 420/3453/461 1703/2482/1940
f 1267/1759/1411 805/3454/885 808/1760/1412
f 1267/1759/1411 1524/2175/1723 805/3454/885
f 1267/1759/1411 1703/3069/1940 1524/2175/1723
f 59/74/67 61/76/69 1526/3455/1725
f 59/74/67 1946/2983/2260 1944/2979/2258
f 59/74/67 1526/3455/1725 1946/2983/2260
f 59/74/67 1944/2979/2258 60/75/68
f 67/85/75 932/1281/1028 68/86/76
f 75/2182/1726 2059/3333/2445 1527/2183/1727
f 75/96/83 78/99/86 1204/1674/1343
f 75/96/83 1204/1674/1343 2059/3456/2500
f 2060/3457/2501 2061/3458/2502 1615/2332/1835
f 2060/3457/2501 85/107/93 82/103/90
f 2060/3334/2446 82/2630/2044 1682/2441/1914
f 2060/3457/2501 1615/2332/1835 85/107/93
f 2075/3422/2475 2076/3459/2503 2082/3423/2486
f 2075/3400/2473 699/951/775 1665/3401/1896
f 348/468/385 1785/3460/2504 1760/2577/2011
f 348/468/385 1760/2577/2011 1759/2576/2010
f 348/468/385 1759/2576/2010 349/469/386
f 348/468/385 350/471/388 1785/3460/2504
f 1994/3126/2343 106/136/116 1390/3461/1566
f 1994/3462/2343 1920/2925/2220 1995/3463/2346
f 1994/3462/2343 1390/3464/1566 1920/2925/2220
f 110/1041/120 765/1040/845 2051/3295/2431
f 110/1041/120 2051/3295/2431 1780/2621/2036
f 110/144/120 1780/3465/2036 114/148/124
f 322/434/360 1679/2434/1911 323/435/362
f 432/3466/478 431/3467/2505 2081/3468/1610
f 432/3469/478 2058/3330/2444 433/3329/479
f 432/3466/478 2088/3470/2506 2058/3471/2444
f 432/3466/478 2081/3468/1610 2088/3470/2506
f 1756/2571/2007 1064/3472/2507 1655/2402/1885
f 1756/2571/2007 334/452/159 1064/3472/2507
f 1756/2571/2007 1655/2402/1885 1654/2401/1884
f 1756/2571/2007 335/453/373 334/452/159
f 982/1362/1087 1949/3261/2270 2089/3473/2508
f 982/1362/1087 2089/3473/2508 1758/2575/2009
f 448/608/498 447/607/497 2090/3474/2509
f 448/608/498 2090/3474/2509 1320/1841/1475
f 1324/1849/1479 347/467/384 1466/2088/1655
f 1324/1849/1479 1326/1853/1481 98/3475/108
f 1324/1849/1479 98/3475/108 347/467/384
f 2091/3476/2510 1724/3477/2511 1837/2727/2105
f 2091/3478/2510 356/481/394 2092/3479/2512
f 2091/3476/2510 1837/2727/2105 357/479/395
f 2091/3476/2510 357/479/395 356/478/394
f 2091/3478/2510 2092/3479/2512 1724/3480/1967
f 361/485/399 1840/2731/2109 362/486/400
f 361/1872/399 927/1273/1023 1840/2730/2108
f 1627/2351/1849 669/902/741 797/1082/877
f 1627/2351/1849 670/903/742 669/902/741
f 1627/2351/1849 797/1082/877 798/3481/2513
f 1627/2349/1849 798/1083/878 1473/2098/1664
f 1763/3482/2514 1478/2103/1669 485/3483/2515
f 1763/3482/2514 485/3483/2515 487/3484/538
f 1763/3482/2514 1479/2104/1670 1478/2103/1669
f 1763/3482/2514 487/3484/538 1570/3485/2516
f 1482/2109/1675 1010/1401/1122 1769/2597/2021
f 1482/2109/1675 1766/2592/2018 385/3486/2517
f 1482/2109/1675 1769/2597/2021 1766/2592/2018
f 1482/2109/1675 385/3486/2517 384/2110/1676
f 629/844/696 631/846/698 1940/3487/2247
f 629/2960/696 1484/2116/1681 630/3488/2518
f 498/665/547 501/668/550 1286/3489/2519
f 498/665/547 1870/3490/2149 499/666/548
f 403/539/443 406/542/446 1290/2612/2032
f 403/539/443 1895/2862/2186 404/540/444
f 403/539/443 1290/2612/2032 2093/3491/2520
f 403/539/443 2093/3491/2520 1895/2862/2186
f 1260/2166/1717 1519/2168/1719 1261/3492/2521
f 615/828/680 1853/3493/2522 616/829/681
f 615/828/680 1753/2563/2001 1853/3493/2522
f 222/287/241 1783/2628/2042 1976/3077/2315
f 222/287/241 1976/3077/2315 223/288/242
f 229/299/251 233/303/255 2029/3224/2393
f 1681/2439/1913 1212/2440/1352 240/311/262
f 1681/2439/1913 237/307/259 441/600/489
f 1681/2439/1913 240/311/262 237/307/259
f 1410/3190/159 1413/3494/159 604/811/159
f 1225/1705/1367 634/852/701 637/856/704
f 1225/1898/1367 1352/1897/1513 261/343/285
f 1997/3495/2347 640/859/707 1690/2456/1924
f 1997/3495/2347 1688/2455/1921 1393/3496/2523
f 1997/3495/2347 267/355/294 640/859/707
f 1997/3495/2347 1690/2456/1924 1688/2455/1921
f 1340/1878/1501 625/840/692 1892/2855/2183
f 1079/2741/1195 1844/2740/2114 1080/3497/2524
f 284/382/318 288/855/323 638/857/705
f 284/382/318 638/857/705 1428/2022/1605
f 2094/3498/2525 1737/2533/1982 1898/2869/2189
f 2094/3499/2525 1436/2032/1613 1435/2031/1612
f 2094/3499/2525 1435/2031/1612 1737/2535/1982
f 2094/3499/2525 2095/3500/2526 1436/2032/1613
f 2094/3498/2525 1898/2869/2189 2095/3501/2526
f 1248/1736/1391 1547/2220/1753 1867/2801/2146
f 1248/1736/1391 1247/1735/1390 1548/2221/1754
f 1248/1736/1391 1548/2221/1754 1547/2220/1753
f 1248/1736/1391 1867/2801/2146 1249/1737/1392
f 69/88/77 2096/3502/2527 301/407/338
f 69/88/77 71/92/79 2097/3503/2528
f 69/88/77 2097/3503/2528 2096/3502/2527
f 1549/3348/1755 1746/3504/2529 512/683/563
f 1549/2222/1755 1550/2223/1756 1746/2553/1991
f 1750/2758/1998 1370/1932/1537 1852/2759/2123
f 570/770/632 1539/2211/1744 2018/3188/2376
f 1772/3505/2025 1541/3506/2530 2009/3170/2366
f 1772/3505/2025 1776/3507/2030 1541/3506/2530
f 1772/3505/2025 2009/3170/2366 822/1114/905
f 854/2446/945 635/853/702 1226/1706/1368
f 854/2446/945 1226/1706/1368 1684/2447/1917
f 831/3508/917 644/863/711 643/862/710
f 831/3508/917 1690/2456/1924 644/863/711
f 1698/2470/1933 1593/2302/1808 1699/2471/1934
f 1698/3111/1933 1361/3112/1525 1593/3509/1808
f 2012/3176/2370 49/65/58 511/3510/2531
f 2012/3177/2370 50/61/57 49/60/56
f 2012/3177/2370 921/1267/1017 50/61/57
f 2012/3176/2370 511/3510/2531 307/414/344
f 318/428/356 319/429/357 1113/2676/1237
f 318/428/356 1113/2676/1237 520/3511/576
f 318/428/356 520/3511/576 519/1931/1536
f 1395/2885/2201 1374/1937/1542 1908/2886/2202
f 1395/2885/2201 679/914/752 1374/1937/1542
f 684/922/758 2098/3512/2532 1909/2889/2203
f 684/922/758 2099/3513/2533 2098/3512/2532
f 684/926/762 686/924/760 2099/3514/2534
f 1911/2891/2205 858/1170/949 861/1173/952
f 1911/2891/2205 1379/2892/1550 693/3515/769
f 1911/2891/2205 2100/3516/2535 858/1170/949
f 1911/2891/2205 693/3515/769 2100/3516/2535
f 696/938/772 190/243/204 1383/3517/1554
f 696/3518/772 1383/1954/1554 546/735/604
f 1411/2000/159 254/331/159 1061/2902/159
f 1411/2000/159 337/2905/159 1412/2001/159
f 1887/3519/2175 2101/3520/2536 1888/2843/2177
f 1887/3521/2537 1886/2838/2174 1838/2728/2106
f 1887/3522/2538 1838/3523/2106 1332/3524/1489
f 1887/3522/2538 1332/3524/1489 2101/3525/2536
f 2077/3404/2476 1420/2014/1597 1418/2012/1595
f 2077/3404/2476 1418/2012/1595 474/637/524
f 2077/3404/2476 2102/3526/2539 1915/2910/2212
f 2077/3404/2476 474/637/524 2102/3526/2539
f 1500/2137/1698 730/988/808 729/987/807
f 1500/2137/1698 813/1104/896 730/988/808
f 734/994/812 733/3527/811 377/503/416
f 734/994/812 377/503/416 379/505/418
f 742/1004/821 1787/3097/2326 1069/1482/1184
f 742/1004/821 1069/1482/1184 743/1005/822
f 1546/2219/1752 296/397/331 2049/3528/2429
f 1546/2797/1752 2049/3529/2429 750/2798/830
f 2103/3530/2540 2104/3531/2541 1805/2665/2069
f 2103/3532/2542 2105/3533/2543 344/464/381
f 2103/3534/2540 340/2085/1652 2104/3535/2541
f 2103/3536/2540 908/1250/1003 2105/3537/2544
f 2103/3530/2540 1805/2665/2069 908/1253/1003
f 2103/3532/2542 344/464/381 340/460/377
f 1289/2813/2154 1873/2812/2153 915/1261/1011
f 1289/2813/2154 915/1261/1011 1025/1429/1143
f 1999/3146/2352 1130/2495/1948 2000/3147/2353
f 1999/3146/2352 1400/1988/1578 860/1172/951
f 1645/2384/1873 1135/1580/1265 844/3197/934
f 1645/3538/1873 1303/1818/1456 1302/1817/1455
f 1645/3538/1873 844/1154/934 846/1156/936
f 1645/3538/1873 846/1156/936 1303/1818/1456
f 767/1044/847 1831/2714/2096 1829/2711/2093
f 767/1044/847 1447/2055/1629 1831/2714/2096
f 767/1044/847 771/1048/851 1447/2055/1629
f 767/1044/847 1829/2711/2093 768/1045/848
f 176/224/188 1878/2823/2162 2080/3417/2482
f 176/224/188 177/226/189 1878/2823/2162
f 176/3204/188 2080/3419/2484 2025/3205/2386
f 1315/1833/1470 782/3539/862 1457/2073/1643
f 1315/1833/1470 1314/1832/1469 782/3539/862
f 786/1074/866 791/1073/871 947/1298/1043
f 786/1066/866 1460/2079/1647 787/1067/867
f 1859/2778/2133 1861/2780/2135 1790/2639/2050
f 1859/2778/2133 1790/2639/2050 1788/2638/2048
f 799/1085/879 801/1087/881 1167/3540/2545
f 799/1085/879 1167/3540/2545 1934/3541/2241
f 799/1085/879 1670/2423/1902 800/1086/880
f 799/1085/879 1934/3541/2241 1670/2423/1902
f 1888/2843/2177 1714/3542/1955 1889/2844/2178
f 1888/2843/2177 2101/3520/2536 2106/3543/2546
f 1888/2843/2177 2106/3543/2546 1714/3542/1955
f 1468/2091/1657 2102/3526/2539 473/636/523
f 1468/2091/1657 1470/2095/1661 2102/3526/2539
f 208/278/226 211/277/229 1945/2981/2259
f 208/278/226 1945/2981/2259 1727/2519/1971
f 208/278/226 1727/2519/1971 209/3544/2547
f 2041/3256/2410 2107/3545/2548 866/3546/957
f 2041/3256/2410 1200/3547/1339 2107/3545/2548
f 2041/3256/2410 866/3546/957 1947/3257/2262
f 74/95/82 1455/2184/1728 783/1063/863
f 74/95/82 783/1063/863 2108/3548/2549
f 74/95/82 2108/3548/2549 76/97/84
f 1057/3549/1173 2031/3550/2395 2032/3551/2396
f 1057/3549/1173 2089/3473/2508 1949/3261/2270
f 1057/3549/1173 2032/3551/2396 2089/3473/2508
f 1057/3549/1173 1058/3552/1174 2031/3550/2395
f 1951/3377/2272 1953/3044/2274 702/945/779
f 1951/3001/2272 2072/3553/2464 1952/3002/2273
f 709/959/788 1221/1698/1361 99/128/109
f 709/959/788 710/961/790 1221/1698/1361
f 258/3015/281 1960/3013/2281 466/627/516
f 1227/1707/1369 112/146/122 1689/3019/2285
f 1227/1707/1369 1689/3019/2285 832/1130/918
f 1227/1707/1369 830/1128/916 1228/1708/1370
f 1227/1707/1369 832/1130/918 830/1128/916
f 1570/3485/2516 487/3484/538 1571/3554/1781
f 491/655/539 1240/1727/1382 492/656/540
f 647/869/714 1178/1634/1313 648/870/715
f 647/869/714 651/3555/718 834/2968/2250
f 657/3556/725 659/886/728 39/47/43
f 119/155/129 55/3557/2550 120/156/130
f 119/155/129 1525/2176/1724 55/3557/2550
f 167/213/179 2024/3202/2385 169/214/180
f 1449/2058/1631 1451/3558/1633 1995/3463/2346
f 1449/2058/1631 1995/3463/2346 1920/2925/2220
f 858/1170/949 1565/2242/1773 859/1171/950
f 858/1170/949 2100/3516/2535 1565/2242/1773
f 1136/3559/2551 980/1360/1085 1137/2574/1267
f 1136/3082/1266 1139/3560/2552 1566/2245/1774
f 988/1372/1095 991/1377/1099 1979/3561/2320
f 988/1372/1095 1716/2504/1957 989/1373/1096
f 1157/3562/1288 2034/3231/2399 2035/3232/2400
f 1157/1608/1288 1982/3098/2327 2034/3563/2553
f 1157/3562/1288 2035/3232/2400 1158/3564/1289
f 580/783/644 1082/1498/1198 581/784/645
f 586/789/650 1172/1625/1304 1937/2956/2244
f 586/789/650 1937/2956/2244 1544/2217/1750
f 590/3287/654 389/519/428 748/1012/828
f 590/3287/654 748/1012/828 2049/3288/2429
f 1741/2542/1989 1963/3029/2290 1777/2608/2031
f 755/1025/835 659/886/728 655/885/727
f 755/1025/835 916/1262/1012 2109/3565/2554
f 755/1025/835 2109/3565/2554 659/886/728
f 2104/3535/2541 340/2085/1652 1462/2082/1649
f 2104/3535/2541 1462/2082/1649 1187/3566/1324
f 2104/3567/2541 1187/3568/1324 1188/3569/1325
f 2104/3531/2541 1188/3570/1325 1805/2665/2069
f 2079/3415/2481 1191/1655/1328 1754/2565/2002
f 2079/3415/2481 1754/2565/2002 1752/2567/2004
f 2079/3415/2481 1752/2567/2004 1827/2707/2089
f 2079/3415/2481 1827/2707/2089 160/203/170
f 1042/3571/1158 1602/2316/1821 1601/2318/1819
f 1042/3572/1158 1601/2314/1819 1043/1453/1159
f 1042/1454/1158 1932/2949/2239 1602/3573/1821
f 2030/3225/2394 1904/3574/2555 1948/2997/2268
f 2030/3225/2394 2029/3224/2393 1967/3575/2295
f 2030/3225/2394 1948/2997/2268 1612/2328/1831
f 1905/2881/2197 442/601/491 441/600/489
f 1905/2881/2197 1906/2882/2198 1989/3114/2337
f 1905/2881/2197 441/600/489 237/307/259
f 1905/2881/2197 1989/3114/2337 442/601/491
f 246/320/270 1216/1692/1356 2072/3553/2464
f 246/321/270 2072/3378/2464 1617/2334/1837
f 1620/3425/2487 252/3576/275 1148/1596/1279
f 1620/2339/1841 253/330/276 252/329/275
f 1685/2449/1918 1996/3577/2345 777/3578/857
f 1685/2449/1918 1684/2447/1917 262/345/287
f 1685/2449/1918 262/345/287 1996/3577/2345
f 266/351/292 269/359/298 1625/2346/1847
f 1789/3579/2049 2110/3580/2556 2111/3581/2557
f 1789/3579/2049 1487/3582/1684 2110/3580/2556
f 1789/3579/2049 1861/2784/2138 1487/3582/1684
f 1789/2636/2049 2111/3583/2557 1422/2637/1599
f 1789/2636/2049 1790/2639/2050 1861/2780/2135
f 1692/2459/1926 282/379/315 2112/3584/2558
f 1692/2459/1926 2113/3585/2559 1693/2460/1927
f 1692/2459/1926 2112/3584/2558 2113/3585/2559
f 1863/3056/2141 2036/3586/2401 1093/1514/1212
f 1863/2791/2141 1274/2792/1421 2036/3239/2401
f 297/399/332 2114/3587/2560 298/400/333
f 297/3057/332 1799/2659/2063 2114/3588/2560
f 308/415/345 1599/3589/2561 309/416/346
f 308/421/345 1804/3590/2068 1806/3591/2070
f 308/415/345 1186/1646/1323 1599/3589/2561
f 308/421/345 1806/3591/2070 1186/1651/1323
f 308/421/345 311/420/349 1804/3590/2068
f 965/1333/1067 2115/3592/2562 966/1334/1068
f 965/1333/1067 1647/2387/1876 2115/3592/2562
f 2116/3593/2563 2117/3594/2564 70/90/78
f 2116/3595/2563 973/3596/1076 2117/3597/2564
f 2116/3595/2563 1201/1668/1340 1199/1666/1338
f 2116/3595/2563 1199/1666/1338 973/3596/1076
f 2116/3593/2563 70/90/78 68/86/76
f 2116/3593/2563 68/86/76 1201/2766/1340
f 1653/2400/1883 976/1352/1080 975/1351/1079
f 1653/2400/1883 1564/2240/1771 976/1352/1080
f 1653/2400/1883 975/1351/1079 1654/2401/1884
f 788/1068/868 984/1365/1090 789/1069/869
f 788/1068/868 787/1067/867 983/1364/1089
f 1215/1690/1355 879/1205/973 1954/3598/2565
f 1215/1691/1355 1952/3002/2273 1216/1692/1356
f 1215/1691/1355 1954/3004/2275 1952/3002/2273
f 1785/3460/2504 1621/3426/1843 1760/2577/2011
f 1785/2631/2045 350/3599/388 1220/1697/1360
f 352/473/390 355/476/393 999/1388/1110
f 1249/3600/2566 1867/2799/2145 1155/1606/1286
f 669/902/741 1567/2254/1777 797/1082/877
f 1235/1718/1377 1004/1395/1116 1650/3052/1880
f 1235/1718/1377 1005/1396/1117 1004/1395/1116
f 1984/3445/2496 128/3601/2567 126/2651/136
f 1984/3445/2496 1768/2596/2020 1936/3602/2568
f 1773/2603/2027 2118/3603/2569 392/524/432
f 1773/2603/2027 1775/2605/2029 2118/3603/2569
f 398/532/438 2119/3604/2570 1830/2713/2095
f 398/532/438 401/536/441 2120/3605/2571
f 398/532/438 2120/3605/2571 2119/3604/2570
f 405/3606/445 2121/3607/2572 1492/2126/1690
f 405/3606/445 1291/1805/1443 406/1804/446
f 405/3606/445 1492/2126/1690 1291/1805/1443
f 405/3606/445 408/3608/448 2121/3607/2572
f 1262/1750/1405 1261/1749/1404 1779/2616/2035
f 1262/3609/1405 414/552/455 413/551/454
f 417/562/463 1037/1442/1153 1039/1444/1155
f 417/556/458 1495/2132/1693 418/557/459
f 417/562/463 421/561/462 1037/1442/1153
f 417/556/458 1039/3610/2573 1495/2132/1693
f 1891/2856/2182 891/1222/988 888/1219/985
f 1891/2856/2182 888/1219/985 1986/3105/2332
f 631/846/698 1543/3611/2574 1542/3612/1747
f 631/3613/698 632/3614/2575 1543/3615/1748
f 631/846/698 1542/3612/1747 1940/3487/2247
f 132/169/142 131/168/141 26/3172/2367
f 132/3616/142 26/29/28 566/766/628
f 132/169/142 566/3143/628 133/170/143
f 1591/2300/1806 1592/2299/1807 2050/3617/2576
f 1591/2297/1806 2049/3528/2429 296/397/331
f 41/3062/1715 1255/1743/1398 1517/3618/2577
f 1293/1807/1445 1295/1809/1447 1519/2169/1719
f 1293/3619/1445 2087/3448/2498 1294/2380/1870
f 1293/1807/1445 1519/2169/1719 1518/2167/1718
f 1293/1807/1445 1518/2167/1718 2087/3620/2578
f 419/563/464 418/557/459 1704/3621/1942
f 419/2483/1941 1703/2482/1940 420/3453/461
f 2115/3622/2579 1647/3623/2580 62/77/70
f 2115/3622/2579 62/77/70 1194/1660/1332
f 2115/3592/2562 1194/2764/1332 966/1334/1068
f 1310/1828/1465 935/1284/1031 936/1285/1032
f 1310/1828/1465 1311/1829/1466 935/1284/1031
f 1855/2768/2127 2059/3333/2445 1204/2769/2128
f 1855/2768/2127 1680/2437/1912 383/510/422
f 1388/1975/1564 1614/2330/1833 1389/3624/2581
f 1388/1975/1564 84/106/92 83/105/91
f 1319/1839/1474 950/1303/1046 449/1842/499
f 1319/1839/1474 1860/2779/2134 950/1303/1046
f 1325/1851/1480 1683/2444/1916 1326/1852/1481
f 1325/1851/1480 954/1313/1053 955/1312/1054
f 1325/1851/1480 1327/1854/1482 954/1313/1053
f 1325/1851/1480 2122/3625/2582 1683/2444/1916
f 1325/1851/1480 955/1312/1054 2122/3625/2582
f 2062/3626/2449 1394/1979/1571 1393/1978/1570
f 2062/3626/2449 1961/3627/2583 1394/1979/1571
f 2062/3339/2448 1393/3496/2523 1688/2455/1921
f 812/1103/895 1729/3628/1974 813/1104/896
f 1815/3629/2080 1730/2525/1975 376/501/414
f 1987/3109/2334 2123/3630/2584 1710/3110/2335
f 1987/3109/2334 1738/2537/1985 2123/3630/2584
f 1987/3109/2334 1897/2866/2188 1738/2537/1985
f 1987/3109/2334 828/1132/913 1897/2866/2188
f 1967/3575/2295 2029/3224/2393 233/303/255
f 1967/3039/2295 923/1269/1019 919/1265/1015
f 1967/3575/2295 233/303/255 923/2755/1019
f 160/203/170 1827/2707/2089 162/205/172
f 1706/2486/1944 2003/3631/2585 219/284/238
f 1706/2486/1944 219/284/238 218/283/237
f 1706/2486/1944 1446/3299/2434 2003/3631/2585
f 2004/3157/2359 1376/1947/1547 1377/1946/1548
f 2004/3157/2359 1377/1946/1548 2099/3514/2534
f 2004/3157/2359 2099/3514/2534 2005/3158/2360
f 455/615/505 534/3632/591 456/616/506
f 455/615/505 457/617/507 1131/1574/1259
f 1912/2895/2207 2123/3633/2586 1739/2896/1987
f 1912/3634/2207 545/734/603 544/736/602
f 1912/3634/2207 865/3635/956 545/734/603
f 1912/3634/2207 544/736/602 2123/3636/2586
f 479/643/530 480/644/531 794/3637/874
f 479/1959/1559 794/1189/874 869/1188/962
f 479/1959/1559 869/1188/962 1384/1960/1560
f 873/1194/966 1007/1398/1119 874/1195/967
f 879/1205/973 880/1208/974 1954/3598/2565
f 1840/2730/2108 210/272/228 213/275/231
f 1840/2730/2108 927/1273/1023 210/272/228
f 369/493/407 371/495/409 1475/2352/1666
f 369/985/407 1475/2100/1666 728/986/806
f 1432/3638/1615 736/996/814 2124/3639/2587
f 1432/3640/1609 2124/3641/2587 1433/3642/1610
f 1068/1481/1183 743/1005/822 1069/1482/1184
f 1068/1481/1183 2125/3643/2588 1636/2367/1859
f 1068/1481/1183 1071/1484/1186 2125/3643/2588
f 1073/1486/1188 2126/3644/2589 747/1790/827
f 1073/1486/1188 1074/1487/1189 2126/3644/2589
f 752/3645/1135 2070/3367/2458 753/3366/833
f 752/3645/1135 1021/3646/1134 2070/3367/2458
f 1180/2611/1316 1027/1426/1141 1181/3411/1317
f 1295/3647/1447 1030/1432/1146 1779/3319/2035
f 1295/3647/1447 1779/3319/2035 1261/3492/2521
f 1295/3647/1447 1261/3492/2521 1519/2168/1719
f 1647/3623/2580 1101/3648/1221 63/78/71
f 1647/3623/2580 63/78/71 62/77/70
f 1106/1534/1229 1256/1744/1399 1253/1741/1396
f 1106/1534/1229 1105/1535/1227 1256/1744/1399
f 1064/3472/2507 1062/3649/1177 1655/2402/1885
f 1833/3650/2099 195/1963/213 1384/1962/1560
f 1833/3650/2099 1384/1962/1560 1834/3651/2590
f 1833/2720/2099 1141/2726/2104 195/3119/213
f 993/1379/1101 2043/3267/2418 484/648/535
f 993/1379/1101 997/3652/1107 2043/3267/2418
f 1522/2429/131 1677/2432/1909 1523/3653/2591
f 1422/2016/1599 2111/3654/2557 1579/2278/1792
f 1422/2016/1599 1579/2278/1792 1339/1877/1500
f 1347/3440/1508 2084/3436/2493 1844/2740/2114
f 286/385/321 1588/3655/2592 1586/3656/2593
f 286/385/321 285/389/319 1588/3655/2592
f 286/385/321 2127/3657/2594 287/386/322
f 286/385/321 1586/3656/2593 2127/3657/2594
f 2074/3658/2466 642/866/709 645/865/712
f 2074/3658/2466 1355/3659/1518 642/866/709
f 2074/3388/2466 1096/1519/1215 2095/3501/2526
f 2074/3658/2466 645/865/712 1511/2153/1708
f 2074/3388/2466 2095/3501/2526 1355/3660/1518
f 1801/2661/2065 1988/3113/2336 2040/3243/2405
f 1801/2661/2065 2040/3243/2405 1802/2662/2066
f 1801/2661/2065 1596/2305/1811 1988/3113/2336
f 436/589/484 664/893/734 1555/2230/1762
f 436/589/484 1555/2230/1762 437/590/485
f 442/597/491 2128/3661/2595 443/598/492
f 442/601/491 1989/3114/2337 2128/3662/2595
f 1118/2624/1243 1119/2487/1945 217/282/236
f 1607/2323/1826 2005/3158/2360 1608/2324/1827
f 1607/2323/1826 1609/2325/1828 1975/3159/2314
f 1665/2416/1896 91/3663/101 1666/2417/1897
f 1665/3401/1896 699/951/775 91/118/101
f 1221/1698/1361 1220/1697/1360 100/129/110
f 1221/1698/1361 100/129/110 99/128/109
f 1574/3248/1784 1187/3247/1324 1462/3664/1649
f 1574/2267/1784 719/2266/497 717/3665/797
f 721/978/799 725/982/803 1624/2345/1846
f 721/978/799 1626/2347/1848 722/979/800
f 1123/2488/1249 1125/3666/1251 1707/2489/1946
f 1123/1563/1249 1708/3667/1947 1124/1564/1250
f 534/719/591 537/722/594 456/3080/2317
f 1404/3668/1582 1138/1583/1268 1405/2383/1583
f 1404/1993/1582 542/737/600 1382/1957/1557
f 1404/1993/1582 1407/1996/1585 542/737/600
f 1404/3668/1582 1382/3669/1557 1138/1583/1268
f 1142/2499/1952 1715/2503/1956 248/324/272
f 1142/1588/1272 1144/1590/1274 1712/3670/1953
f 606/2045/671 1443/2043/1623 1719/2508/1960
f 1724/3477/2511 1723/3309/1966 1330/1858/1486
f 1724/2515/1967 2092/3671/2512 1725/2516/1968
f 1724/3477/2511 1330/1858/1486 1837/2727/2105
f 801/1087/881 1168/3672/1300 1167/3540/2545
f 801/1087/881 486/650/537 2129/3673/2596
f 801/1087/881 2129/3673/2596 1168/3672/1300
f 1794/3674/2057 127/3675/2597 1733/2529/1978
f 1794/3674/2057 1732/2528/1977 2127/3657/2594
f 1794/3674/2057 2127/3657/2594 1586/3656/2593
f 1794/3674/2057 1733/2529/1978 1732/2528/1977
f 1433/3676/1610 2067/3358/2454 14/15/15
f 1433/3677/1610 14/3678/15 1434/3679/1611
f 1433/3676/1610 2124/3680/2587 2067/3358/2454
f 1822/2700/159 1743/2699/159 1744/3318/159
f 1822/2700/159 1413/3494/159 1412/2701/159
f 1822/2700/159 604/811/159 1413/3494/159
f 1822/2700/159 1744/3318/159 604/811/159
f 617/830/682 620/833/685 847/1157/937
f 424/566/467 1195/1661/1333 426/568/469
f 2130/3681/2598 1197/3332/2126 2058/3330/2444
f 2130/3681/2598 2107/3682/2599 1200/3683/1339
f 2130/3681/2598 1200/3683/1339 1197/3332/2126
f 2130/3681/2598 2058/3330/2444 2088/3684/2506
f 2130/3685/2598 2088/3470/2506 2107/3545/2548
f 1205/1675/1344 152/192/161 155/195/164
f 2105/3537/2544 907/1249/1002 2090/3686/2600
f 2105/3537/2544 908/1250/1003 907/1249/1002
f 2105/3533/2543 447/2443/497 344/464/381
f 2105/3533/2543 2090/3687/2509 447/2443/497
f 1683/2444/1916 2122/3625/2582 96/125/106
f 640/859/707 265/354/290 641/860/708
f 640/859/707 267/355/294 265/354/290
f 640/859/707 644/863/711 1690/2456/1924
f 1691/3429/2488 273/3688/2601 1842/2733/2111
f 1791/3689/2051 842/1152/932 760/1031/840
f 1791/2648/2055 1793/2647/2054 2084/3436/2493
f 1765/2591/2017 938/3690/2602 1766/2592/2018
f 1765/2595/2017 1767/2594/2019 1846/3691/2117
f 1765/3692/2017 1846/2746/2117 1696/3693/1931
f 1765/3692/2017 1696/3693/1931 938/3694/1034
f 2118/3695/2569 2086/3446/2497 134/172/144
f 2118/3603/2569 1775/2605/2029 2086/3696/2603
f 2118/3695/2569 134/172/144 393/525/433
f 2118/3695/2569 393/525/433 392/526/432
f 399/534/439 1485/3697/2604 400/535/440
f 399/534/439 1561/3416/1768 2131/3698/2605
f 399/534/439 396/529/436 1561/3416/1768
f 399/534/439 2131/3698/2605 1485/3697/2604
f 504/671/553 1964/3030/2291 1700/3064/2307
f 54/69/62 57/72/65 1705/2485/1943
f 2052/3699/2432 2023/3201/2384 1875/2819/2159
f 2052/3699/2432 527/708/582 2023/3201/2384
f 2052/3296/2432 1875/3700/2159 1448/3297/2433
f 1921/2926/2221 1389/3701/1565 1614/3702/1833
f 1921/3300/2221 1614/2330/1833 1530/2190/1731
f 1921/2926/2221 1920/2928/2220 1389/3701/1565
f 941/1292/1037 938/1287/1034 1696/2465/1931
f 2031/3226/2395 445/603/494 1556/2231/1763
f 2031/3226/2395 1058/3703/1174 445/603/494
f 1835/2723/2102 990/1374/1097 989/1375/1098
f 1835/2723/2102 1836/2724/2103 990/1374/1097
f 1835/2723/2102 989/1375/1098 1712/3670/1953
f 1835/2723/2102 1712/3670/1953 1144/1590/1274
f 354/480/392 357/479/395 1886/2838/2174
f 354/3380/392 461/621/511 355/1389/1111
f 1478/2103/1669 1480/2105/1671 485/3483/2515
f 384/512/423 386/515/425 1483/2112/1678
f 1484/2116/1681 593/798/657 630/3488/2518
f 2132/3704/2606 1485/2117/1682 499/666/548
f 2132/3704/2606 499/666/548 1870/3490/2149
f 2132/3705/2607 401/537/441 400/535/440
f 2132/3705/2607 400/535/440 1485/3697/2604
f 2132/3706/2606 1870/3707/2149 2133/3708/2608
f 1872/2811/2152 1490/2122/1687 2011/3175/2369
f 1872/2811/2152 1491/2123/1688 1490/2122/1687
f 1872/2811/2152 2011/3175/2369 1873/2812/2153
f 2085/3709/2609 1941/2972/2252 842/3710/932
f 2085/3709/2609 1494/3711/1692 612/823/677
f 2085/3712/2609 1346/1885/1507 1494/3107/1692
f 2085/3709/2609 612/823/677 1941/2972/2252
f 1300/1815/1453 1496/2133/1694 1038/2815/1154
f 427/573/472 428/572/471 928/1277/1024
f 2057/3713/2610 329/585/369 433/584/480
f 2057/3714/2442 330/3715/372 329/3716/2611
f 2057/3717/2442 2098/3512/2532 330/3718/372
f 2057/3717/2442 1909/2889/2203 2098/3512/2532
f 1399/1987/1577 860/1172/951 1400/1988/1578
f 1399/1987/1577 861/1173/952 860/1172/951
f 2123/3630/2584 1738/2537/1985 1739/2539/1987
f 2123/3719/2586 544/733/602 1710/2497/1950
f 1061/1471/159 254/333/159 255/332/277
f 562/758/622 1545/3720/2612 2134/3721/2613
f 562/763/626 564/762/625 1545/2218/1751
f 562/758/622 2134/3721/2613 1725/2516/1968
f 562/758/622 1725/2516/1968 563/759/623
f 1625/2346/1847 1624/2345/1846 28/31/30
f 272/3106/2333 1986/3105/2332 273/3688/2601
f 272/370/302 275/369/306 1341/1879/1502
f 1081/1497/1197 281/380/316 280/376/312
f 1081/1497/1197 1080/1496/1196 281/380/316
f 1428/2022/1605 1896/2865/2187 1429/2023/1606
f 290/391/325 1737/2535/1982 1435/2031/1612
f 290/391/325 1434/2030/1611 12/12/12
f 290/391/325 1435/2031/1612 1434/2030/1611
f 598/805/663 1103/1529/1225 599/806/664
f 598/805/663 1104/1530/1226 1103/1529/1225
f 1271/1771/1418 1112/3722/2614 1272/1772/1419
f 1931/2948/2238 1602/3573/1821 1932/2949/2239
f 1931/2948/2238 1077/1493/1193 1603/3723/1822
f 1931/2948/2238 1540/2950/1745 1077/1493/1193
f 1931/2948/2238 1603/3723/1822 1602/3573/1821
f 1541/2213/1746 896/1232/994 2009/3171/2366
f 1541/3506/2530 1776/3507/2030 1542/3612/1747
f 1545/2218/1751 1544/2217/1750 2125/3724/2588
f 1545/3720/2612 2125/3643/2588 2134/3721/2613
f 1866/2796/2144 1155/1606/1286 1867/2799/2145
f 1866/2796/2144 1982/3098/2327 1155/1606/1286
f 1866/2796/2144 2068/3363/2455 1982/3098/2327
f 649/872/716 142/1021/152 650/873/717
f 649/3725/2615 648/870/715 1019/1414/1132
f 1598/3726/1815 1599/3589/2561 1185/1645/1322
f 162/205/172 1922/2934/2227 163/206/173
f 162/205/172 848/2976/938 1922/2934/2227
f 2110/3580/2556 1559/2920/1766 2111/3581/2557
f 2110/3727/2556 1487/2119/1684 1486/2118/1683
f 2110/3727/2556 1486/2118/1683 1560/2235/1767
f 2110/3727/2556 1560/2235/1767 1559/2234/1766
f 2025/3205/2386 2121/3607/2572 408/3608/448
f 2025/3205/2386 2080/3419/2484 2121/3607/2572
f 2025/3205/2386 408/3608/448 855/3206/2387
f 1658/2405/1888 191/3728/205 188/3729/202
f 1658/2405/1888 224/3730/243 226/3731/247
f 1658/2405/1888 188/3729/202 224/3730/243
f 1658/2405/1888 226/3731/247 1659/2406/1889
f 1882/3732/2167 1924/3733/2228 867/3734/2168
f 874/3307/968 1573/2259/1783 205/267/223
f 874/3307/968 1007/2261/1119 1573/2259/1783
f 1577/2274/1788 723/980/801 1916/2912/2213
f 1577/2274/1788 1916/2912/2213 883/2275/1789
f 1577/2274/1788 724/981/802 723/980/801
f 1501/2138/1699 729/987/807 2065/3355/2452
f 1501/2138/1699 2065/3355/2452 1476/2101/1667
f 2066/3735/2453 1632/2364/1856 1633/2363/1610
f 2066/3356/2453 737/3736/816 1632/3737/1856
f 2066/3356/2453 2067/3358/2454 2124/3680/2587
f 2066/3356/2453 2124/3680/2587 737/3736/816
f 1089/1506/1205 1086/3738/2616 494/3026/542
f 1511/2153/1708 645/865/712 1512/2154/1709
f 835/1137/924 651/1140/718 652/3739/2469
f 835/3392/2468 1899/2872/2190 836/2160/1713
f 39/47/43 659/886/728 2109/3565/2554
f 39/47/43 2109/3565/2554 43/51/47
f 48/3740/53 1824/3741/2617 1518/3742/2618
f 55/70/63 53/68/61 120/3743/130
f 55/3557/2550 1525/2176/1724 56/2172/64
f 61/81/69 64/80/72 1247/2178/1390
f 2117/3744/2564 1649/3745/1879 70/3746/78
f 2117/3744/2564 973/1346/1076 972/1345/1074
f 2117/3744/2564 1631/3747/1855 1649/3745/1879
f 2117/3744/2564 972/1345/1074 1631/3747/1855
f 76/3748/84 1611/2327/1830 77/3749/2619
f 76/3748/84 1047/1457/1163 1611/2327/1830
f 76/3748/84 2108/3750/2549 1047/1457/1163
f 2061/3335/2447 1054/1464/1170 948/2078/1044
f 2061/3458/2502 948/1299/1044 944/1295/1040
f 2061/3458/2502 944/1295/1040 1615/2332/1835
f 2019/3191/2377 1693/3751/1927 2113/3752/2559
f 2019/3191/2377 1132/1576/1261 1693/3751/1927
f 2019/3191/2377 2113/3752/2559 1792/2645/2053
f 2019/3191/2377 1792/2645/2053 2020/3192/2378
f 1713/3094/2323 1889/3093/2178 1714/3753/2620
f 21/761/23 20/3406/22 564/762/625
f 2034/3231/2399 2126/3644/2589 1074/1487/1189
f 2034/3754/2399 1982/3755/2327 2068/3364/2456
f 2034/3754/2399 2068/3364/2456 2126/3756/2589
f 493/658/541 1086/1502/1202 1182/1641/1318
f 493/658/541 1182/1641/1318 1506/2147/159
f 493/658/541 494/3757/542 1086/1502/1202
f 1185/1645/1322 1599/3589/2561 1186/1646/1323
f 1189/1653/1326 2128/3661/2595 1190/1654/1327
f 1189/1653/1326 1558/2233/1765 2128/3661/2595
f 1559/2920/1766 1581/2919/1795 2111/3581/2557
f 1879/2824/2163 1878/2823/2162 177/226/189
f 1879/2824/2163 177/226/189 1975/3159/2314
f 1879/2824/2163 1609/2325/1828 1605/2321/1824
f 1879/2824/2163 1975/3159/2314 1609/2325/1828
f 183/3758/2621 1656/3759/1886 184/236/196
f 191/3760/205 1662/3761/1893 192/3762/206
f 715/975/795 719/974/497 1464/3763/1785
f 715/3764/795 1464/2084/1651 880/3337/974
f 212/274/230 1929/2944/2235 885/1214/980
f 212/274/230 209/271/227 1159/1610/1290
f 212/274/230 1159/1610/1290 1929/2944/2235
f 212/274/230 885/1214/980 213/275/231
f 5/5/5 2046/3765/2423 478/3020/529
f 5/5/5 7/7/7 1502/2141/1701
f 5/5/5 1502/2141/1701 2046/3765/2423
f 1632/3023/1856 737/3766/816 1962/3024/2288
f 1848/2751/2119 1513/2155/1710 1510/2152/1707
f 1848/2750/2119 1095/1517/1214 1513/3391/1710
f 1014/1912/1524 1592/3767/1807 1361/1913/1525
f 1014/1406/1127 1016/1409/1129 1592/3768/1807
f 1517/2165/1716 1254/3769/2622 2038/3241/2403
f 1517/3618/2577 1255/1743/1398 1254/1742/1397
f 1206/1676/1345 153/193/162 152/192/161
f 1206/1676/1345 1207/1677/1346 77/98/85
f 1206/1676/1345 77/98/85 1611/3770/1830
f 90/115/99 1666/2417/1897 91/3663/101
f 954/1311/1053 1327/3771/2623 1323/2785/1478
f 104/3772/2624 551/1973/609 105/1972/1567
f 1968/3047/2299 1537/3773/1742 962/1329/1064
f 1968/3774/2299 114/148/124 1537/2207/1742
f 1968/3047/2299 962/1329/1064 960/1325/1061
f 2003/3155/2358 1755/2568/2005 324/437/363
f 2003/3631/2585 324/3775/2625 219/284/238
f 1125/3666/1251 223/288/242 1976/3077/2315
f 1125/1565/1251 1122/1566/1252 223/293/246
f 1125/3666/1251 1976/3077/2315 1707/2489/1946
f 1316/1834/159 902/2828/159 2006/3161/159
f 342/462/379 1953/3003/2274 343/463/380
f 97/470/387 347/467/384 98/3475/108
f 97/126/107 100/129/110 350/3599/388
f 356/481/394 353/474/391 2092/3479/2512
f 677/912/750 2008/3167/2364 678/913/751
f 670/903/742 1628/2353/1851 671/3776/744
f 485/3483/2515 1480/2105/1671 486/3777/2626
f 938/3778/2602 385/3779/424 1766/3780/2627
f 1940/2961/2247 1776/2606/2030 1774/2607/2028
f 1940/3487/2247 1542/3612/1747 1776/3507/2030
f 2133/3781/2608 1869/3782/2148 2070/3783/2458
f 2133/3784/2608 2070/3785/2458 1021/3786/1134
f 2133/3708/2608 1870/3707/2149 1869/3787/2148
f 1495/2132/1693 618/831/683 418/557/459
f 1495/2132/1693 1039/3610/2573 1496/2133/1694
f 1678/3788/1910 1372/1934/1539 325/3115/364
f 1678/3788/1910 1908/3789/2202 1372/1934/1539
f 1678/2433/1910 325/438/364 323/435/362
f 1642/2379/1869 1380/2893/2206 1398/1986/1576
f 1642/3790/2628 231/301/253 1380/1950/1551
f 1642/3790/2628 234/304/256 231/301/253
f 1715/2503/1956 1714/2502/1955 2106/3791/2629
f 1715/2503/1956 247/322/271 248/324/272
f 1715/2503/1956 2106/3791/2629 247/322/271
f 1718/3792/1959 1981/3095/2324 251/3793/274
f 1718/3792/1959 202/264/220 1981/3095/2324
f 265/349/290 1590/2296/1805 641/867/708
f 2084/3436/2493 1793/2647/2054 2112/3584/2558
f 2084/3436/2493 2112/3584/2558 1844/2740/2114
f 1353/1900/1515 288/387/323 287/386/322
f 1353/1900/1515 637/1899/1514 288/387/323
f 1353/1900/1515 287/386/322 1732/2528/1977
f 1798/2658/2062 1247/2178/1390 64/80/72
f 1798/2658/2062 1548/3059/1754 1247/2178/1390
f 301/407/338 2096/3502/2527 1366/1923/1531
f 301/407/338 1366/1923/1531 303/409/340
f 1746/3504/2529 513/684/564 512/683/563
f 1746/2553/1991 1550/2223/1756 1747/2554/1992
f 519/696/573 518/695/572 1370/1932/1537
f 169/214/180 2024/3202/2385 529/711/584
f 169/214/180 528/710/583 170/3794/181
f 169/214/180 529/711/584 528/710/583
f 1389/3701/1565 1920/2928/2220 1390/3795/1566
f 990/3796/1097 1836/2725/2103 1924/3797/2228
f 556/1920/1530 1366/1922/1531 557/3798/616
f 1837/2727/2105 1838/2728/2106 357/479/395
f 363/2094/1660 1917/2913/2214 1470/2095/1661
f 2017/3799/2630 811/1102/894 2054/3312/2437
f 2017/3799/2630 814/1105/897 811/1102/894
f 2017/3799/2630 2054/3312/2437 2018/3311/2376
f 1168/1621/1300 375/499/413 1169/1622/1301
f 1168/1621/1300 2129/3800/2596 375/499/413
f 124/161/134 1818/3801/2084 127/164/137
f 124/161/134 1819/3189/2085 1818/3801/2084
f 1434/2030/1611 14/19/18 12/12/12
f 602/809/667 839/3802/2631 1442/2042/1622
f 1941/2972/2252 612/823/677 611/822/676
f 1303/1818/1456 846/1156/936 620/833/685
f 1303/1818/1456 620/833/685 619/832/684
f 1956/3007/2277 96/125/106 2122/3625/2582
f 1956/3007/2277 2122/3625/2582 1957/3008/2278
f 1590/2296/1805 1512/2154/1709 641/867/708
f 3/3/3 1230/1713/1372 1668/3430/2489
f 490/654/159 1505/3803/159 901/1239/159
f 1485/2117/1682 2131/3804/2605 1486/2118/1683
f 507/676/557 506/674/556 2010/3174/2368
f 507/676/557 2010/3174/2368 1490/2122/1687
f 517/693/570 2135/3805/2632 2064/3806/2451
f 517/693/570 925/1271/1021 2135/3805/2632
f 736/996/814 737/998/816 2124/3639/2587
f 1026/1424/1140 1551/2224/1757 1027/1425/1141
f 1026/1424/1140 1552/2225/1758 1551/2224/1757
f 2001/3149/2354 1032/1436/1148 1297/1812/1450
f 2001/3149/2354 1297/1812/1450 1401/3150/1579
f 765/1040/845 2071/3370/2459 2051/3295/2431
f 765/1040/845 764/1039/844 2071/3370/2459
f 1307/1823/1461 768/1045/848 1829/2711/2093
f 2121/3607/2572 2080/3419/2484 1493/2127/1691
f 2121/3607/2572 1493/2127/1691 1492/2126/1690
f 782/3539/862 784/2074/1644 1457/2073/1643
f 1659/2406/1889 226/3731/247 1122/1561/1247
f 868/3807/959 1836/2725/2103 1834/2721/2100
f 868/3807/959 867/3808/2168 1924/3797/2228
f 868/3807/959 1834/2721/2100 869/3809/962
f 868/3807/959 1924/3797/2228 1836/2725/2103
f 2043/3267/2418 1572/3266/2417 1571/3810/1781
f 2043/3267/2418 1571/3810/1781 484/648/535
f 465/3184/515 1890/2847/2179 2016/3185/2374
f 805/3454/885 1524/2175/1723 1523/2174/1722
f 805/1092/885 1523/3653/2591 806/1093/886
f 623/3811/688 1077/1493/1193 1540/2950/1745
f 623/836/688 1540/2212/1745 574/777/638
f 1543/3615/1748 632/3614/2575 1893/3812/2633
f 1895/2862/2186 636/3373/2460 404/540/444
f 1895/2862/2186 2093/3491/2520 1896/2863/2187
f 1906/2882/2198 1907/2883/2199 1808/2673/2072
f 676/910/749 1374/1937/1542 679/914/752
f 1661/3083/1892 789/1069/869 984/1365/1090
f 1661/2412/1892 1660/2411/1891 789/1071/869
f 454/3009/504 1958/3010/2279 953/1309/1052
f 454/3009/504 953/1309/1052 457/3182/507
f 890/3169/987 2054/3312/2437 1862/2790/2140
f 901/1239/159 2006/3347/159 902/1240/159
f 912/1258/1008 506/674/556 1849/2752/2120
f 912/1258/1008 1849/2752/2120 913/1259/1009
f 912/1258/1008 2010/3174/2368 506/674/556
f 49/65/58 47/64/51 511/3510/2531
f 2064/3354/2451 2135/3813/2632 1966/3814/2294
f 2064/3354/2451 1966/3814/2294 53/68/61
f 426/568/469 1195/1661/1333 1944/2979/2258
f 426/3815/469 929/1278/1025 428/572/471
f 935/1284/1031 1311/1829/1466 685/923/759
f 940/1290/1036 1527/2183/1727 2059/3333/2445
f 1530/2191/1732 1615/2332/1835 944/1295/1040
f 950/1303/1046 951/1305/1048 450/3816/500
f 950/1303/1046 450/3816/500 449/1842/499
f 457/617/507 1694/3817/1928 1131/1574/1259
f 2016/3818/2634 958/3819/2635 959/3820/1058
f 2016/3185/2374 1890/2847/2179 1980/3821/2322
f 2016/3822/2634 1980/3092/2322 958/1317/1057
f 811/1102/894 1862/2790/2140 2054/3312/2437
f 1730/2525/1975 895/1229/992 1731/2526/1976
f 141/181/151 411/547/451 650/3823/717
f 141/181/151 412/548/452 411/547/451
f 141/181/151 140/180/150 412/548/452
f 141/181/151 650/3823/717 142/182/152
f 1130/3196/2382 2021/3195/2381 2000/3152/2356
f 1922/2930/2223 845/3824/2636 1923/2931/2224
f 1922/2934/2227 848/2976/938 845/3825/2637
f 2023/3201/2384 527/708/582 529/711/584
f 2023/3201/2384 529/711/584 2024/3202/2385
f 536/721/593 181/3079/193 537/722/594
f 536/3209/593 185/234/197 181/230/193
f 871/1191/964 2027/3218/2389 1385/3826/1561
f 1217/1693/1357 1214/1694/1354 2028/3220/2390
f 680/916/753 678/913/751 1674/2428/1906
f 2089/3473/2508 2032/3551/2396 164/3827/2638
f 2089/3473/2508 164/3827/2638 1758/2575/2009
f 708/958/787 1223/1702/1365 710/3828/790
f 725/982/803 567/767/629 1624/2345/1846
f 1487/3582/1684 1861/2784/2138 497/2783/2137
f 281/378/314 1080/3497/2524 282/379/315
f 1587/3028/1802 1589/3829/1804 1090/1507/1206
f 838/1145/927 1901/2876/2193 839/1146/928
f 838/1145/927 2039/3242/2404 1901/2876/2193
f 672/3830/2639 671/3831/2640 1272/1772/1419
f 672/3832/745 1810/3254/2074 673/3252/2409
f 672/3832/745 1112/1548/1236 1114/1550/1238
f 672/3830/2639 1272/1772/1419 1112/3722/2614
f 672/3832/745 1114/1550/1238 1810/3254/2074
f 769/1046/849 772/1049/852 967/1335/1069
f 781/2929/861 1051/1461/1167 2108/3750/2549
f 781/1061/861 2108/3548/2549 783/1063/863
f 1459/2076/1646 983/1364/1089 1460/2079/1647
f 1979/3091/2320 958/1317/1057 1980/3092/2322
f 1979/3833/2641 991/3834/1099 549/745/610
f 1979/3091/2320 549/1318/610 958/1317/1057
f 996/1384/1106 1149/1598/1280 997/1385/1107
f 996/1384/1106 995/1383/1105 1759/2576/2010
f 998/1387/1109 22/25/24 999/1388/1110
f 998/1387/1109 23/26/25 22/25/24
f 1473/2098/1664 2047/3277/2425 1476/2101/1667
f 1473/2098/1664 798/1083/878 2047/3277/2425
f 1631/2359/1855 972/3835/1074 1633/2361/1610
f 1963/3029/2290 2119/3604/2570 1777/2608/2031
f 1963/3029/2290 1830/2713/2095 2119/3604/2570
f 1490/2122/1687 2010/3174/2368 2011/3175/2369
f 1013/1404/1125 1494/3107/1692 1015/1408/1128
f 1036/1441/1152 2071/3370/2459 1874/3371/2156
f 1036/1441/1152 2051/3295/2431 2071/3370/2459
f 1036/1441/1152 1874/3371/2156 1038/1443/1154
f 1195/1661/1333 60/75/68 1944/2979/2258
f 2107/3545/2548 2088/3470/2506 1990/3836/2338
f 1220/1697/1360 350/3599/388 100/129/110
f 1996/3577/2345 1451/3837/1633 777/3578/857
f 1996/3577/2345 262/345/287 260/340/284
f 1693/3751/1927 1132/1576/1261 1694/3817/1928
f 1767/2594/2019 1241/1728/1383 1846/3691/2117
f 818/1631/1310 1174/1628/1307 1775/2605/2029
f 2114/3587/2560 1699/2471/1934 298/400/333
f 2114/3587/2560 1438/2472/1616 1699/2471/1934
f 2114/3588/2560 1799/2659/2063 1438/3838/1616
f 1254/1742/1397 1256/1744/1399 1803/3839/2067
f 1254/3769/2622 1803/2663/2067 2038/3241/2403
f 1972/3070/2311 170/3794/181 528/710/583
f 1972/3072/2311 1580/2916/1794 170/216/181
f 1972/3070/2311 528/710/583 526/707/581
f 1972/3072/2311 1973/3071/2312 1580/2916/1794
f 1566/2245/1774 1139/3560/2552 1381/1952/1552
f 1148/1596/1279 252/3576/275 1981/3095/2324
f 1965/3840/2292 1811/3841/2642 1164/3842/2293
f 1965/3843/2643 2135/3844/2632 1812/2681/2076
f 1965/3843/2643 1812/2681/2076 1811/3845/2642
f 1965/3846/2643 1966/3814/2294 2135/3813/2632
f 1169/1622/1301 1731/2527/1976 1170/1623/1302
f 127/3675/2597 1818/2695/2084 1733/2529/1978
f 1436/2032/1613 1096/1521/1217 1097/1520/1216
f 1436/2032/1613 1097/1520/1216 1437/2033/1614
f 1436/2032/1613 2095/3500/2526 1096/1521/1217
f 1777/2608/2031 2119/3604/2570 1020/2609/1133
f 1551/3412/2479 1181/3411/1317 1027/1426/1141
f 1191/1655/1328 316/1657/354 1754/2565/2002
f 1348/1890/1509 1344/1882/1505 628/848/695
f 1592/3768/1807 1016/1409/1129 2050/3847/2430
f 1592/2299/1807 1593/2301/1808 1361/3848/1525
f 557/3798/616 2096/3849/2527 2027/3850/2644
f 557/3798/616 1366/1922/1531 2096/3849/2527
f 1852/2759/2123 1370/1932/1537 518/695/572
f 217/282/236 1119/2487/1945 218/283/237
f 683/920/756 1608/2324/1827 686/924/760
f 1143/3121/1273 1616/2333/1836 197/3122/215
f 1143/1589/1273 244/317/268 1618/2336/1838
f 1143/3121/1273 1618/2335/1838 1616/2333/1836
f 1415/2204/1589 107/140/117 103/132/113
f 1415/2204/1589 957/1321/1056 107/140/117
f 371/495/409 1628/2353/1851 1475/2352/1666
f 371/495/409 368/492/406 1628/2353/1851
f 1277/3851/2645 1483/2112/1678 1278/1785/1428
f 907/1249/1002 1285/1797/1437 2090/3686/2600
f 1290/2612/2032 1640/2377/1867 2093/3491/2520
f 1296/1811/1449 1401/3150/1579 1297/1812/1450
f 618/831/683 616/829/681 418/557/459
f 1933/3852/2646 1671/2424/1903 1670/2423/1902
f 1933/3852/2646 1670/2423/1902 1934/3541/2241
f 1933/2952/2240 1425/2019/1602 2007/3166/2363
f 1933/3852/2646 2007/3164/2362 1671/2424/1903
f 2028/3220/2390 2101/3520/2536 1332/3853/1489
f 2028/3220/2390 2106/3543/2546 2101/3520/2536
f 2028/3220/2390 1214/1694/1354 2106/3543/2546
f 224/3730/243 188/3729/202 694/3854/770
f 224/290/243 694/2435/770 225/291/244
f 1904/3574/2555 156/3855/165 1948/2997/2268
f 1758/3856/2009 164/207/174 163/206/173
f 1320/1844/1475 2090/3857/2509 1285/1796/1437
f 357/479/395 1838/2728/2106 1886/2838/2174
f 1915/2910/2212 2102/3526/2539 1470/2095/1661
f 1915/2910/2212 1470/2095/1661 1917/2913/2214
f 1480/2105/1671 2129/3858/2647 486/3777/2626
f 1480/2105/1671 378/3859/417 2129/3858/2647
f 1483/2112/1678 438/3860/486 1278/1785/1428
f 1483/2112/1678 386/515/425 438/3860/486
f 592/797/656 2050/3847/2430 1016/1409/1129
f 1491/2125/1688 1291/1805/1443 1492/2126/1690
f 1496/2133/1694 1039/3610/2573 1038/2815/1154
f 1374/1938/1543 1372/1934/1539 1908/3789/2202
f 330/3861/370 2098/3862/2648 1377/1946/1548
f 1381/1952/1552 1139/3560/2552 1382/1953/1553
f 336/2702/159 333/3344/159 1823/2703/159
f 336/3863/159 1412/2001/159 337/2905/159
f 1626/3405/2477 1419/2013/1596 1420/2014/1597
f 572/773/634 1892/2855/2183 625/840/692
f 1429/3864/1606 1639/2376/1866 1430/2375/1865
f 1429/3864/1606 1896/2863/2187 1639/2376/1866
f 1099/1523/1219 1438/3838/1616 1799/2659/2063
f 1099/1523/1219 1104/1531/1226 1438/3838/1616
f 2096/3849/2527 2097/3865/2649 2027/3850/2644
f 896/1232/994 895/2692/2081 1814/2684/2078
f 896/1232/994 1814/2684/2078 2009/3171/2366
f 584/787/648 564/762/625 20/3406/22
f 2126/3756/2589 2068/3364/2456 749/1013/829
f 2126/3756/2589 749/1013/829 747/1010/827
f 762/2644/2052 2020/3192/2378 1792/2645/2053
f 1561/2236/1768 1560/2235/1767 2131/3804/2605
f 407/543/447 855/1167/946 408/544/448
f 977/1355/1081 1565/2242/1773 2100/3516/2535
f 977/1355/1081 2100/3516/2535 689/1356/1082
f 1990/3836/2338 2088/3470/2506 2081/3468/1610
f 1990/3116/2338 2081/3420/1610 1991/3117/2339
f 1572/2258/1782 206/268/224 1573/2259/1783
f 1927/2942/2233 1158/3564/1289 2035/3232/2400
f 1927/2945/2236 1929/2944/2235 1158/1609/1289
f 737/3766/816 735/3866/813 1962/3024/2288
f 411/547/451 652/3393/2469 650/3823/717
f 120/3743/130 53/68/61 1966/3814/2294
f 1201/2766/1340 68/86/76 932/1281/1028
f 1455/2184/1728 784/1064/864 783/1063/863
f 91/118/101 699/951/775 92/119/102
f 1538/2209/1743 1537/2207/1742 1780/3465/2036
f 671/3776/744 1628/2353/1851 368/492/406
f 671/3831/2640 368/1773/406 1272/1772/1419
f 2067/3358/2454 15/16/16 14/15/15
f 1936/3602/2568 1768/2596/2020 1770/2598/2022
f 1936/2955/2243 1770/3867/2022 1638/2373/1863
f 1031/1435/1147 1297/1812/1450 1032/1436/1148
f 1308/3868/2650 1309/1826/1463 1102/1528/1224
f 1308/1825/1462 967/1335/1069 772/1049/852
f 1386/2393/1562 1385/3869/1561 1651/2394/1881
f 1386/1965/1562 1650/3052/1880 1004/1395/1116
f 93/120/103 92/119/102 1532/3870/1734
f 93/120/103 1532/3870/1734 951/1304/1047
f 1675/2430/1907 678/913/751 2008/3167/2364
f 1675/2430/1907 2008/3167/2364 1676/2431/1908
f 1675/2430/1907 1674/2428/1906 678/913/751
f 2111/3871/2557 1581/3872/1795 1579/3873/2651
f 610/820/675 415/554/456 613/824/678
f 610/2871/675 1899/2872/2190 415/553/456
f 1988/3113/2336 1901/2876/2193 2039/3242/2404
f 1988/3113/2336 2039/3242/2404 2040/3243/2405
f 2005/3158/2360 2099/3514/2534 686/924/760
f 2005/3158/2360 686/924/760 1608/2324/1827
f 2082/3423/2486 199/260/217 197/256/215
f 2082/3423/2486 197/256/215 1616/3424/1836
f 2082/3423/2486 2076/3459/2503 199/260/217
f 252/3576/275 251/3793/274 1981/3095/2324
f 106/3874/2652 105/1972/1567 1390/1971/1566
f 1419/2013/1596 269/360/299 268/358/297
f 223/293/246 1122/1566/1252 226/294/247
f 1132/1576/1261 1131/1574/1259 1694/3817/1928
f 1406/1995/1584 542/737/600 1407/1996/1585
f 1406/1995/1584 1229/1710/1371 1228/1709/1370
f 989/1373/1096 1716/2504/1957 1712/2500/1953
f 1720/2509/1961 1441/2040/1620 558/753/617
f 1720/2509/1961 1443/2043/1623 1441/2040/1620
f 1723/3309/1966 1333/1863/1490 1330/1858/1486
f 1158/1609/1289 1929/2944/2235 1159/1610/1290
f 372/496/410 370/494/408 1729/2524/1974
f 1732/2528/1977 287/386/322 2127/3657/2594
f 220/285/239 219/284/238 324/3775/2625
f 437/2793/485 1278/1785/1428 438/3860/486
f 1842/2733/2111 273/3688/2601 1986/3105/2332
f 1842/2733/2111 1986/3105/2332 888/1219/985
f 1844/2740/2114 2112/3584/2558 1080/3497/2524
f 1697/2745/2116 1696/3693/1931 1846/2746/2117
f 2086/3696/2603 1775/2605/2029 1174/1628/1307
f 2086/3696/2603 1174/1628/1307 1244/1732/1387
f 2086/3446/2497 135/173/145 134/172/144
f 1970/3061/2306 1311/1829/1466 1257/1745/1400
f 1970/3065/2308 1700/3064/2307 1964/3030/2291
f 412/550/452 1263/1753/1406 413/551/454
f 412/550/452 140/3353/150 1263/1753/1406
f 1705/2485/1943 1704/2484/1942 1853/2760/2124
f 1222/1703/1362 1223/1702/1365 253/330/276
f 1624/2345/1846 567/767/629 28/31/30
f 282/379/315 1080/3497/2524 2112/3584/2558
f 2036/3586/2401 1437/2033/1614 1097/1520/1216
f 2036/3586/2401 1097/1520/1216 1093/1514/1212
f 1256/3875/1399 1105/1532/1227 1803/2663/2067
f 1188/1649/1325 1186/1651/1323 1806/3591/2070
f 1188/1649/1325 1806/3591/2070 1805/3876/2069
f 1190/2313/1818 2128/3662/2595 1989/3114/2337
f 1655/2402/1885 1062/3649/1177 1656/2403/1886
f 247/322/271 2106/3791/2629 1214/1688/1354
f 1677/2432/1909 1676/2431/1908 806/1093/886
f 1677/2432/1909 806/1093/886 1523/3653/2591
f 1010/1401/1122 1009/1400/1121 1769/2597/2021
f 2119/3604/2570 2120/3605/2571 1020/2609/1133
f 1639/2376/1866 2093/3491/2520 1640/2377/1867
f 1639/2376/1866 1896/2863/2187 2093/3491/2520
f 1100/1524/1220 64/80/72 63/82/71
f 1100/1524/1220 63/82/71 1101/1525/1221
f 1811/3841/2642 815/3877/898 1164/3842/2293
f 1734/2530/1979 1733/2529/1978 1818/2695/2084
f 1355/3660/1518 2095/3501/2526 1898/2869/2189
f 1355/3660/1518 1898/2869/2189 1356/3878/1519
f 232/302/254 923/2755/1019 233/303/255
f 232/302/254 234/304/256 1850/2754/2121
f 1384/1962/1560 869/3879/960 1834/3651/2590
f 1441/2040/1620 559/754/618 558/753/617
f 1810/3254/2074 1114/1550/1238 1113/1549/1237
f 859/1171/950 1565/2242/1773 1563/2243/1770
f 730/988/808 1729/3628/1974 370/989/408
f 730/988/808 813/1104/896 1729/3628/1974
f 748/1012/828 750/3880/830 2049/3288/2429
f 914/1260/1010 1025/1429/1143 915/1261/1011
f 947/1298/1043 791/1073/871 2015/3180/2373
f 153/193/162 1948/3881/2653 156/196/165
f 444/604/495 445/603/494 1058/3703/1174
f 444/602/493 1058/1468/1174 1056/1466/1172
f 1537/2207/1742 114/148/124 1780/3465/2036
f 480/3278/531 2047/3277/2425 794/1077/874
f 1849/2752/2120 43/51/47 913/1259/1009
f 1919/2923/2219 1528/3301/1729 1708/3667/1947
f 1919/2927/2222 1708/2490/1947 532/716/588
f 1919/2927/2222 532/716/588 1450/2059/1632
f 987/1376/1094 1857/3882/2131 552/3883/611
f 987/1376/1094 552/3883/611 991/1377/1099
f 205/267/223 1573/2259/1783 206/268/224
f 1928/2943/2234 726/983/804 724/981/802
f 1077/1493/1193 1076/1492/1191 1973/3884/2654
f 1077/1493/1193 1973/3884/2654 1603/3723/1822
f 1082/2859/1198 1893/2858/2184 1083/3386/1199
f 1544/2217/1750 1636/2371/1861 2125/3724/2588
f 1544/2217/1750 1637/2372/1862 1636/2371/1861
f 1544/2217/1750 1937/2956/2244 1637/2372/1862
f 1306/1821/1459 599/806/664 1309/1826/1463
f 1580/2280/1794 1973/3884/2654 1076/1492/1191
f 1528/3301/1729 1124/1564/1250 1708/3667/1947
f 1804/3590/2068 311/420/349 905/3885/999
f 1952/3002/2273 2072/3553/2464 1216/1692/1356
f 1226/1706/1368 262/345/287 1684/2447/1917
f 1230/3051/2303 1669/2420/1900 1668/2419/1899
f 1793/2647/2054 2113/3585/2559 2112/3584/2558
f 1793/2647/2054 1792/3886/2655 2113/3585/2559
f 2087/3448/2498 1824/3741/2617 1850/3449/2121
f 2087/3448/2498 1518/3742/2618 1824/3741/2617
f 1704/3621/1942 616/829/681 1853/3493/2522
f 1704/3621/1942 418/557/459 616/829/681
f 1447/2055/1629 1448/2056/1630 1875/2818/2158
f 951/3887/1047 451/611/501 450/610/500
f 951/3887/1047 1532/2194/1734 451/611/501
f 364/488/402 1676/2431/1908 2008/3167/2364
f 364/488/402 2008/3167/2364 365/489/403
f 1897/2866/2188 828/1132/913 1356/2867/1519
f 1365/1918/1529 304/3888/2656 303/409/340
f 2128/3661/2595 1558/2233/1765 443/598/492
f 1377/1946/1548 2098/3862/2648 2099/3514/2534
f 198/3889/216 199/3890/217 2076/3891/2503
f 198/3050/2302 2076/3402/2474 1669/2420/1900
f 253/330/276 1223/1702/1365 255/332/277
f 846/1156/936 847/1157/937 620/833/685
f 2027/3850/2644 2097/3865/2649 1385/3869/1561
f 913/1259/1009 43/51/47 2109/3565/2554
f 913/1259/1009 2109/3565/2554 916/1262/1012
f 443/598/492 1556/2231/1763 445/603/494
f 443/598/492 1558/2233/1765 1556/2231/1763
f 1890/3892/2179 1889/3093/2178 1980/3092/2322
f 2102/3526/2539 474/637/524 473/636/523
f 2047/3277/2425 798/1083/878 794/1077/874
f 1009/3893/1121 1770/2598/2022 1769/2599/2023
f 1009/2369/1121 1638/2373/1863 1770/3867/2022
f 1582/3316/1797 630/3488/2518 593/798/657
f 1582/2284/1797 1017/1411/1130 1583/2285/1798
f 1139/1584/1269 1138/1583/1268 1382/3669/1557
f 1309/1826/1463 599/806/664 1103/1529/1225
f 1309/1826/1463 1103/1529/1225 1102/1528/1224
f 1680/2437/1912 386/514/425 383/510/422
f 1958/3010/2279 1957/3008/2278 955/1312/1054
f 1958/3010/2279 955/1312/1054 953/1309/1052
f 1394/3894/2657 1961/3018/2284 960/1325/1061
f 1020/1416/1133 2120/3895/2571 1021/1417/1134
f 2135/3844/2632 925/3134/2348 1812/2681/2076
f 530/3896/2658 1450/2059/1632 532/716/588
f 991/3834/1099 552/746/611 549/745/610
f 1070/1483/1185 2134/3721/2613 1071/1484/1186
f 1070/1483/1185 1725/2516/1968 2134/3721/2613
f 375/499/413 2129/3800/2596 378/504/417
f 645/865/712 641/867/708 1512/2154/1709
f 2131/3804/2605 1560/2235/1767 1486/2118/1683
f 1051/1461/1167 1047/1457/1163 2108/3750/2549
f 1124/1567/1250 2015/3181/2373 1126/1568/1253
f 1062/1474/1177 711/3228/791 1656/3759/1886
f 1748/2556/1994 1747/2554/1992 1871/3369/2150
f 1748/2556/1994 1871/3369/2150 1283/1793/1434
f 2002/3151/2355 2000/3152/2356 2021/3195/2381
f 789/1071/869 1660/2411/1891 790/1072/870
f 484/648/535 1571/3810/1781 487/651/538
f 804/1096/884 1268/2210/1413 808/1097/889
f 1593/2302/1808 298/400/333 1699/2471/1934
f 1803/2663/2067 1802/2662/2066 2038/3241/2403
f 71/92/79 1651/2398/1881 2097/3503/2528
f 78/99/86 1207/1677/1346 1204/1674/1343
f 78/99/86 77/98/85 1207/1677/1346
f 134/172/144 133/175/143 393/525/433
f 983/1364/1089 787/1067/867 1460/2079/1647
f 2092/3479/2512 353/474/391 563/764/623
f 2092/3671/2512 563/759/623 1725/2516/1968
f 415/554/456 414/552/455 613/824/678
f 791/1073/871 1126/3897/1253 2015/3180/2373
f 791/1073/871 790/1072/870 1126/3897/1253
f 2100/3516/2535 693/3515/769 689/1356/1082
f 1017/1411/1130 1015/1408/1128 1583/2285/1798
f 706/2718/785 184/236/196 711/3228/791
f 1656/3759/1886 711/3228/791 184/236/196
f 349/469/386 1759/2576/2010 995/1383/1105
f 1021/3786/1134 2120/3898/2571 401/3899/441
f 2134/3721/2613 2125/3643/2588 1071/1484/1186
f 2122/3625/2582 955/1312/1054 1957/3008/2278
f 1651/2394/1881 1385/3869/1561 2097/3865/2649
f 1881/2829/2165 1568/2253/1778 238/3900/2659
f 238/309/260 241/312/263 1883/2834/2170
f 851/1163/942 1831/2714/2096 849/2817/2157
f 851/1163/942 849/2817/2157 395/1161/941
f 535/726/596 1130/2495/1948 1999/3146/2352
f 535/726/596 1999/3146/2352 2053/3302/2435
f 1479/3901/1670 2048/3902/2426 379/506/418
f 1479/3901/1670 379/506/418 1477/2106/1672
f 866/3546/957 2107/3545/2548 1990/3836/2338
f 866/1179/957 1990/3116/2338 864/1177/955
f 1904/3574/2555 2030/3225/2394 1967/3575/2295
f 1904/2880/2196 1967/3039/2295 1903/2879/2195
f 1969/3055/2304 1984/3445/2496 126/2651/136
f 1969/3055/2304 126/2651/136 1238/1723/1380
f 2132/3903/2606 2133/3784/2608 1021/3786/1134
f 2132/3903/2606 1021/3786/1134 401/3899/441
f 877/1864/1491 1622/3308/1844 713/3904/793
f 877/1202/971 713/1199/793 875/1198/969
f 147/187/157 2078/3408/2478 1551/2224/1757
f 147/187/157 1551/2224/1757 146/186/156
